"academic_year","finance_code","club_name","event_name","start_date","finish_date","vat_status","cost_centre","source_sheet","source_row"
"2025-26","EVENT","Club Name","Event Name","Start Date","Finish Date (if relevant)","VAT STATUS","COST CENTRE","Finance Code Directory (2025-26","8"
"2025-26","5295","Student Association (Central)","Fall Festival","","","X","","Finance Code Directory (2025-26","9"
"2025-26","5296","Student Association (Central)","Coin Vote Transfer","","","X","","Finance Code Directory (2025-26","10"
"2025-26","5298","AI & Data Society","Info Session","","","X","","Finance Code Directory (2025-26","11"
"2025-26","5299","China Club","CBAIA X LBS: UK Women in AI Leadership Forum","","","S","","Finance Code Directory (2025-26","12"
"2025-26","5300","Geopolitics & Business Society","Business of Defence Conference","","","","","Finance Code Directory (2025-26","13"
"2025-26","5301","Investment Management Club","LBS Stock Pitch Competition 1","","","X","","Finance Code Directory (2025-26","14"
"2025-26","5302","Investment Management Club","LBS Stock Pitch Competition 2","","","X","","Finance Code Directory (2025-26","15"
"2025-26","5304","Middle East & North Africa Club","MENA Welcome Dinner","","","X","","Finance Code Directory (2025-26","16"
"2025-26","5305","Entrepreneurship through Acquisition Society","EtA Club Kick-Off","","","X","","Finance Code Directory (2025-26","17"
"2025-26","5306","Geopolitics & Business Society","Business of Defence Conference","","","S","","Finance Code Directory (2025-26","18"
"2025-26","5307","Middle East & North Africa Club","Club Fair MENA","","","X","","Finance Code Directory (2025-26","19"
"2025-26","5308","Tech & Media Club","Club kickoff","","","X","","Finance Code Directory (2025-26","20"
"2025-26","5309","Blockchain Society/Club","Chainlink Event","","","X","","Finance Code Directory (2025-26","21"
"2025-26","5310","Private Equity & Venture Capital Club","Onefinnet Elevate","","","","5310 is already in use by SOCIAL IMPACT CLUB General Exempt pls add a new the request to BIGIN","Finance Code Directory (2025-26","22"
"2025-26","5311","Sundowners","Sundowners Events","","","S","","Finance Code Directory (2025-26","23"
"2025-26","5312","Private Equity & Venture Capital Club","Onefinnet Elevate","","","X","","Finance Code Directory (2025-26","24"
"2025-26","5313","People Strategy Club","Archetype Effect Speaker","","","X","","Finance Code Directory (2025-26","25"
"2025-26","5314","Board Games Club","Teen Patti","","","X","","Finance Code Directory (2025-26","26"
"2025-26","5319","Scuba Society","Malta Certification Trek","","","X","S5020","Finance Code Directory (2025-26","27"
"2025-26","5315","Out In Business","Community Events 2025","","","S","","Finance Code Directory (2025-26","28"
"2025-26","5317","Out In Business","DEI 2025","","","X","","Finance Code Directory (2025-26","29"
"2025-26","5318","Out In Business","President's Office 2025","","","X","","Finance Code Directory (2025-26","30"
"2025-26","5320","Student Association (Central","International Movie Night","","","","5320 is already in use by North American CLUB General Exempt pls add a new the request to BIGIN","Finance Code Directory (2025-26","31"
"2025-26","5321","AI & Data Club","Mind the Gap (Series)","","","S","","Finance Code Directory (2025-26","32"
"2025-26","5322","Private Equity & Venture Capital Club","Entrepreneurship in PE Trek","","","X","","Finance Code Directory (2025-26","33"
"2025-26","5323","Nordic Club","Nordic Club Welcome","","","X","","Finance Code Directory (2025-26","34"
"2025-26","5324","Private Equity & Venture Capital Club","PEVC NY PE Trek","","","X","","Finance Code Directory (2025-26","35"
"2025-26","5325","Basketball Club","Basketball court equipment for court runs","","","X","","Finance Code Directory (2025-26","36"
"2025-26","5326","Women's Rughby Club","Pink Pony Pub Crawl","","","X","","Finance Code Directory (2025-26","37"
"2025-26","5327","Tech & Media Club","AI Conference","","","S","","Finance Code Directory (2025-26","38"
"2025-26","5328","Board Games Club","Poker Night","","","X","","Finance Code Directory (2025-26","39"
"2025-26","5329","Sports Business Club","Germany Trek","","","X","","Finance Code Directory (2025-26","40"
"2025-26","5045","Student Association (Central)","Battle of the Streams","","","S","","Finance Code Directory (2025-26","41"
"2025-26","5331","Student Association (Central)","Career Leaders","","","X","","Finance Code Directory (2025-26","42"
"2025-26","5332","MiFFT Stream A","Networking","","","X","S100","Finance Code Directory (2025-26","43"
"2025-26","5333","MiFFT Stream B","Networking","","","X","S100","Finance Code Directory (2025-26","44"
"2025-26","5334","MiFPT Year 1","Networking","","","X","S100","Finance Code Directory (2025-26","45"
"2025-26","5335","MiFPT Year 2","Networking","","","X","S100","Finance Code Directory (2025-26","46"
"2025-26","5336","MBA Year 1 Stream A","Networking","","","X","S100","Finance Code Directory (2025-26","47"
"2025-26","5337","MBA Year 1 Stream B","Networking","","","X","S100","Finance Code Directory (2025-26","48"
"2025-26","5338","MBA Year 1 Stream C","Networking","","","X","S100","Finance Code Directory (2025-26","49"
"2025-26","5339","MBA Year 1 Stream D","Networking","","","X","S100","Finance Code Directory (2025-26","50"
"2025-26","5341","MBA Year 1 Stream E","Networking","","","X","S100","Finance Code Directory (2025-26","51"
"2025-26","5342","MBA Year 2 Stream A","Networking","","","X","S100","Finance Code Directory (2025-26","52"
"2025-26","5343","MBA Year 2 Stream B","Networking","","","X","S100","Finance Code Directory (2025-26","53"
"2025-26","5344","MBA Year 2 Stream C","Networking","","","X","S100","Finance Code Directory (2025-26","54"
"2025-26","5345","MBA Year 2 Stream D","Networking","","","X","S100","Finance Code Directory (2025-26","55"
"2025-26","5346","MBA Year 2 Stream E","Networking","","","X","S100","Finance Code Directory (2025-26","56"
"2025-26","5347","1 Year MBA","Networking","","","X","S100","Finance Code Directory (2025-26","57"
"2025-26","5348","MBA Year 1 Stream F","Networking","","","X","S100","Finance Code Directory (2025-26","58"
"2025-26","5349","MBA Year 2 Stream F","Networking","","","X","S100","Finance Code Directory (2025-26","59"
"2025-26","5351","OUT IN BUSINESS CLUB","General Sponsorships","","","S","","Finance Code Directory (2025-26","60"
"2025-26","5352","Japan Club","General Sponsorships","","","S","","Finance Code Directory (2025-26","61"
"2025-26","5353","PRIVATE EQUITY & VENTURE CAPIT","General Sponsorships","","","S","","Finance Code Directory (2025-26","62"
"2025-26","5354","Middle East & North Africa (MENA) Club","General Sponsorships","","","S","","Finance Code Directory (2025-26","63"
"2025-26","5355","India Club","General Sponsorships","","","S","","Finance Code Directory (2025-26","64"
"2025-26","5356","CHINA CLUB","General Sponsorships","","","S","","Finance Code Directory (2025-26","65"
"2025-26","5357","Israel Club","General Sponsorships","","","S","","Finance Code Directory (2025-26","66"
"2025-26","5358","Finance Club","General Sponsorships","","","S","","Finance Code Directory (2025-26","67"
"2025-26","5359","Real Estate Club","General Sponsorships","","","S","","Finance Code Directory (2025-26","68"
"2025-26","5361","Africa Club","General Sponsorships","","","S","","Finance Code Directory (2025-26","69"
"2025-26","5362","STUDENT ASSOCIATION CENTRAL","General Sponsorships","","","S","","Finance Code Directory (2025-26","70"
"2025-26","5363","Energy Club","General Sponsorships","","","S","","Finance Code Directory (2025-26","71"
"2025-26","5364","SOCIAL IMPACT CLUB","General Sponsorships","","","S","","Finance Code Directory (2025-26","72"
"2025-26","5365","Infrastructure & Construction Club","General Sponsorships","","","S","","Finance Code Directory (2025-26","73"
"2025-26","5366","Entrepreneurship through Acquisition Club","General Sponsorships","","","S","","Finance Code Directory (2025-26","74"
"2025-26","5367","Geopolitics & Business Society","General Sponsorships","","","S","","Finance Code Directory (2025-26","75"
"2025-26","5368","Entrepreneurship club","General Sponsorships","","","S","","Finance Code Directory (2025-26","76"
"2025-26","5369","Healthcare Club","General Sponsorships","","","S","","Finance Code Directory (2025-26","77"
"2025-26","5371","GSA (GERMAN, SWISS & AUSTRIAN) Club ---Dach","General Sponsorships","","","S","","Finance Code Directory (2025-26","78"
"2025-26","5372","Retail & Luxury Goods Club","General Sponsorships","","","S","","Finance Code Directory (2025-26","79"
"2025-26","5373","Women In Business Club","General Sponsorships","","","S","","Finance Code Directory (2025-26","80"
"2025-26","5374","Latin America Club","General Sponsorships","","","S","","Finance Code Directory (2025-26","81"
"2025-26","5375","BLOCKCHAIN CLUB","General Sponsorships","","","S","","Finance Code Directory (2025-26","82"
"2025-26","5376","Student Association (Central)","SA - Cinema night","","","X","","Finance Code Directory (2025-26","83"
"2025-26","5377","Finance Club","Donation","","","X","","Finance Code Directory (2025-26","84"
"2025-26","5378","Finance Club","Kick-off","","","X","","Finance Code Directory (2025-26","85"
"2025-26","5379","Future of Mobility Club","Club Social - Pub Night","","","X","","Finance Code Directory (2025-26","86"
"2025-26","5381","Scuba Society","Tenerife Diving Trek","","","X","S5020","Finance Code Directory (2025-26","87"
"2025-26","5382","Scuba Society","Scuba Trek","","","X","S5020","Finance Code Directory (2025-26","88"
"2025-26","5383","Scuba Society","Scuba Society Kick Off","","","X","S5020","Finance Code Directory (2025-26","89"
"2025-26","5384","Running Club","Club Merchandise","","","S","","Finance Code Directory (2025-26","90"
"2025-26","5385","Running Club","Running Club Fair","","","X","","Finance Code Directory (2025-26","91"
"2025-26","5386","Latin America (Latam) Club","Dia de Muertos Dinner Party","","","X","","Finance Code Directory (2025-26","92"
"2025-26","5387","People Strategy Club","Insights from VC Talent Leaders","","","X","","Finance Code Directory (2025-26","93"
"2025-26","5388","People Strategy Club","Leadership Lab","","","X","","Finance Code Directory (2025-26","94"
"2025-26","5389","Student Association (Central) - Dubai","Social Event - Dubai","","","X","S100","Finance Code Directory (2025-26","95"
"2025-26","5391","Design & Innovation Club","Fireside Chat Event","","","X","","Finance Code Directory (2025-26","96"
"2025-26","5392","Africa Club","Securing a Summer Internship X Fintech Careers Evening","","","X","","Finance Code Directory (2025-26","97"
"2025-26","5393","Africa Club","Africa Club Movie Night","","","X","","Finance Code Directory (2025-26","98"
"2025-26","5394","Board Games Club","Event Prize Disbursement","","","X","","Finance Code Directory (2025-26","99"
"2025-26","5395","Middle East & North Africa (MENA) Club","MENA Exco Dinner","","","X","","Finance Code Directory (2025-26","100"
"2025-26","5396","Asia Club","Asia Club Trek","","","S","","Finance Code Directory (2025-26","101"
"2025-26","5397","Latin America (Latam) Club","Latam Welcome Party","","","X","","Finance Code Directory (2025-26","102"
"2025-26","5398","Portugal Club","Portugal Club - Welcome Drinks","","","X","","Finance Code Directory (2025-26","103"
"2025-26","5399","Acting & Comedy Club","Video Productions","","","X","","Finance Code Directory (2025-26","104"
"2025-26","5401","Social Impact Club","Building a Purpose-Driven Career","","","X","","Finance Code Directory (2025-26","105"
"2025-26","5402","Australia and New Zealand (ANZ) Club","ANZ EoY Sunday Roast","","","X","","Finance Code Directory (2025-26","106"
"2025-26","5403","China Club","Tea Tasting Workshop","","","X","","Finance Code Directory (2025-26","107"
"2025-26","5404","Student Association (Central)","SA Incoming Students kick-off","","","X","","Finance Code Directory (2025-26","108"
"2025-26","5405","Golf Club","Golf Club Kick off","","","X","","Finance Code Directory (2025-26","109"
"2025-26","5406","Entrepreneurship Club","eShop","","","S","","Finance Code Directory (2025-26","110"
"2025-26","5407","Entrepreneurship Club","Startup Trek","","","X","","Finance Code Directory (2025-26","111"
"2025-26","5408","Boxing Society","Boxing Training","","","X","","Finance Code Directory (2025-26","112"
"2025-26","5409","Tech & Media Club","Trek","","","X","","Finance Code Directory (2025-26","113"
"2025-26","5411","DACH (Germany Switzerland & Austria) Club --GSA","Recruiting Events","","","X","","Finance Code Directory (2025-26","114"
"2025-26","5412","Student Association (Central)","ToyDrive","","","X","","Finance Code Directory (2025-26","115"
"2025-26","5413","Wellbeing Club","Wellness Events","","","X","","Finance Code Directory (2025-26","116"
"2025-26","5414","Entrepreneurship Club","Podcast","","","X","","Finance Code Directory (2025-26","117"
"2025-26","5415","Private Equity & Venture Capital Club","Left Lane Corporate Presentation","","","X","","Finance Code Directory (2025-26","118"
"2025-26","5416","Entrepreneurship Club","ExCo Social","","","X","","Finance Code Directory (2025-26","119"
"2025-26","5417","Running Club","Community Run","","","X","","Finance Code Directory (2025-26","120"
"2025-26","5418","Cycling Club","Girona trek","","","X","","Finance Code Directory (2025-26","121"
"2025-26","5419","Middle East & North Africa Club","MENA Club Party - Alf Layla Wa Layla","","","X","","Finance Code Directory (2025-26","122"
"2025-26","5421","Portugal Club","Club Dinner","","","X","","Finance Code Directory (2025-26","123"
"2025-26","5422","Private Equity & Venture Capital Club","PE Exco 2025 Kick off","","","X","","Finance Code Directory (2025-26","124"
"2025-26","5423","Tech & Media Club","Coffee chats","","","X","","Finance Code Directory (2025-26","125"
"2025-26","5424","Tech & Media Club","Media Gathering","","","X","","Finance Code Directory (2025-26","126"
"2025-26","5425","FOODIE CLUB","FoodieTrek","","","X","","Finance Code Directory (2025-26","127"
"2025-26","5426","Sailing Club","Sailing Kit","","","X","","Finance Code Directory (2025-26","128"
"2025-26","5427","Women in Business Club","Social Activities","","","X","","Finance Code Directory (2025-26","129"
"2025-26","5428","Africa Business Club","ABC Exco Dinner","","","X","","Finance Code Directory (2025-26","130"
"2025-26","5429","Blockchain Society","London Blockchain Summit 2026","","","S","","Finance Code Directory (2025-26","131"
"2025-26","5431","Student Association (Central)","SA Advocacy - Trivia Nights","","","X","","Finance Code Directory (2025-26","132"
"2025-26","5432","Korea Club","2025 Soju Night","","","S","","Finance Code Directory (2025-26","133"
"2025-26","5433","Volunteers Club","Venue Booking","","","X","","Finance Code Directory (2025-26","134"
"2025-26","5434","DACH (Germany Switzerland & Austria) Club","Switzerland PE Trek","","","S","","Finance Code Directory (2025-26","135"
"2025-26","5435","DACH (Germany Switzerland & Austria) Club","Germany Consulting Trek","","","S","","Finance Code Directory (2025-26","136"
"2025-26","5436","DACH (Germany Switzerland & Austria) Club","Germany PE Trek","","","S","","Finance Code Directory (2025-26","137"
"2025-26","5437","Rugby Club","Pitch Bookings","","","X","","Finance Code Directory (2025-26","138"
"2025-26","5438","Art & Business Club","The Business of Global Film & Media Production","","","X","","Finance Code Directory (2025-26","139"
"2025-26","5439","India Club","Merchandise","","","X","","Finance Code Directory (2025-26","140"
"2025-26","5441","Entrepreneurship through Acquisition Society","Introduction to the year","","","X","","Finance Code Directory (2025-26","141"
"2025-26","5442","Southeast Asia Club","LBS SEA Mentoring Programme Kick-off","","","X","","Finance Code Directory (2025-26","142"
"2025-26","5443","Africa Business Club","ABC Games Night","","","X","","Finance Code Directory (2025-26","143"
"2025-26","5444","Student Association (Central)","World Alumni Council Meeting","","","X","","Finance Code Directory (2025-26","144"
"2025-26","5445","Tech & Media Club","Planhat_recruitment","","","S","","Finance Code Directory (2025-26","145"
"2025-26","5446","Women in Business Club","WiB Alumni Holiday Party","","","X","","Finance Code Directory (2025-26","146"
"2025-26","5447","AI & Data Society","General Sponsorships","","","S","","Finance Code Directory (2025-26","147"
"2025-26","5448","Infrastructure & Construction Club","Fireside Chat with Dartmouth Partners on Infrastructure PE R","","","X","","Finance Code Directory (2025-26","148"
"2025-26","5449","Brazil Club","Samba Band - Sundowners & Brazil Club Colab","","","X","","Finance Code Directory (2025-26","149"
"2025-26","5451","Middle East & North Africa Club","Ramadan Iftar","","","X","","Finance Code Directory (2025-26","150"
"2025-26","5452","Healthcare Club","Health Tech Challenge website and domain fee","","","X","","Finance Code Directory (2025-26","151"
"2025-26","5453","Art & Business Club","Pottery Paint & Sip","","","X","","Finance Code Directory (2025-26","152"
"2025-26","5454","Wine & Spirits Club","Red Light, Green Light: V-Day Mixer with Vagabond Wines","","","X","","Finance Code Directory (2025-26","153"
"2025-26","5455","Sailing Club","Global MBA Trophy 2026","","","X","","Finance Code Directory (2025-26","154"
"2025-26","5456","Golf Club","WiB x Golf Club beginner clinics","","","X","","Finance Code Directory (2025-26","155"
"2025-26","5457","Golf Club","Golf Trek 2026","","","X","","Finance Code Directory (2025-26","156"
"2025-26","5458","Infrastructure & Construction Club","Infrastructure Valuation Training by Deloitte","","","X","","Finance Code Directory (2025-26","157"
"2025-26","5459","DACH (Germany Switzerland & Austria) Club","Karneval 2026","","","X","","Finance Code Directory (2025-26","158"
"2025-26","5461","Future of Mobility Club","On-Campus Social Event","","","X","","Finance Code Directory (2025-26","159"
"2025-26","5462","Future of Mobility Club","Go Karting Event","","","X","","Finance Code Directory (2025-26","160"
"2025-26","5463","Future of Mobility Club","Speaker Event on Campus","","","X","","Finance Code Directory (2025-26","161"
"2025-26","5464","Portugal Club","Tattoo Food","","","S","","Finance Code Directory (2025-26","162"
"2025-26","5465","Turnaround & Restructuring Club","TMRC X Haselhorst Associates","","","X","","Finance Code Directory (2025-26","163"
"2025-26","5466","Sports Business Club","QPR Trek","","","X","","Finance Code Directory (2025-26","164"
"2025-26","5467","Infrastructure & Construction Club","2026 LBS Infrastructure Conference","","","X","","Finance Code Directory (2025-26","165"
"2025-26","5468","Wine & Spirits Club","Left Bank Bordeaux Cup","","","X","","Finance Code Directory (2025-26","166"
"2025-26","5469","Asia Club","Lunar New Year Celebrations","","","X","","Finance Code Directory (2025-26","167"
"2025-26","5471","Social Impact Club","East Africa Impact Trek","","","X","","Finance Code Directory (2025-26","168"
"2025-26","5472","Social Impact Club","Stockholm Sustainability Trek","","","X","","Finance Code Directory (2025-26","169"
"2025-26","5473","Acting Comedy Club","Musicals","","","X","","Finance Code Directory (2025-26","170"
"2025-26","5474","Turnaround & Restructuring Club","TMRC x Adam Plainer","","","X","","Finance Code Directory (2025-26","171"
"2025-26","5475","Marketing & Strategy Club","Pulse","","","S","","Finance Code Directory (2025-26","172"
"2025-26","5476","Korea Club","Tattoo 2026 - Korea Club","","","X","","Finance Code Directory (2025-26","173"
"2025-26","5477","Infrastructure & Construction Club","Alba Infra Partners Info Session","","","X","","Finance Code Directory (2025-26","174"
"2025-26","5478","Social Impact Club","Annual Conference","","","S","","Finance Code Directory (2025-26","175"
"2025-26","5479","Private Equity & Venture Capital Club","Inside AI and Deep Tech Investing with Cherry Ventures Principal","","","X","","Finance Code Directory (2025-26","176"
"2025-26","5481","Social Impact Club","Social Event - Conference Team","","","X","","Finance Code Directory (2025-26","177"
"2025-26","5482","Japan Club","Revamp Corporation","","","X","","Finance Code Directory (2025-26","178"
"2025-26","5483","Basketball Club","Basketball club social","","","X","","Finance Code Directory (2025-26","179"
"2025-26","5484","Family Business Club","Family Business Conference","","","S","","Finance Code Directory (2025-26","180"
"2025-26","5485","Rugby Club","Long Tour","","","S","","Finance Code Directory (2025-26","181"
"2025-26","5486","Tech & Media Club","Skills Workshop","","","X","","Finance Code Directory (2025-26","182"
"2025-26","5487","Sailing Club","ICC Trek 2026","","","X","","Finance Code Directory (2025-26","183"
"2025-26","5488","Infrastructure & Construction Club","ICC Trek 2026","","","X","","Finance Code Directory (2025-26","184"
"2025-26","5489","Sailing Club","Polimi GSOM Regatta in Sardinia","","","X","","Finance Code Directory (2025-26","185"
"2025-26","5491","Sailing Club","Sailing Socials","","","X","","Finance Code Directory (2025-26","186"
"2025-26","5492","Private Equity & Venture Capital Club","Credit Speaker Series","","","X","","Finance Code Directory (2025-26","187"
"2025-26","5493","Beauty Society","Puig London Office Visit","","","X","","Finance Code Directory (2025-26","188"
"2025-26","5494","Investment Management Club","Student Investment Fund Social Event","","","X","","Finance Code Directory (2025-26","189"
"2025-26","5495","Nordic Club","Nordic Party Bus","","","X","","Finance Code Directory (2025-26","190"
"2025-26","5496","China Club","Networking Workshops","","","S","","Finance Code Directory (2025-26","191"
"2025-26","5497","Expedition Club","Kilimanjaro Trek","","","X","","Finance Code Directory (2025-26","192"
"2025-26","5498","Student Association (Central)","Tax consultancy services","","","X","","Finance Code Directory (2025-26","193"
"2025-26","5499","Student Association (Central)","Emerging Communities Fund","","","X","","Finance Code Directory (2025-26","194"
"2025-26","5501","Beauty Society","Careers in Global Beauty: L’Oréal Leadership & Talent Engagement at LBS","","","S","","Finance Code Directory (2025-26","195"
"2025-26","5502","Portugal Club","Portugal Trek","","","S","","Finance Code Directory (2025-26","196"
"2025-26","5503","Rugby Club","Socials","","","X","","Finance Code Directory (2025-26","197"
"2025-26","5504","Middle East & North Africa Club","MENA Conference","","","X","","Finance Code Directory (2025-26","198"
"2025-26","5505","Private Equity & Venture Capital Club","Due Diligence Series with Deloitte","","","X","","Finance Code Directory (2025-26","199"
"2025-26","5506","Women's Touch Rugby Club","Pub Trivia - Leopards x Hawaiians x OiB","","","X","","Finance Code Directory (2025-26","200"
"2025-26","5507","Middle East & North Africa Club","MENA Tattoo","","","X","","Finance Code Directory (2025-26","201"
"2025-26","5508","Beauty Society","PUIG visist","","","X","","Finance Code Directory (2025-26","202"
"2025-26","5509","Southeast Asia Club","Tattoo","","","X","","Finance Code Directory (2025-26","203"
"2025-26","5510","Investment Management Club","IMC Alumni Networking Event","","","X","","Finance Code Directory (2025-26","204"
"2025-26","5511","Student Association (Central)","SA Fee","","","S","","Finance Code Directory (2025-26","205"
"2025-26","5512","Art & Business Club","Cannes Art & Business Trek","","","X","","Finance Code Directory (2025-26","206"
"2025-26","5513","Healthcare Club","Healthcare Hackathon","","","S","","Finance Code Directory (2025-26","207"
"2025-26","5514","Southeast Asia Club","Luxury hospitality with SEA focus","","","X","","Finance Code Directory (2025-26","208"
"2025-26","5515","Latam Club","Donation","","","X","","Finance Code Directory (2025-26","209"
"2025-26","5516","Tech & Media Club","General Sponsorships","","","S","","Finance Code Directory (2025-26","210"
"2025-26","5517","Healthcare Club","Partnerships & Engagements","","","X","","Finance Code Directory (2025-26","211"
"2025-26","5518","Entrepreneurship Club","Donation","","","X","","Finance Code Directory (2025-26","212"
"2025-26","5519","Beauty Society","L'Oreal visit","","","X","","Finance Code Directory (2025-26","213"
"2025-26","5521","Real Estate Club","LBS Real Estate Conference 2026","","","S","","Finance Code Directory (2025-26","214"
"2025-26","5522","Mens Rugby Club","General Sponsorships","","","S","","Finance Code Directory (2025-26","215"
"2025-26","5523","Social Impact Club","Mentorship Programme Year End Mixer","","","X","","Finance Code Directory (2025-26","216"
"2025-26","5524","Commodities Club","Commodities Club Trek","","","X","","Finance Code Directory (2025-26","217"
"2025-26","5525","Sports Business Club","ExCo Gathering","","","X","","Finance Code Directory (2025-26","218"
"2025-26","5526","Sports Business Club","Nikki Doucet Event","","","X","","Finance Code Directory (2025-26","219"
"2025-26","5527","Latin America (Latam) Club","Latam Football Editions","","","X","","Finance Code Directory (2025-26","220"
"2025-26","5528","Entrepreneurship through Acquisition","Donation","","","X","","Finance Code Directory (2025-26","221"
"2024-25","EVENT","Club Name","Event Name","Start Date","Finish Date (if relevant)","VAT STATUS","COST CENTRE","Finance Code Directory (2024-25","8"
"2024-25","4937","Women's Football","End of Year & MBAT Celebration","","","X","","Finance Code Directory (2024-25","9"
"2024-25","4956","Brazil Club","Club_Kickoff","","","X","","Finance Code Directory (2024-25","10"
"2024-25","4957","Investment Management Club","LBS Stock Pitch Competition 2024.1","","","X","","Finance Code Directory (2024-25","11"
"2024-25","5005","Sailing Club","Regatta 2022","","","X","","Finance Code Directory (2024-25","12"
"2024-25","5007","Finance Club","Alumni Related Events","","","X","X125","Finance Code Directory (2024-25","13"
"2024-25","5008","Consulting Club","New Exco Meetup","","","X","X115","Finance Code Directory (2024-25","14"
"2024-25","5010","Geopolitics & Business Society","Pints & Politics","","","S","S528","Finance Code Directory (2024-25","15"
"2024-25","5011","Asia Club","Asia Club Welcome Session","","","X","X103","Finance Code Directory (2024-25","16"
"2024-25","5012","Energy & Environment Club","Global Energy Summit 2024","","","S","S118","Finance Code Directory (2024-25","17"
"2024-25","5013","Cycling Club","Meet The Cycling Club","","","S","S350","Finance Code Directory (2024-25","18"
"2024-25","5014","LatAm Club","LatAm Party","","","S","S150","Finance Code Directory (2024-25","19"
"2024-25","5015","Italian Club","Merchandise SA Club Fair 2024","","","S","S144","Finance Code Directory (2024-25","20"
"2024-25","5016","Italian Club","Italian Club - Welcome Aperitivo","","","S","S144","Finance Code Directory (2024-25","21"
"2024-25","5017","Women In Business","Women In Business Kick Off","","","X","X199","Finance Code Directory (2024-25","22"
"2024-25","5018","Women's Touch Rugby Club","2026S Welcome Drinks","","","S","S200","Finance Code Directory (2024-25","23"
"2024-25","5019","Women's Touch Rugby Club","Short Tour","","","X","X201","Finance Code Directory (2024-25","24"
"2024-25","5020","Boxing Society","Boxing Training All Stars","","","S","X243","Finance Code Directory (2024-25","25"
"2024-25","5021","Racket Sports Club","Weekly Court Expenses","","","S","S520","Finance Code Directory (2024-25","26"
"2024-25","5022","Japan Club","Sparkling Sake Night","","","S","S146","Finance Code Directory (2024-25","27"
"2024-25","5023","","SEA Picnic","","","X","","Finance Code Directory (2024-25","28"
"2024-25","5024","Consulting Club","LBS Case Competition","","","X","X115","Finance Code Directory (2024-25","29"
"2024-25","5025","Consulting Club","Consulting Club","","","S","S114","Finance Code Directory (2024-25","30"
"2024-25","5026","Consulting Club","Trainings Code","","","///","S114","Finance Code Directory (2024-25","31"
"2024-25","5027","Commodities Club","Intro to Commodities& Kickoff","","","X","X409","Finance Code Directory (2024-25","32"
"2024-25","5028","Military In Business Club","Regular Check-In Socials","","","X","X363","Finance Code Directory (2024-25","33"
"2024-25","5029","Boxing Society","Boxing Club Fair","","","X","X243","Finance Code Directory (2024-25","34"
"2024-25","5030","Art & Business Club","Art& Bus Club Info Session 25/26","","","X","X269","Finance Code Directory (2024-25","35"
"2024-25","5031","Finance Club","Club Kick Off","","","X","X125","Finance Code Directory (2024-25","36"
"2024-25","5032","Commodities Club","Commodities Trading 101 & Club KO","","","X","X409","Finance Code Directory (2024-25","37"
"2024-25","5033","Israel Club","Israel Club Culture Events","","","S","S142","Finance Code Directory (2024-25","38"
"2024-25","5034","Black In Business Club","Welcome Mixer & Cinema","","","S","S502","Finance Code Directory (2024-25","39"
"2024-25","5035","Middle East &North Africa Club","Kick Off Dinner","","","S","S156","Finance Code Directory (2024-25","40"
"2024-25","5036","Private Equity & Venture Capital Club","Entrepreneruship in PE Trek","","","X","X167","Finance Code Directory (2024-25","41"
"2024-25","5037","Infrastructure & Construction Club","Club Kick Off","","","X","X421","Finance Code Directory (2024-25","42"
"2024-25","5038","Women In Business Club","Kearney Women MBA Program Infor (MBA2026)","","","X","X199","Finance Code Directory (2024-25","43"
"2024-25","5039","Volleyball Club","Volleyball Exco Kick Off","","","X","X223","Finance Code Directory (2024-25","44"
"2024-25","5040","North America Club","Club Kick Off","","","X","X161","Finance Code Directory (2024-25","45"
"2024-25","5041","North America Club","NA Recruitment Panel","","","X","X161","Finance Code Directory (2024-25","46"
"2024-25","5050","North America Club","Exco Training","","","X","X161","Finance Code Directory (2024-25","47"
"2024-25","5051","North America Club","Thanksgiving Social","","","S","S160","Finance Code Directory (2024-25","48"
"2024-25","5052","Africa Business Club","Conference 2024","","","S","S104","Finance Code Directory (2024-25","49"
"2024-25","5053","Volleyball Club","Club Capex (PPE Replenishment)","","","X","X223","Finance Code Directory (2024-25","50"
"2024-25","5054","Student Association (Central)","Battle of the Streams","DO NOT USE - REDIRECT TO 5045","","S","S100","Finance Code Directory (2024-25","51"
"2024-25","5056","PEOPLE STRATEGY CLUB","Kick Off event","","","X","","Finance Code Directory (2024-25","52"
"2024-25","5058","Women In Business Club","EQUALL conference","","","X","","Finance Code Directory (2024-25","53"
"2024-25","5059","ART & BUSINESS CLUB","AiB Panel discu","","","X","","Finance Code Directory (2024-25","54"
"2024-25","5060","CENTRAL & EASTERN EUROPE CLUB","CEE Kickoff","","","X","","Finance Code Directory (2024-25","55"
"2024-25","5061","Middle East Club","MENA Club Arabic-themed","","","X","","Finance Code Directory (2024-25","56"
"2024-25","5062","BLACK IN BUSINESS CLUB","BiB leadership retreat","","","X","","Finance Code Directory (2024-25","57"
"2024-25","5063","Asia Club","Celebration with new excos","","","X","","Finance Code Directory (2024-25","58"
"2024-25","5064","CENTRAL & EASTERN EUROPE CLUB","CEE Kickoff","","","X","","Finance Code Directory (2024-25","59"
"2024-25","5065","Sailing Club","Annual Sailing Club","","","X","","Finance Code Directory (2024-25","60"
"2024-25","5066","Snow Club","ExCo series","","","X","","Finance Code Directory (2024-25","61"
"2024-25","5067","Asia Club","Food Series","","","X","","Finance Code Directory (2024-25","62"
"2024-25","5068","RACKET BALL CLUB","Social","","","X","","Finance Code Directory (2024-25","63"
"2024-25","5069","INFRASTRUCTURE & CONSTRUCTION","Provate Equity","","","X","","Finance Code Directory (2024-25","64"
"2024-25","5070","PEOPLE STRATEGY CLUB","From the Amazon to the Boardroom","","","X","","Finance Code Directory (2024-25","65"
"2024-25","5071","WELLBEING CLUB","Fall term events","","","X","","Finance Code Directory (2024-25","66"
"2024-25","5072","Family Business Club","FBC student networking","","","X","","Finance Code Directory (2024-25","67"
"2024-25","5073","Women In Business Club","WiB Advocacy","","","X","","Finance Code Directory (2024-25","68"
"2024-25","5074","Women In Business Club","WiB Professional Development","","","X","","Finance Code Directory (2024-25","69"
"2024-25","5075","Marketing Club","Big Mix","","","X","","Finance Code Directory (2024-25","70"
"2024-25","5076","Running Club","Run in the Dark","","","X","","Finance Code Directory (2024-25","71"
"2024-25","5077","Japan Club","Career info session","","","X","","Finance Code Directory (2024-25","72"
"2024-25","5078","Japan Club","Japan Summit 2024","","","X","","Finance Code Directory (2024-25","73"
"2024-25","5079","PRIVATE EQUITY & VENTURE CAPIT","Eight Roads Speaker","","","X","","Finance Code Directory (2024-25","74"
"2024-25","5080","Geopolitics & Business Society","Social Gathering","","","X","","Finance Code Directory (2024-25","75"
"2024-25","5081","FOODIE CLUB","Restaurant visdit","","","X","","Finance Code Directory (2024-25","76"
"2024-25","5082","Italian Club","Italian Dinner","","","X","","Finance Code Directory (2024-25","77"
"2024-25","5083","Golf Club","2025 Kickoff","","","X","","Finance Code Directory (2024-25","78"
"2024-25","5084","Finance Club","Speaker event","","","X","","Finance Code Directory (2024-25","79"
"2024-25","5085","INFRASTRUCTURE & CONSTRUCTION","Infra speaker series","","","X","","Finance Code Directory (2024-25","80"
"2024-25","5086","INFRASTRUCTURE & CONSTRUCTION","Infra speaker - Zenobe","","","X","","Finance Code Directory (2024-25","81"
"2024-25","5087","Ultimate Frisbee","CAPEX - inventory restocking","","","X","","Finance Code Directory (2024-25","82"
"2024-25","5088","PRIVATE EQUITY & VENTURE CAPIT","Break into PE","","","X","","Finance Code Directory (2024-25","83"
"2024-25","5089","PRIVATE EQUITY & VENTURE CAPIT","The Mintz Group","","","X","","Finance Code Directory (2024-25","84"
"2024-25","5090","PRIVATE EQUITY & VENTURE CAPIT","Eight Roads Presentation","","","X","","Finance Code Directory (2024-25","85"
"2024-25","5091","Golf Club","Exco Evnets 2025","","","X","","Finance Code Directory (2024-25","86"
"2024-25","5092","PRIVATE EQUITY & VENTURE CAPIT","PE Case Study","","","X","","Finance Code Directory (2024-25","87"
"2024-25","5093","PRIVATE EQUITY & VENTURE CAPIT","Wall St prep","","","X","","Finance Code Directory (2024-25","88"
"2024-25","5094","ART & BUSINESS CLUB","Exco Gathering","","","X","","Finance Code Directory (2024-25","89"
"2024-25","5095","COMMODITIES CLUB","Speaker Series with Hartree","","","X","","Finance Code Directory (2024-25","90"
"2024-25","5096","CHINA CLUB","Kick Off event","","","X","","Finance Code Directory (2024-25","91"
"2024-25","5097","Ultimate Frisbee","CAPEX replenishment","","","X","","Finance Code Directory (2024-25","92"
"2024-25","5098","Volleyball Club","Volleyball first social","","","X","","Finance Code Directory (2024-25","93"
"2024-25","5099","DESIGN & INNOVATION CLUB","Club Kickoff","","","X","","Finance Code Directory (2024-25","94"
"2024-25","5100","Finance Club","General Training & Sharing","","","X","","Finance Code Directory (2024-25","95"
"2024-25","5101","NORTH AMERICAN CLUB","Recruitment Prep","","","X","","Finance Code Directory (2024-25","96"
"2024-25","5102","EXPEDITION CLUB","Arctic Trek","","","X","","Finance Code Directory (2024-25","97"
"2024-25","5103","EXPEDITION CLUB","Local Hikes","","","X","","Finance Code Directory (2024-25","98"
"2024-25","5104","Korea Club","Soju Night 2024","","","X","","Finance Code Directory (2024-25","99"
"2024-25","5105","Football (Men's) Club","Fifa Tournament","","","X","","Finance Code Directory (2024-25","100"
"2024-25","5106","Spanish Club","Speaker series 2025","","","X","","Finance Code Directory (2024-25","101"
"2024-25","5107","GSA (GERMAN, SWISS & AUSTRIAN)","Club Socials","","","X","","Finance Code Directory (2024-25","102"
"2024-25","5108","GSA (GERMAN, SWISS & AUSTRIAN)","Club Speaker Series","","","X","","Finance Code Directory (2024-25","103"
"2024-25","5109","GSA (GERMAN, SWISS & AUSTRIAN)","Swiss Pe Trek","","","X","","Finance Code Directory (2024-25","104"
"2024-25","5110","GSA (GERMAN, SWISS & AUSTRIAN)","Germany Trek","","","X","","Finance Code Directory (2024-25","105"
"2024-25","5111","SOCIAL IMPACT CLUB","CEO of Earthshot Prize","","","X","","Finance Code Directory (2024-25","106"
"2024-25","5112","STUDENT ASSOCIATION CENTRAL","SA Alumni pillar","","","X","","Finance Code Directory (2024-25","107"
"2024-25","5113","ART & BUSINESS CLUB","Movie Screening","","","X","","Finance Code Directory (2024-25","108"
"2024-25","5114","PRIVATE EQUITY & VENTURE CAPIT","Launching your Own Fund at 30","","","X","","Finance Code Directory (2024-25","109"
"2024-25","5115","STUDENT ASSOCIATION CENTRAL","SA Social Pillar","","","X","","Finance Code Directory (2024-25","110"
"2024-25","5116","Sailing Club","Sailing social","","","X","","Finance Code Directory (2024-25","111"
"2024-25","5117","Brazil Club","Kickoff","","","S","","Finance Code Directory (2024-25","112"
"2024-25","5118","STUDENT ASSOCIATION CENTRAL","Alumni Sundowners","","","S","","Finance Code Directory (2024-25","113"
"2024-25","5119","Cricket Club","Marketing Expense","","","X","","Finance Code Directory (2024-25","114"
"2024-25","5120","ART & BUSINESS CLUB","Sip and Paint","","","S","","Finance Code Directory (2024-25","115"
"2024-25","5121","Rugby (Womens) Club","Coaching","","","X","","Finance Code Directory (2024-25","116"
"2024-25","5122","Marketing Club","Company Visit","","","S","","Finance Code Directory (2024-25","117"
"2024-25","5123","India Club","India Conference","","","S","","Finance Code Directory (2024-25","118"
"2024-25","5124","SouthEast Asia","SEAcret Santa","","","S","","Finance Code Directory (2024-25","119"
"2024-25","5125","SouthEast Asia","Business Case Competiton","","","X","","Finance Code Directory (2024-25","120"
"2024-25","5126","INFRASTRUCTURE & CONSTRUCTION","Nomura - Guest Speaker","","","X","","Finance Code Directory (2024-25","121"
"2024-25","5127","Entrepreneurship Club","MENA","","","S","","Finance Code Directory (2024-25","122"
"2024-25","5128","FLII Club","New Exco Dinner","","","X","","Finance Code Directory (2024-25","123"
"2024-25","5129","Volunteer Club","Fundraising","","","X","","Finance Code Directory (2024-25","124"
"2024-25","5130","AFRICA BUSINESS","Africa Business Club Hangout","","","X","","Finance Code Directory (2024-25","125"
"2024-25","5131","Future of Mobility","Future - ExCo only","","","X","","Finance Code Directory (2024-25","126"
"2024-25","5132","PRIVATE EQUITY & VENTURE CAPIT","Master of the Art of Term Sheet Negotiation","","","X","","Finance Code Directory (2024-25","127"
"2024-25","5133","STUDENT ASSOCIATION CENTRAL","Sustainablity Pillar","","","X","","Finance Code Directory (2024-25","128"
"2024-25","5134","Women In Business Club","WiB Community","","","X","","Finance Code Directory (2024-25","129"
"2024-25","5135","Entrepreneurship through Acquisition","ETA conference","","","X","","Finance Code Directory (2024-25","130"
"2024-25","5136","Entrepreneurship through Acquisition","ETA Treks","","","X","","Finance Code Directory (2024-25","131"
"2024-25","5137","Entrepreneurship through Acquisition","ETA Speaker","","","X","","Finance Code Directory (2024-25","132"
"2024-25","5138","Entrepreneurship through Acquisition","ExCo Socials","","","X","","Finance Code Directory (2024-25","133"
"2024-25","5139","Blockchain","Conference","","","S","","Finance Code Directory (2024-25","134"
"2024-25","5140","STUDENT ASSOCIATION CENTRAL","TEDx Student speaker","","","X","","Finance Code Directory (2024-25","135"
"2024-25","5141","STUDENT ASSOCIATION CENTRAL","TEDx","","","S","","Finance Code Directory (2024-25","136"
"2024-25","5142","PRIVATE EQUITY & VENTURE CAPIT","Speaker's holiday gifts","","","X","","Finance Code Directory (2024-25","137"
"2024-25","5143","Women's  Football","Professional Match","","","X","","Finance Code Directory (2024-25","138"
"2024-25","5144","ART & BUSINESS CLUB","Architectural Tour","","","X","","Finance Code Directory (2024-25","139"
"2024-25","5145","Black in Business","BiB Afrobeats party","","","X","","Finance Code Directory (2024-25","140"
"2024-25","5146","INFRASTRUCTURE & CONSTRUCTION","ISS - Financing Football","","","X","","Finance Code Directory (2024-25","141"
"2024-25","5147","Wine & Spirits","Beer Trek","","","X","","Finance Code Directory (2024-25","142"
"2024-25","5148","PRIVATE EQUITY & VENTURE CAPIT","Fireside Chat with Stephan Etroy","","","X","","Finance Code Directory (2024-25","143"
"2024-25","5149","Italian Club","Speaker Event","","","X","","Finance Code Directory (2024-25","144"
"2024-25","5150","Middle East","Welcome Event","","","X","","Finance Code Directory (2024-25","145"
"2024-25","5151","PRIVATE EQUITY & VENTURE CAPIT","VC/Growth Workshop","","","X","","Finance Code Directory (2024-25","146"
"2024-25","5152","PRIVATE EQUITY & VENTURE CAPIT","Private Credit Trek","","","X","","Finance Code Directory (2024-25","147"
"2024-25","5153","Sailing Club","2025 Athens Regatta","","","X","","Finance Code Directory (2024-25","148"
"2024-25","5154","STUDENT ASSOCIATION CENTRAL","Young Alumni","","","X","","Finance Code Directory (2024-25","149"
"2024-25","5155","STUDENT ASSOCIATION CENTRAL","Education Pillar","","","X","","Finance Code Directory (2024-25","150"
"2024-25","5156","STUDENT ASSOCIATION CENTRAL","Alumni Mixer","","","X","","Finance Code Directory (2024-25","151"
"2024-25","5157","Wine & Spirits","Cider tasting","","","X","","Finance Code Directory (2024-25","152"
"2024-25","5158","Asia Club","Lunar Gala","","","X","","Finance Code Directory (2024-25","153"
"2024-25","5159","Marketing Club","Speaker series","","","X","","Finance Code Directory (2024-25","154"
"2024-25","5160","Marketing Club","Agency Panel Event","","","X","","Finance Code Directory (2024-25","155"
"2024-25","5161","Marketing Club","Club Socials","","","X","","Finance Code Directory (2024-25","156"
"2024-25","5162","South East Asia","LBS Oxbridge mixer","","","X","","Finance Code Directory (2024-25","157"
"2024-25","5164","South East Asia","SEA Formal","","","X","","Finance Code Directory (2024-25","158"
"2024-25","5165","Cycling","Scotland Trek","","","X","","Finance Code Directory (2024-25","159"
"2024-25","5166","Israel","Israel Trek Info","","","S","","Finance Code Directory (2024-25","160"
"2024-25","5167","Israel","Exco meeting","","","X","","Finance Code Directory (2024-25","161"
"2024-25","5168","South East Asia","LBS X Oxbridge","","","S","","Finance Code Directory (2024-25","162"
"2024-25","5170","Expedition","Gran Paradiso Trek","","","X","","Finance Code Directory (2024-25","163"
"2024-25","5171","Israel","London Trek","","","X","","Finance Code Directory (2024-25","164"
"2024-25","5172","Sailing","Annual Sailing Merchandise","","","X","","Finance Code Directory (2024-25","165"
"2024-25","5173","Cycling","Velodrome Event","","","X","","Finance Code Directory (2024-25","166"
"2024-25","5174","Wine & Spirit Club","Piemonte_Trek","","","S","","Finance Code Directory (2024-25","167"
"2024-25","5175","Middle East & North Africa Club","MENA Welcome Back Gathering","","","X","","Finance Code Directory (2024-25","168"
"2024-25","5176","Design & Innovation","PwC Experience Panel","","","X","","Finance Code Directory (2024-25","169"
"2024-25","5177","Investment Management Club","LBS Stock Pitch Competition - New code catering","","","S","","Finance Code Directory (2024-25","170"
"2024-25","5178","Investment Management Club","IMC - ExCo Mixer","","","X","","Finance Code Directory (2024-25","171"
"2024-25","5179","Design & Innovation","Company Visit","","","X","","Finance Code Directory (2024-25","172"
"2024-25","5180","Art & Business Club","Art & Business Club: Workshop","","","X","","Finance Code Directory (2024-25","173"
"2024-25","5181","Italian Club","VC Trek 2025","","","X","","Finance Code Directory (2024-25","174"
"2024-25","5182","Japan Club","ExCo only","","","S","","Finance Code Directory (2024-25","175"
"2024-25","5183","Italian Club","Italian Dinner","","","X","","Finance Code Directory (2024-25","176"
"2024-25","5184","Africa Business Club","Africa Speaker Series 2025","","","S","","Finance Code Directory (2024-25","177"
"2024-25","5185","Africa Business Club","Africa Speaker Series 2025","","","S","","Finance Code Directory (2024-25","178"
"2024-25","5186","PRIVATE EQUITY & VENTURE CAPIT","Building a $400m+ VC Fund in Your 20s: The Story of 20VC with Harry Stebbings","","","X","","Finance Code Directory (2024-25","179"
"2024-25","5187","Future of Mobility","Club Jackets 2025","","","X","","Finance Code Directory (2024-25","180"
"2024-25","5188","Summer Ball 2025","Summer Ball 2025","","","S","","Finance Code Directory (2024-25","181"
"2024-25","5189","Student Association (Central)","Catering for Academic pillar events","","","X","","Finance Code Directory (2024-25","182"
"2024-25","5190","EXPEDITION CLUB","Fjord Kayak Trek","","","X","","Finance Code Directory (2024-25","183"
"2024-25","5191","EXPEDITION CLUB","Lake District Trek","","","X","","Finance Code Directory (2024-25","184"
"2024-25","5192","Family Business Club","Family Business Club trek","","","X","","Finance Code Directory (2024-25","185"
"2024-25","5193","Sailing Club","Skippers License Course","","","X","","Finance Code Directory (2024-25","186"
"2024-25","5194","Education society","ExCo only","","","X","","Finance Code Directory (2024-25","187"
"2024-25","5195","North America Club","Welcome Dinner Mexican Students","","","X","","Finance Code Directory (2024-25","188"
"2024-25","5196","Sailing Club","Alumni Challenge 2025","","","X","","Finance Code Directory (2024-25","189"
"2024-25","5197","North America Club","Tequila Night","","","X","","Finance Code Directory (2024-25","190"
"2024-25","5198","Nordic Club","Tattoo Food 2025","","","S","","Finance Code Directory (2024-25","191"
"2024-25","5199","Finance Club","Alumni Related Events","","","S","","Finance Code Directory (2024-25","192"
"2024-25","5201","Social Impact Club","General Event","","","X","","Finance Code Directory (2024-25","193"
"2024-25","5202","Infrastructure & Construction Club","2025 LBS Infrastructure Conference","","","S","","Finance Code Directory (2024-25","194"
"2024-25","5203","Finance Club","Company Networking – Finance Club Event","","","","","Finance Code Directory (2024-25","195"
"2024-25","5204","Volley Club","Volleyball training","","","X","","Finance Code Directory (2024-25","196"
"2024-25","5203","Japan Club","Japan Club Community Events","","","S","","Finance Code Directory (2024-25","197"
"2024-25","4954","Social Impact Club","Earthshot prize Speaker Event","","","X","","Finance Code Directory (2024-25","198"
"2024-25","5205","China Club","China Business Forum","","","S","","Finance Code Directory (2024-25","199"
"2024-25","5206","Sailing Club","Alumni Challenge 2025","","","X","","Finance Code Directory (2024-25","200"
"2024-25","5207","AI & Data Society","Quantum computing event","","","X","","Finance Code Directory (2024-25","201"
"2024-25","5208","Middle East & North Africa Club","Saudi Trek","","","S","","Finance Code Directory (2024-25","202"
"2024-25","5209","Wellbeing Club","Wellbeing Club Events","","","X","","Finance Code Directory (2024-25","203"
"2024-25","5211","Entrepreneurship Club","University Relations","","","X","","Finance Code Directory (2024-25","204"
"2024-25","5212","Wine & Spirits Club","Cocktail_Competition","","","X","","Finance Code Directory (2024-25","205"
"2024-25","5213","Tech & Media Club","Lunch with UK President of BBC Studios","","","X","","Finance Code Directory (2024-25","206"
"2024-25","5214","Retail & Luxury","RLCC - Club Merchandise","","","S","","Finance Code Directory (2024-25","207"
"2024-25","5215","Retail & Luxury","RLCC - External Industry Events","","","X","","Finance Code Directory (2024-25","208"
"2024-25","4960","Professional Match","Football Women's Club","","","X","","Finance Code Directory (2024-25","209"
"2024-25","4962","Cycling Club","Scothland Trek","","","X","","Finance Code Directory (2024-25","210"
"2024-25","5219","Sailing Club","Turkish Sailing Trip","","","X","","Finance Code Directory (2024-25","211"
"2024-25","5218","Cycling Club","Cycling Mentorship Programme","","","X","","Finance Code Directory (2024-25","212"
"2024-25","5217","Education Society","Fireside Chat","","","S","","Finance Code Directory (2024-25","213"
"2024-25","5216","Nordic Club","ABBA Voyage","","","S","","Finance Code Directory (2024-25","214"
"2024-25","5221","Middle East & North Africa Club","MENA Conference 2025","","","S","","Finance Code Directory (2024-25","215"
"2024-25","5222","Latin America (Latam) Club","Comms Expenses","","","X","","Finance Code Directory (2024-25","216"
"2024-25","5224","Investment Management Club","LBS Bi-Annual Stock Pitch Competition - Spring 2025","","","X","","Finance Code Directory (2024-25","217"
"2024-25","5223","Investment Management Club","Practitioner Course: Quantitative Trading/Research with Ex-Citadel Senior Quant Researcher (Session 1/2)","","","X","","Finance Code Directory (2024-25","218"
"2024-25","5225","Student Association (Central)","Tattoo","","","X","","Finance Code Directory (2024-25","219"
"2024-25","5226","Golf Club","Golf Club Treks 2025","","","X","","Finance Code Directory (2024-25","220"
"2024-25","5228","Sailing Club","Global MBA Trophy 2025 - NEW","","","X","","Finance Code Directory (2024-25","221"
"2024-25","5229","Student Association (Central)","MBAT 2025","","","X","","Finance Code Directory (2024-25","222"
"2024-25","5227","Family Business Club","Family Business Club Conference","","","X","","Finance Code Directory (2024-25","223"
"2024-25","5235","Investment Management Club","The Asset Management Conference","","","S","","Finance Code Directory (2024-25","224"
"2024-25","5234","Korea Club","Tattoo 2025 _ Korea Club Food Stall","","","S","","Finance Code Directory (2024-25","225"
"2024-25","5233","Tech & Media Club","TMC_Subscription","","","X","","Finance Code Directory (2024-25","226"
"2024-25","5232","Middle East & North Africa Club","MENA Club - Ramadan Iftar","","","X","","Finance Code Directory (2024-25","227"
"2024-25","5231","North America Club","Tattoo","","","X","","Finance Code Directory (2024-25","228"
"2024-25","5236","Nordic Club","Nordic Party Bus","","","S","","Finance Code Directory (2024-25","229"
"2024-25","5237","Portugal Club","Portugal Club Social Gathering","","","X","","Finance Code Directory (2024-25","230"
"2024-25","5238","Healthcare Club","Sleep & Recovery: What MBAs Can Learn from Elite Athletes/4553","","","X","","Finance Code Directory (2024-25","231"
"2024-25","5239","Private Equity & Venture Capital Club","Antler Talk Session","","","X","","Finance Code Directory (2024-25","232"
"2024-25","5241","Middle East & North Africa Club","Tattoo - Middle East Club","","","X","","Finance Code Directory (2024-25","233"
"2024-25","5242","Sailing Club","June 2025 Salty Dogs","","","X","","Finance Code Directory (2024-25","234"
"2024-25","5243","Entrepreneurship Club","University Relations","","","X","","Finance Code Directory (2024-25","235"
"2024-25","5244","Social Impact Club","Social Impact Club Trek","","","X","","Finance Code Directory (2024-25","236"
"2024-25","5245","Sailing Club","Athens dinner","","","X","","Finance Code Directory (2024-25","237"
"2024-25","5246","Student Association (Central)","Alumni pillar - finance code for LinkedIn subscription","","","X","","Finance Code Directory (2024-25","238"
"2024-25","5247","Art & Business Club","Florence trek","","","X","","Finance Code Directory (2024-25","239"
"2024-25","5248","Private Equity & Venture Capital Club","Inside the life of an Associate in Venture","","","X","","Finance Code Directory (2024-25","240"
"2024-25","5249","Private Equity & Venture Capital Club","Fireside Chat with Davide Tavaniello, 32-year-old Founder of Hippocrates Holdings","","","X","","Finance Code Directory (2024-25","241"
"2024-25","5251","Commodities Club","Guest Speaker","","","X","","Finance Code Directory (2024-25","242"
"2024-25","5252","AI & Data Society","Data and AI trek","","","X","","Finance Code Directory (2024-25","243"
"2024-25","5253","Social Impact Club","Building a Career in Corporate Sustainability","","","X","","Finance Code Directory (2024-25","244"
"2024-25","5254","Student Association (Central) - Dubai","Sundowners","","","X","","Finance Code Directory (2024-25","245"
"2024-25","5255","Finance Club","Finance Club Mixer - Networking Event","","","","5255 is already in use","Finance Code Directory (2024-25","246"
"2024-25","5255","Sailing Club","Skipper course SUM26 donation","","","S","","Finance Code Directory (2024-25","247"
"2024-25","5256","Music Club","Practice and Rehearsal Rooms","","","X","","Finance Code Directory (2024-25","248"
"2024-25","5257","Volunteers Club","LBS4London","","","X","","Finance Code Directory (2024-25","249"
"2024-25","5258","Social Impact Club","Bridging Worlds: Business, Development and Politics","","","X","","Finance Code Directory (2024-25","250"
"2024-25","5259","Private Equity & Venture Capital Club","Breaking Barriers: Women Leading the Way in Private Equity","","","X","","Finance Code Directory (2024-25","251"
"2024-25","5261","Student Association (Central)","LBS SA Speaker Series","","","S","","Finance Code Directory (2024-25","252"
"2024-25","5262","Finance Club","Finance Club Mixer - Networking Event","","","","5262 is already in use pls add the request to BIGIN","Finance Code Directory (2024-25","253"
"2024-25","5262","Private Equity & Venture Capital Club","Hot Takes & Big Bets: Inside the Minds of Women Shaping Venture Capital","","","X","","Finance Code Directory (2024-25","254"
"2024-25","5263","Private Equity & Venture Capital Club","PEVC Club End of Year Gala","","","X","","Finance Code Directory (2024-25","255"
"2024-25","5264","Private Equity & Venture Capital Club","Thesis Sprint 101","","","X","","Finance Code Directory (2024-25","256"
"2024-25","5265","North America Club","Super Bowl Watchparty","","","X","","Finance Code Directory (2024-25","257"
"2024-25","5266","Cricket Club","Cricket Screening - Subscription","","","X","","Finance Code Directory (2024-25","258"
"2024-25","5267","AI & Data Society","Data and AI UAE trek","","","X","","Finance Code Directory (2024-25","259"
"2024-25","5268","Middle East & North Africa Clu","Fireside chat with Youssef Salem","","","X","","Finance Code Directory (2024-25","260"
"2024-25","5269","Israel Club","Alumni summer BBQ","","","X","","Finance Code Directory (2024-25","261"
"2024-25","5270","Wine & Spirits Club","Whisky_Tasting","","","","5270 is already in use pls add a new the request to BIGIN","Finance Code Directory (2024-25","262"
"2024-25","5271","Art & Business Club","Club Merchandise","","","X","","Finance Code Directory (2024-25","263"
"2024-25","5272","Women in Business Club","WiB x Golf Club: Beginners Golf Clinics","","","X","","Finance Code Directory (2024-25","264"
"2024-25","5273","Women in Business Club","WiB ExCo Spring Retreat","","","X","","Finance Code Directory (2024-25","265"
"2024-25","5274","Social Impact Club","ExCo only","","","X","","Finance Code Directory (2024-25","266"
"2024-25","5275","Asia Club","Navigating the Future of Asset Management, Fintech, Payments, TradeFi and Energy","","","X","","Finance Code Directory (2024-25","267"
"2024-25","5276","EdTech & Education Club","Panel discussion","","","X","","Finance Code Directory (2024-25","268"
"2024-25","5277","Music Club","MBAT Expenses","","","X","","Finance Code Directory (2024-25","269"
"2024-25","5278","Dance Club","MBAT_performance","","","X","","Finance Code Directory (2024-25","270"
"2024-25","5280","Africa Business Club","Africa Club Movie Night","","","","5280 is already in use pls add a new the request to BIGIN","Finance Code Directory (2024-25","271"
"2024-25","5281","Student Association (Central)","Mascot Initiative","","","X","","Finance Code Directory (2024-25","272"
"2024-25","5284","Japan Club","Career Incubator","","","S","Sponsorship","Finance Code Directory (2024-25","273"
"2024-25","5282","Portugal Club","Portugal Club End of Term Dinner @ Bar Douro","","","X","","Finance Code Directory (2024-25","274"
"2024-25","5283","Portugal Club","Portugal Club – Drinks After Dinner","","","X","","Finance Code Directory (2024-25","275"
"2024-25","5287","Portugal Club","Portugal and Nordics Club Joint End of the Year Party","","","X","","Finance Code Directory (2024-25","276"
"2024-25","5286","Private Equity & Venture Capital Club","Private Equity Networking Events","","","X","","Finance Code Directory (2024-25","277"
"2024-25","5288","MUSIC CLUB","Jams and Other Event Expenses","","","X","","Finance Code Directory (2024-25","278"
"2024-25","5289","Foodie Club","Canva Subscription","","","X","","Finance Code Directory (2024-25","279"
"2024-25","5290","Student Association (Central)","Linkedin premium account for sponsorship pillar","","","S","5290 is already in use pls add a new the request to BIGIN","Finance Code Directory (2024-25","280"
"2024-25","5291","Student Association (Central)","Sponsorship pillar - code for linkedin premium","","","S","","Finance Code Directory (2024-25","281"
"2024-25","5292","Swimming Club","Strait of Messina Swim","","","X","","Finance Code Directory (2024-25","282"
"2024-25","4953","Running Club","KickOff","","","X","","Finance Code Directory (2024-25","283"
"2024-25","5293","Out in Business Club","EUROUT","","","S","","Finance Code Directory (2024-25","284"
"2023-24","EVENT","Club Name","Event Name","Start Date","Finish Date (if relevant)","VAT STATUS","COST CENTRE","Finance Code Directory (2023-24","8"
"2023-24","5007","Art & Business Club","Cannes Film Festival Attendance","","","X","X269","Finance Code Directory (2023-24","9"
"2023-24","5006","Asia Club","Newcomer FAQ Session with Asia Club X SEA Society","","","X","X103","Finance Code Directory (2023-24","10"
"2023-24","5004","Art & Business Club","Canva Pro Account","","","X","X269","Finance Code Directory (2023-24","11"
"2023-24","5002","Russian Club","Russian Speaking Wine Tasting","","","X","X435","Finance Code Directory (2023-24","12"
"2023-24","4946","Geopolitics & Business Society","Year End Social","45444","45473","X","X529","Finance Code Directory (2023-24","13"
"2023-24","4945","LatAm Club","Peruvian Pisco Night","45444","45473","S","S150","Finance Code Directory (2023-24","14"
"2023-24","4944","Sailing Club","IE Sailing Regatta","45561","45564","S","S180","Finance Code Directory (2023-24","15"
"2023-24","4943","Japan Club","Sponsorship (Roland Berger)","31/06/2024","45747","S","S146","Finance Code Directory (2023-24","16"
"2023-24","4941","Women In Business Club","WIB Exco Brunch","45449","","X","X199","Finance Code Directory (2023-24","17"
"2023-24","4940","Women In Business Club","WIB Graduates Farewell","45475","","S","S198","Finance Code Directory (2023-24","18"
"2023-24","4938","Nordic Club","Swedish National Day Kubb Tournament","45463","","X","X361","Finance Code Directory (2023-24","19"
"2023-24","4937","Football Club (Women's)","End of Year & MBAT Celebration","45441","45441","X","X129","Finance Code Directory (2023-24","20"
"2023-24","4936","Japan Club","Sponsorship (Robert Walters Japan)","31/06/2024","45747","S","S146","Finance Code Directory (2023-24","21"
"2023-24","4935","Boxing Society","Boxing Societ Charity Fight Night","45445","","S","S242","Finance Code Directory (2023-24","22"
"2023-24","4934","LatAm Club","Farewell LatAm 2024","45461","","S","S150","Finance Code Directory (2023-24","23"
"2023-24","4932","Infrastructure & Construction Club","Speaker Event - SMBC Bank","45447","","X","X421","Finance Code Directory (2023-24","24"
"2023-24","4929","Social Impact Club","Workshop Renewable Projects by Mazars","45359","","S","S158","Finance Code Directory (2023-24","25"
"2023-24","4928","Social Impact Club","SWAG","45435","","X","X159","Finance Code Directory (2023-24","26"
"2023-24","4925","Japan Club","2024 Farewell Party","45446","","S","S146","Finance Code Directory (2023-24","27"
"2023-24","4923","Out in Business Club","OiB Merch","45436","45801","S","S164","Finance Code Directory (2023-24","28"
"2023-24","4920","Healthcare Club","ExCo June 2024 Social","45447","","X","X109","Finance Code Directory (2023-24","29"
"2023-24","4919","Art & Business Club","St Pauls Cathedral Tour","45443","","S","S268","Finance Code Directory (2023-24","30"
"2023-24","4918","Expedition Club","Mount Meru Treck","45554","45554","X","X417","Finance Code Directory (2023-24","31"
"2023-24","4917","Black In Business Club","Black in Business Summer Event","45451","45451","X","X503","Finance Code Directory (2023-24","32"
"2023-24","4915","Social Impact Club","Sustainability Supper Club","45439","","S","S158","Finance Code Directory (2023-24","33"
"2023-24","4914","Acting & Comedy Club","ExCo Handover Social","45429","","X","X231","Finance Code Directory (2023-24","34"
"2023-24","4913","Italian Club","ExCo Dinner","45434","","X","X145","Finance Code Directory (2023-24","35"
"2023-24","4909","Cricket Club","IPL Screening +Sixes Social Cricket","45438","","S","S110","Finance Code Directory (2023-24","36"
"2023-24","4908","Finance club","Finance Club Merchandise","45427","46006","S","S124","Finance Code Directory (2023-24","37"
"2023-24","4907","Real Estate Club","Real Estate Conference","45441","","S","S170","Finance Code Directory (2023-24","38"
"2023-24","4906","Asia Club","Asian Night","45435","","X","X103","Finance Code Directory (2023-24","39"
"2023-24","4905","Social Impact Club","Climate Fresk","45441","","X","X159","Finance Code Directory (2023-24","40"
"2023-24","4904","Finance club","Financial Edge Bootcamp","45429","45430","S","S124","Finance Code Directory (2023-24","41"
"2023-24","4903","Finance club","IB Summer Associates Seniors Sharing Session","45419","","X","X125","Finance Code Directory (2023-24","42"
"2023-24","4901","People Strategy Club","Compassionate Leadership Workshop","45428","","X","X491","Finance Code Directory (2023-24","43"
"2023-24","4900","Infrastructure & Construction Club","Careers at KPMG Infrastructure","45421","","S","S422","Finance Code Directory (2023-24","44"
"2023-24","4896","Art & Business Club","MBAT Fashion Show","45423","","S","S268","Finance Code Directory (2023-24","45"
"2023-24","4895","Social Impact Club","SIC Student & Alumni Mixer","45435","","X","X159","Finance Code Directory (2023-24","46"
"2023-24","4893","Israel Club","Israel club summer BBQ 2024","45452","45452","S","S142","Finance Code Directory (2023-24","47"
"2023-24","4892","Africa Club","Africa Business Summit","45472","45472","S","S104","Finance Code Directory (2023-24","48"
"2023-24","4891","Sailing Club","ExCo Spring Dinner","45419","","X","X181","Finance Code Directory (2023-24","49"
"2023-24","4889","Racket Sports Club","Raquet Sports Social 24/25","45418","","X","X521","Finance Code Directory (2023-24","50"
"2023-24","4888","Art & Business Club","Harry Potter & the Cursed Child","45427","","X","X269","Finance Code Directory (2023-24","51"
"2023-24","4886","Central Club","Alumni Sundowners May 2024","45435","","X","X101","Finance Code Directory (2023-24","52"
"2023-24","4879","Wellbeing Club","Mental Health Awareness 2024","45425","45427","S","S516","Finance Code Directory (2023-24","53"
"2023-24","4878","Women in Business Club","Becoming An Angel - Intro Angel Investing","45425","","S","S198","Finance Code Directory (2023-24","54"
"2023-24","4877","Women in Business Club","Painting Picnic","45434","","S","S198","Finance Code Directory (2023-24","55"
"2023-24","4876","LatAm Club","LatAm Club Closing Event","45418","","X","X151","Finance Code Directory (2023-24","56"
"2023-24","4875","Japan Club","Sponsorship Bain","45383","45747","S","S146","Finance Code Directory (2023-24","57"
"2023-24","4874","Japan Club","Annual Sponsorship Renewal BCG","45383","45747","S","S146","Finance Code Directory (2023-24","58"
"2023-24","4873","private Equity & Venture Capital Club","Talk with Itxasco del Palacio","45407","","X","X167","Finance Code Directory (2023-24","59"
"2023-24","4872","Japan Club","Annual Sponsorship Renewal Relo Redac Strattons","45383","45747","S","S146","Finance Code Directory (2023-24","60"
"2023-24","4871","Japan Club","Annual Sponsorship Renewal London Tokyo Property","45383","45747","S","S146","Finance Code Directory (2023-24","61"
"2023-24","4870","Japan Club","Annual Sponsorship Renewal Integral","45383","45747","S","S146","Finance Code Directory (2023-24","62"
"2023-24","4867","Private Equity & Venture Capital Club","Green Frontier Capital Event","45229","","X","X167","Finance Code Directory (2023-24","63"
"2023-24","4866","LatAm Club","Chilean Pisco Night","45435","","S","S150","Finance Code Directory (2023-24","64"
"2023-24","4865","Design & Innovation Club","ExCo Social","45400","","X","X425","Finance Code Directory (2023-24","65"
"2023-24","4864","Vibrant Feet@LBS (LBS Dance Society)","Tattoo costume reimbursement","45389","","X","X511","Finance Code Directory (2023-24","66"
"2023-24","4863","Japan Club","Annual Sponsorship Rennewal Live Inc","45383","45747","S","S146","Finance Code Directory (2023-24","67"
"2023-24","4862","Japan Club","Annual Sponsorship Reneval Affinity English Academy","45383","45747","S","S146","Finance Code Directory (2023-24","68"
"2023-24","4861","Japan Club","Annual Sponsorship Rennewal John Couke","45383","45747","S","S146","Finance Code Directory (2023-24","69"
"2023-24","4860","Japan Club","Annual Sponsorship Renewal Antelope","45383","45747","S","S146","Finance Code Directory (2023-24","70"
"2023-24","4859","Japan Club","Annual Sponsorship Renewal AXIOM","45383","45747","S","S146","Finance Code Directory (2023-24","71"
"2023-24","4858","Japan Club","Annual Sponsorship Renewal Career Incubation","45383","45747","S","S146","Finance Code Directory (2023-24","72"
"2023-24","4857","Japan Club","Sponsorship (Round One)","45383","45747","S","S146","Finance Code Directory (2023-24","73"
"2023-24","4855","Private Equity & Venture Capital Club","An Evening with Copilot Capital","45393","","X","X167","Finance Code Directory (2023-24","74"
"2023-24","4854","Football Club (Women's)","Pitch Bookin Fees","45387","45422","X","X129","Finance Code Directory (2023-24","75"
"2023-24","4853","Private Equity & Venture Capital Club","EdTech Investing Day","45425","","X","X167","Finance Code Directory (2023-24","76"
"2023-24","4852","Japan Club","Annual Sponsorship Renewal A T Kearney","45383","45747","S","S146","Finance Code Directory (2023-24","77"
"2023-24","4851","Japan Club","Annual Sponsorship Renewal AGOS Japan","45383","45747","S","S146","Finance Code Directory (2023-24","78"
"2023-24","4850","Japan Club","Annual Sponsorship renewal - Jessica King","45383","45747","S","S146","Finance Code Directory (2023-24","79"
"2023-24","4849","Expedition Club","Kilimanjaro Trek","45549","45556","X","X417","Finance Code Directory (2023-24","80"
"2023-24","4848","Infrastructure & Construction Club","Intro to Blackstone Infrastructure Partners","45427","","X","X421","Finance Code Directory (2023-24","81"
"2023-24","4847","Infrastructure & Construction Club","Infra Speaker Series - Darryl Murphy","45420","","X","X421","Finance Code Directory (2023-24","82"
"2023-24","4846","Infrastructure & Construction Club","Infra Speaker Series - Investing in Digital Infrastructure","45399","","X","X421","Finance Code Directory (2023-24","83"
"2023-24","4845","Art & Business Club","Enzo Mari Exhibition","45408","","S","S268","Finance Code Directory (2023-24","84"
"2023-24","4844","People Strategy Club","EXCO Social April 24","45398","","X","X491","Finance Code Directory (2023-24","85"
"2023-24","4843","Finance club","NY IBD Trek - LBS Alumni Drinks","45590","","X","X125","Finance Code Directory (2023-24","86"
"2023-24","4840","Japan Club","Sponsorship Renewal Strategy&","45383","45747","S","S146","Finance Code Directory (2023-24","87"
"2023-24","4839","Central & Eastern Europe Club","Senior ExCo Welcome Dinner","45405","","X","X117","Finance Code Directory (2023-24","88"
"2023-24","4837","Art & Business Club","Fireside Chat - Connie Karol Burks","45399","","X","X269","Finance Code Directory (2023-24","89"
"2023-24","4836","LatAm Club","Latam Movie - The Secret in their eyes","45432","","X","X151","Finance Code Directory (2023-24","91"
"2023-24","4834","Military in Business","Club Annual Dinner","45427","","X","X363","Finance Code Directory (2023-24","92"
"2023-24","4833","Japan Club","Japan Night","45402","","S","S146","Finance Code Directory (2023-24","93"
"2023-24","4832","Football Club (Women's)","Women's Football Club Jerseys 2024","45394","45401","X","X129","Finance Code Directory (2023-24","94"
"2023-24","4831","Spanish Club","Alumni Dinner","45390","45432","X","X187","Finance Code Directory (2023-24","95"
"2023-24","4830","Finance club","Conversation Shaan Raithatha","45398","","X","X125","Finance Code Directory (2023-24","96"
"2023-24","4829","Private Equity & Venture Capital Club","Dubai PE/VC Trek","45405","","X","X167","Finance Code Directory (2023-24","97"
"2023-24","4828","Football Club (Men's)","Millwall Stadium Booking","45428","","S","S126","Finance Code Directory (2023-24","98"
"2023-24","4827","Wellbeing Club","Nature Trek","45410","45410","X","X517","Finance Code Directory (2023-24","99"
"2023-24","4826","LatAm Club","Bachata for Beginners","45397","","S","S150","Finance Code Directory (2023-24","100"
"2023-24","4825","Entrepreneurship Club","Founders Book","45385","45473","S","S120","Finance Code Directory (2023-24","101"
"2023-24","4823","Snow Club","Snow Club Tattoo","45395","","","X185","Finance Code Directory (2023-24","102"
"2023-24","4822","Hellenic Club","Food Stand at Tattoo","45395","45395","X","X267","Finance Code Directory (2023-24","103"
"2023-24","4821","Africa Club","Tatoo 2024","45395","","X","X105","Finance Code Directory (2023-24","104"
"2023-24","4820","Turnaround & Restructuring Club","Giviing gifts for Mentors","45390","","S","S304","Finance Code Directory (2023-24","105"
"2023-24","4818","Entrepreneurship Club","General - Canva Pro subscription","45343","45343","X","X121","Finance Code Directory (2023-24","107"
"2023-24","4817","Asia Club","ExCo Welcome Dinner","45404","","X","X103","Finance Code Directory (2023-24","108"
"2023-24","4816","Italian Club","Italian Club - Tattoo Stand","45380","","X","X145","Finance Code Directory (2023-24","109"
"2023-24","4815","Brazil Club","Tattoo Catering","45395","","S","S290","Finance Code Directory (2023-24","110"
"2023-24","4814","Women in Business Club","Women's Health Workshop","45392","","X","X199","Finance Code Directory (2023-24","111"
"2023-24","4813","Women in Business Club","WiB at Tattoo","45398","","X","X199","Finance Code Directory (2023-24","112"
"2023-24","4811","Women's Touch Rugby Club","WTRC Prom 2024","45436","","X","X201","Finance Code Directory (2023-24","113"
"2023-24","4810","Women's Touch Rugby Club","2024 Leopards Reconnect Event","45400","","X","X201","Finance Code Directory (2023-24","114"
"2023-24","4809","Women's Touch Rugby Club","WTRC Alumni Day 2024","45402","","X","X201","Finance Code Directory (2023-24","115"
"2023-24","4808","Black In Business Club","BiB Brighton Trek","45429","45431","X","X503","Finance Code Directory (2023-24","116"
"2023-24","4807","India Club","Bollywood Party","45423","45423","X","X137","Finance Code Directory (2023-24","117"
"2023-24","4806","Art & Business Club","ExCo Handover Dinner","45380","","X","X269","Finance Code Directory (2023-24","118"
"2023-24","4803","Energy & Environment Club","London Treks","45420","45422","","X119","Finance Code Directory (2023-24","119"
"2023-24","4802","Japan Club","Hanami & Meditation Event","45389","","S","S146","Finance Code Directory (2023-24","120"
"2023-24","4801","Healthcare Club","HCC Thought Leadership - Femtech Panel & Networking Event","45405","","X","X109","Finance Code Directory (2023-24","121"
"2023-24","4800","Italian Club","Duplicate of 4643","45377","","","","Finance Code Directory (2023-24","122"
"2023-24","4799","Infrastructure & Construction Club","Project Finance Course with Ed Bodmer","45380","45382","X","X421","Finance Code Directory (2023-24","123"
"2023-24","4798","Racket Sports Club","Racquet Sports club Badminton Social Events","45352","45473","X","X521","Finance Code Directory (2023-24","124"
"2023-24","4797","Healthcare Club","Trek Switzerland","45406","45408","X","X109","Finance Code Directory (2023-24","125"
"2023-24","4796","Private Equity & Venture Capital Club","Speaker - I -Squared Capital","45379","45379","S","S166","Finance Code Directory (2023-24","126"
"2023-24","4794","Sailing Club","Tattersal Castle Social","45419","","X","X181","Finance Code Directory (2023-24","127"
"2023-24","4793","Retail & Luxury Goods Club","RLCC _London Trek","45400","45401","X","X325","Finance Code Directory (2023-24","128"
"2023-24","4792","Retail & Luxury Goods Club","RLCC_Paris Trek","45404","45406","X","X325","Finance Code Directory (2023-24","129"
"2023-24","4791","Asia Club","Korean BBQ Night - Bulgogi Restaurant","45385","45385","X","X103","Finance Code Directory (2023-24","130"
"2023-24","4790","Vibrant Feet@LBS (LBS Dance Society)","Exco Dinner","45368","","X","X511","Finance Code Directory (2023-24","131"
"2023-24","4789","Private Equity & Venture Capital Club","Growth Investing at Sapphire Ventures - Fireside chat","45392","45392","X","X167","Finance Code Directory (2023-24","132"
"2023-24","4788","Blockchain Society","LBS Blockchain x Solana Superteam : Build School","45375","45375","X","X517","Finance Code Directory (2023-24","133"
"2023-24","4787","Asia Club","Asia Club Dumpling Making Event","45361","45361","X","X103","Finance Code Directory (2023-24","134"
"2023-24","4785","Retail & Luxury Goods Club","Crafting Your Signature: Insights into Career Development & personal","45387","45387","X","X325","Finance Code Directory (2023-24","135"
"2023-24","4784","Retail & Luxury Goods Club","Speaker - Zoe Chrysostom From Plug and Play Paris","45379","45379","X","X325","Finance Code Directory (2023-24","136"
"2023-24","4782","Sailing Club","Yacht Week 2024 _Sailing Club","45437","45443","X","X181","Finance Code Directory (2023-24","137"
"2023-24","4781","Sailing Club","Alumni Challenge _2024 _ Sailing Club","45415","45417","X","X181","Finance Code Directory (2023-24","138"
"2023-24","4780","Sailing Club","POLIMI Regatta in Sardinia","45421","45424","X","X181","Finance Code Directory (2023-24","139"
"2023-24","4778","Acting & Comedy Club","Improv Classes - Spring 2024","45382","45401","S","S230","Finance Code Directory (2023-24","140"
"2023-24","4777","Out in Business Club","Rainbow Trek - Boat Party","45429","45429","S","S164","Finance Code Directory (2023-24","141"
"2023-24","4776","Racket Sports Club","Racquet Sports Club Merch Sales","45292","45657","S","S520","Finance Code Directory (2023-24","142"
"2023-24","4775","Racket Sports Club","LBS 2024 MBAT Expenses","45323","45596","X","X521","Finance Code Directory (2023-24","143"
"2023-24","4774","Japan Club","ExCo Meeting - Party","45357","45357","X","X147","Finance Code Directory (2023-24","144"
"2023-24","4773","Asia Club","Asia Club Muay Thai class","45399","45399","X","X103","Finance Code Directory (2023-24","145"
"2023-24","4772","Asia Club","ExCo _ All Hands Meeting Lunch","45363","45363","X","X103","Finance Code Directory (2023-24","146"
"2023-24","4770","Retail & Luxury Goods Club","Daytrip to Daylseford Farm","45393","45393","S","S324","Finance Code Directory (2023-24","147"
"2023-24","4769","Out in Business Club","Alumni Events 2024","45364","45451","S","S164","Finance Code Directory (2023-24","148"
"2023-24","4768","First-Generation, Low or Intermediate Income Club","FLII in Business - fireside chat and Q&A with Dr Pawan Goenka","45379","45379","X","X505","Finance Code Directory (2023-24","149"
"2023-24","4767","LAtAm Club","Last Dance LatAm Party","45435","45436","S","S150","Finance Code Directory (2023-24","150"
"2023-24","4766","Acting & Comedy Club","Harry Potter and the Cursed Child","45429","45429","X","X231","Finance Code Directory (2023-24","151"
"2023-24","4765","Finance club","IB Summer Interns Reception","45359","45359","X","X125","Finance Code Directory (2023-24","152"
"2023-24","4763","Consulting Club","Consulting club swag","45355","","X","X115","Finance Code Directory (2023-24","153"
"2023-24","4875","Japan Club","Sponsorship Renewal with Bain","45383","45747","S","","Finance Code Directory (2023-24","154"
"2023-24","4762","Private Equity & Venture Capital Club","London VC Trek","45341","45345","X","X167","Finance Code Directory (2023-24","155"
"2023-24","4761","Social Impact Club","Feeding the Future - Meeting the 10 Billion Challenge with Par Larshans","45357","","X","X159","Finance Code Directory (2023-24","156"
"2023-24","4760","Private Equity & Venture Capital Club","Multiple X","45398","45398","X","X167","Finance Code Directory (2023-24","157"
"2023-24","4759","Healthcare Club","Alumni Networking Event - 15 May 2024","45427","45427","X","X109","Finance Code Directory (2023-24","158"
"2023-24","4758","Finance club","Fireside Chat with T Rabi Sanker - Speaker Event","45359","45359","X","X125","Finance Code Directory (2023-24","159"
"2023-24","4757","North America Club","NAClub _Tattoo_2024","45395","45395","X","X161","Finance Code Directory (2023-24","160"
"2023-24","4756","Art & Business Club","Trivia Night Quiz","45348","45348","X","X269","Finance Code Directory (2023-24","161"
"2023-24","4755","Art & Business Club","Drawing Foundations Workshop 2","45378","45378","X","X269","Finance Code Directory (2023-24","162"
"2023-24","4754","India Club","Tattoo Expenses","45395","","X","X137","Finance Code Directory (2023-24","163"
"2023-24","4753","Japan Club","Tattoo","45395","45395","S","S146","Finance Code Directory (2023-24","164"
"2023-24","4752","Private Equity & Venture Capital Club","Sapphire Ventures Eent ( VC Speakers)","45395","45395","X","X167","Finance Code Directory (2023-24","165"
"2023-24","4751","LatAm Club","Latam Clubs 25's Integration Sessions","45348","45443","X","X151","Finance Code Directory (2023-24","166"
"2023-24","4750","Blockchain Society","Areta x LBS Blockchain - fKKR Fireside chat","45365","45365","X","X517","Finance Code Directory (2023-24","167"
"2023-24","4749","LatAm Club","Latam Full - Time Recruiting Panel (London)","45357","45357","X","X151","Finance Code Directory (2023-24","168"
"2023-24","4747","Korea Club","Tattoo Event","45395","45395","S","S148","Finance Code Directory (2023-24","169"
"2023-24","4746","Acting & Comedy Club","Les Misreables","45404","","S","S230","Finance Code Directory (2023-24","170"
"2023-24","4745","Commodities Club","State of Carbon Markets and Outlook","45364","","X","X409","Finance Code Directory (2023-24","171"
"2023-24","4744","LATAm Club","Latam 24-25 Integration","45361","","X","X151","Finance Code Directory (2023-24","172"
"2023-24","4743","Marketing & Strategy Club","MSC 2024 Conference - Trends for Tomorrow","45397","45399","X","X155","Finance Code Directory (2023-24","173"
"2023-24","4742","Racket Sports Club","LBS Padel Internal Tournament","45359","","S","S520","Finance Code Directory (2023-24","174"
"2023-24","4741","Sailing Club","Easter Sunday Salty Dog Sailing","45382","","X","X181","Finance Code Directory (2023-24","175"
"2023-24","4740","India Club","Holi Event","45381","","S","S136","Finance Code Directory (2023-24","176"
"2023-24","4739","Art & Business Club","Cute Exhibition in Somerset House","45366","45366","S","S268","Finance Code Directory (2023-24","177"
"2023-24","4738","Expedition Club","Trek_Mount Toubkal","45414","45417","X","X417","Finance Code Directory (2023-24","178"
"2023-24","4737","Italian Club","Italian Club Merchandising 2024","45350","45412","S","S144","Finance Code Directory (2023-24","179"
"2023-24","4736","Expedition Club","February C;ub social and Mount Toubkal Info Evening","45350","45350","X","X417","Finance Code Directory (2023-24","180"
"2023-24","4734","Rugby Club (Women's)","Spring League 2024","45396","45535","X","X201","Finance Code Directory (2023-24","181"
"2023-24","4733","Rugby Club (Women's)","MBAT 2024","45421","45423","X","X201","Finance Code Directory (2023-24","182"
"2023-24","4732","Acting & Comedy Club","X491","45390","45390","S","S230","Finance Code Directory (2023-24","183"
"2023-24","4731","Infrastructure & Construction Club","ExCo Social Event","45359","45359","X","X421","Finance Code Directory (2023-24","184"
"2023-24","4730","Infrastructure & Construction Club","London Infrastructure Trek","45350","45352","X","X421","Finance Code Directory (2023-24","185"
"2023-24","4729","Design & Innovation Club","Design Week","45397","45401","X","X425","Finance Code Directory (2023-24","186"
"2023-24","4728","Art & Business Club","Sip and Pottery","45357","45357","S","S268","Finance Code Directory (2023-24","187"
"2023-24","4727","Social Impact Club","Social Impact Club Signature Conference - What's your role in impact?","45393","45394","S","S158","Finance Code Directory (2023-24","188"
"2023-24","4726","Healthcare Club","Careers Vertical Speaker Events","45364","45456","X","X109","Finance Code Directory (2023-24","189"
"2023-24","4725","Private Equity & Venture Capital Club","Climate Tech Investing Day","45399","45399","X","X167","Finance Code Directory (2023-24","190"
"2023-24","4724","Central","SA_Advocacy_ Wellbeing Workshop","45348","45348","X","X101","Finance Code Directory (2023-24","191"
"2023-24","4723","Women in Business Club","Taking Financial Control - Understand the tools at your disposal","45399","45399","X","X199","Finance Code Directory (2023-24","192"
"2023-24","4722","Women in Business Club","Reframing Our Relationship with Money","45363","45363","X","X199","Finance Code Directory (2023-24","193"
"2023-24","4721","Women in Business Club","WiB Trailblazers Speaker Event","45391","45391","X","X199","Finance Code Directory (2023-24","194"
"2023-24","4720","Women in Business Club","Presidents Fund","45344","45472","X","X199","Finance Code Directory (2023-24","195"
"2023-24","4719","Women in Business Club","Self Defence Workshop","45384","45384","X","X199","Finance Code Directory (2023-24","196"
"2023-24","4718","Sailing Club","Sailing Club Merch Store","45345","45382","S","S180","Finance Code Directory (2023-24","197"
"2023-24","4717","Private Equity & Venture Capital Club","Panel Discussion- Triton Partners","45364","45364","X","X167","Finance Code Directory (2023-24","198"
"2023-24","4716","LATAm Club","Tattoo 2024 Latam Club","45395","","X","X151","Finance Code Directory (2023-24","199"
"2023-24","4715","LatAm Club","Latam 24-25 Integration ( Columbia Edition)","45353","","X","X151","Finance Code Directory (2023-24","200"
"2023-24","4714","Sailing Club","ExCo Winter/Spring Business Planning Meal","45343","45343","X","X181","Finance Code Directory (2023-24","201"
"2023-24","4713","Brazil Club","Brazil Club - Latin American Business Forum","45393","45394","S","S290","Finance Code Directory (2023-24","202"
"2023-24","4711","Japan Club","Working In Japan Event - Sponsorship","45379","45379","S","S146","Finance Code Directory (2023-24","203"
"2023-24","4710","Cricket Club","ExCo Social","45346","45479","X","X111","Finance Code Directory (2023-24","204"
"2023-24","4709","Private Equity & Venture Capital Club","Venture Capital IC","45345","44980","X","X167","Finance Code Directory (2023-24","205"
"2023-24","4708","Social Impact Club","2024 Corporate Sustainability and Impact Trek Stockholm Sweden","45339","45341","X","X159","Finance Code Directory (2023-24","206"
"2023-24","4707","Geopolitics & Business Society","Geopolitics Annual Conference 2024 with EXCO","45407","45407","X","X529","Finance Code Directory (2023-24","207"
"2023-24","4703","Commodities Club","Renewables: Energy Transition Panel","45344","45344","X","X409","Finance Code Directory (2023-24","208"
"2023-24","4702","Private Equity & Venture Capital Club","QED Fintech Day","45405","45405","X","X167","Finance Code Directory (2023-24","209"
"2023-24","4701","Central","SA_ Treasury Annual Connects","45309","45458","X","X101","Finance Code Directory (2023-24","210"
"2023-24","4700","Private Equity & Venture Capital Club","PEVC India Trek","45357","45363","X","X167","Finance Code Directory (2023-24","211"
"2023-24","4698","Football Club (Men's)","Dear England","45258","45258","S","S126","Finance Code Directory (2023-24","212"
"2023-24","4697","China Club","China Trek","45451","45459","X","X271","Finance Code Directory (2023-24","213"
"2023-24","4696","Central","Treasury CRM System","45349","","X","X101","Finance Code Directory (2023-24","214"
"2023-24","4695","Healthcare Club","Alumi Networking Event","45333","45362","X","X109","Finance Code Directory (2023-24","215"
"2023-24","4694","Social Impact Club","London Impact Investing Trek","45348","45352","X","X159","Finance Code Directory (2023-24","216"
"2023-24","4693","DACH Club (Germany, Austria & Switzerland)","Alumni PE Panel 2024","45356","45356","X","X133","Finance Code Directory (2023-24","217"
"2023-24","4692","Central","Write _Offs 2022-23","44835","45335","X","X101","Finance Code Directory (2023-24","218"
"2023-24","4691","Finance club","Networking Event - (Oxford, Cambridge & LBS)","45345","45345","X","X125","Finance Code Directory (2023-24","219"
"2023-24","4690","Impact Consulting Club","IMPACTathon","45397","45401","X","X387","Finance Code Directory (2023-24","220"
"2023-24","4688","Infrastructure & Construction Club","Trends and Investing in EV charging Infrastructure","45356","45356","X","X421","Finance Code Directory (2023-24","221"
"2023-24","4687","Infrastructure & Construction Club","Infra Speaker series - Infrastructure Advisory","45343","45343","X","X421","Finance Code Directory (2023-24","222"
"2023-24","4686","Infrastructure & Construction Club","Infra Speaker series - Fireside chat with John Flint","45337","45337","X","X421","Finance Code Directory (2023-24","223"
"2023-24","4685","Infrastructure & Construction Club","Project Finance Course with Mazars","45359","45359","X","X421","Finance Code Directory (2023-24","224"
"2023-24","4684","Private Equity & Venture Capital Club","MultipleX Exco Meeting","45345","45345","X","X167","Finance Code Directory (2023-24","225"
"2023-24","4683","Tech & Media Club","TMC_London_Treks_H1_2024","45352","45473","X","X213","Finance Code Directory (2023-24","226"
"2023-24","4682","Tech & Media Club","TMC_NewYork_Trek March 2024","45355","","X","X213","Finance Code Directory (2023-24","227"
"2023-24","4680","Cycling Club","London to Amsterdam 2024","45336","45423","X","X351","Finance Code Directory (2023-24","228"
"2023-24","4681","Cycling Club","London to Paris 2024","45336","45453","X","X351","Finance Code Directory (2023-24","229"
"2023-24","4679","Volleyball Club","MBAT Tryouts","45334","45345","X","X223","Finance Code Directory (2023-24","230"
"2023-24","4678","Investment Management Club","Speaker_Series_Cristiano_Souza","45341","","X","X229","Finance Code Directory (2023-24","231"
"2023-24","4677","Black in Business Club","An Evening with Morin Oluwole","45387","","S","S502","Finance Code Directory (2023-24","232"
"2023-24","4676","Brazil Club","Brazil Party","45351","45351","S","S290","Finance Code Directory (2023-24","233"
"2023-24","4675","Impact Consulting Club","Bain Sponsorship","45170","45535","S","S386","Finance Code Directory (2023-24","234"
"2023-24","4674","LatAm Club","Latin America Business Forum","45393","45394","S","S150","Finance Code Directory (2023-24","235"
"2023-24","4673","Entrepreneurship Club","Club Banner","45328","45412","X","X121","Finance Code Directory (2023-24","236"
"2023-24","4672","Family Business Club","Speaker Series and Networking","45353","45354","X","X307","Finance Code Directory (2023-24","237"
"2023-24","4671","Asia Club","Asia Club Tattoo Event","45395","","X","X103","Finance Code Directory (2023-24","238"
"2023-24","4670","Middle East & North Africa Club","MENA Club Iftar Party","45385","","S","S156","Finance Code Directory (2023-24","239"
"2023-24","4669","Healthcare Club","Healthcare club Banners and LBS Mugs","45334","45334","X","X109","Finance Code Directory (2023-24","240"
"2023-24","4668","Swimming Club","MBAT Swimming Subsidy","45421","45424","X","X193","Finance Code Directory (2023-24","241"
"2023-24","4667","Black in Business Club","BiB Africa Infrastrusture Summit","45377","45377","S","S502","Finance Code Directory (2023-24","242"
"2023-24","4666","Black in Business Club","BiB & Allies Welcome Drinks","45321","45321","X","X503","Finance Code Directory (2023-24","243"
"2023-24","4665","Black in Business Club","BiB goes to Winter Wonderland","45274","45274","X","X503","Finance Code Directory (2023-24","244"
"2023-24","4664","Black in Business Club","Exco Dinner","45314","45314","X","X503","Finance Code Directory (2023-24","245"
"2023-24","4663","Black in Business Club","African cup of Nations Final Viewing","45333","45333","X","X503","Finance Code Directory (2023-24","246"
"2023-24","4662","Art & Business Club","Art & Business Exco - Paint & Wine night","45321","45321","X","X269","Finance Code Directory (2023-24","247"
"2023-24","4661","Women in Business Club","Brunch,Books & Bows: A Morning of Literacy Matchmaking","45337","45337","X","X199","Finance Code Directory (2023-24","248"
"2023-24","4660","Women in Business Club","Fitness & Breakfast day with WiB","45324","45324","X","X199","Finance Code Directory (2023-24","249"
"2023-24","4659","Expedition Club","3 Peaks Challenge (Yorkshire)","45402","45404","X","X417","Finance Code Directory (2023-24","250"
"2023-24","4658","Asia Club","ExCo New Year Gathering Dinner with Exco Event","45327","45327","X","X103","Finance Code Directory (2023-24","251"
"2023-24","4657","Central","ExCo_TechPillar","45322","45322","X","X101","Finance Code Directory (2023-24","252"
"2023-24","4656","Entrepreneurship Through Acquisition Society","ETA Conference Spring 2024","45387","45387","S","S514","Finance Code Directory (2023-24","253"
"2023-24","4655","Consulting Club","CaseCoach","45213","45213","X","X115","Finance Code Directory (2023-24","254"
"2023-24","4654","Foodie Club","Trek Foodie Club Mallorca 2024","45351","45354","X","X459","Finance Code Directory (2023-24","255"
"2023-24","4653","Real Estate Club","Real estate Financial Modelling Workshop 2ND EVENT","45347","45347","X","X171","Finance Code Directory (2023-24","256"
"2023-24","4652","Acting & Comedy Club","ExCo Social April 23","45020","45020","X","X231","Finance Code Directory (2023-24","257"
"2023-24","4651","Real Estate Club","Real estate Financial Modelling Workshop","45340","45340","X","X171","Finance Code Directory (2023-24","258"
"2023-24","4650","Real Estate Club","ExCo Meeting and Drinks","45322","45322","X","X171","Finance Code Directory (2023-24","259"
"2023-24","4649","DACH Club (Germany, Austria & Switzerland)","Germany AI Trek","45344","45346","X","X133","Finance Code Directory (2023-24","260"
"2023-24","4647","Spanish Club","Spanish Cub Speaker Series","45362","45362","X","X187","Finance Code Directory (2023-24","261"
"2023-24","4645","Out in Business Club","OiB Rainbow Trek","45407","45411","S","S164","Finance Code Directory (2023-24","262"
"2023-24","4646","Private Equity & Venture Capital Club","PEVC ExCo Dinner Treasury","45318","45318","X","X167","Finance Code Directory (2023-24","263"
"2023-24","4644","Out in Business Club","OiB Social","45292","45535","X","X165","Finance Code Directory (2023-24","264"
"2023-24","4643","Retail & Luxury Goods Club","Duplicate of","45361","45365","X","X325","Finance Code Directory (2023-24","265"
"2023-24","4642","DACH Club (Germany, Austria & Switzerland)","Oktoberfest","45198","45198","X","X133","Finance Code Directory (2023-24","266"
"2023-24","4641","Geopolitics & Business Society","ExCo Social","45316","45504","X","X529","Finance Code Directory (2023-24","267"
"2023-24","4640","Out in Business Club","Oib Exco Team Dinner","45292","45535","X","X165","Finance Code Directory (2023-24","268"
"2023-24","4639","Art & Business Club","BFI London Film Festival: Headline Gala ""Living""","44845","44845","X","X269","Finance Code Directory (2023-24","269"
"2023-24","4638","Real Estate Club","Miami Trek","45397","45401","X","X171","Finance Code Directory (2023-24","270"
"2023-24","4637","Real Estate Club","MIPIM Conference Attendee/ Scribe","45361","45366","X","X171","Finance Code Directory (2023-24","271"
"2023-24","4636","Real Estate Club","2024 London Real Estate Trek","45341","45343","X","X171","Finance Code Directory (2023-24","272"
"2023-24","4635","North America Club","NS Club _Superbowl_Feb2024","45333","45334","S","S160","Finance Code Directory (2023-24","273"
"2023-24","4632","Art & Business Club","Four Daughters Premiere at LFF","45213","45213","X","X269","Finance Code Directory (2023-24","274"
"2023-24","4631","Art & Business Club","Dancing on the Edge of a Volcano Premiere at LFF","45211","45211","X","X269","Finance Code Directory (2023-24","275"
"2023-24","4630","Investment Management Club","Speaker Series - Fixed Income 29 Jan","45320","45320","X","X229","Finance Code Directory (2023-24","276"
"2023-24","4628","Football Club (Men's)","Millwall Match","45339","45339","S","S126","Finance Code Directory (2023-24","277"
"2023-24","4627","Asia Club","Chinese New Year Dim Sum Lunch","45345","45345","X","X103","Finance Code Directory (2023-24","278"
"2023-24","4626","Japan Club","Introduction of Japanese Whiskey","45364","45364","S","S146","Finance Code Directory (2023-24","279"
"2023-24","4625","Entrepreneurship Club","Booster","45334","45441","X","X121","Finance Code Directory (2023-24","280"
"2023-24","4624","Entrepreneurship Club","Launchpad","45292","45442","X","X121","Finance Code Directory (2023-24","281"
"2023-24","4623","North America Club","March Madness 50/50 Charity Bracket","45368","45390","X","X161","Finance Code Directory (2023-24","282"
"2023-24","4622","North America Club","North America Club Curling Event","45328","45328","X","X161","Finance Code Directory (2023-24","283"
"2023-24","4620","Private Equity & Venture Capital Club","Germany PE Trek","45336","45338","X","X167","Finance Code Directory (2023-24","284"
"2023-24","4619","Social Impact Club","Impact from All Angles- a Holistic Perspective","45321","45321","X","X159","Finance Code Directory (2023-24","285"
"2023-24","4618","Design & Innovation Club","BCG - A talk with BCG digital ventures team","45057","45057","X","X425","Finance Code Directory (2023-24","286"
"2023-24","4617","Art & Business Club","Tate Britain 1-Hour Highlights Tour","45303","45303","S","S268","Finance Code Directory (2023-24","287"
"2023-24","4616","Art & Business Club","Drawing Foundations Workshop","45239","45239","X","X269","Finance Code Directory (2023-24","288"
"2023-24","4613","Football Club (Men's)","Referee Payments","45139","45394","X","X127","Finance Code Directory (2023-24","289"
"2023-24","4612","Retail & Luxury Goods Club","RLCC - Annual Conference","45345","45345","S","S324","Finance Code Directory (2023-24","290"
"2023-24","4611","Energy & Environment Club","CleanTech Challenge","45365","45365","X","X119","Finance Code Directory (2023-24","291"
"2023-24","4610","Healthcare Club","Annual Healthcare Club Conference","45385","45386","S","S108","Finance Code Directory (2023-24","292"
"2023-24","4609","Healthcare Club","Healthcare Investing and Networking Event","45342","45342","X","X109","Finance Code Directory (2023-24","293"
"2023-24","4608","Middle East Club","Saudi Arabia Trek 2024","45351","45358","X","X157","Finance Code Directory (2023-24","294"
"2023-24","4607","Infrastructure & Construction Club","Demystifying Ratings in Infrastructure","45322","45322","X","X421","Finance Code Directory (2023-24","295"
"2023-24","4606","Infrastructure & Construction Club","Fireside Chat with Tara Davies","45307","45307","X","X421","Finance Code Directory (2023-24","296"
"2023-24","4605","Entrepreneurship Club","Hack LBS","45353","45354","X","X121","Finance Code Directory (2023-24","297"
"2023-24","4604","Design & Innovation Club","Kearney - A Design Thinking Workshop","45075","45075","X","X425","Finance Code Directory (2023-24","298"
"2023-24","4603","Central & Eastern Europe Club","Renewables Speaker Event","45344","45344","X","X117","Finance Code Directory (2023-24","299"
"2023-24","4602","Design & Innovation Club","Exco Dinner","45118","45118","X","X425","Finance Code Directory (2023-24","300"
"2023-24","4601","Japan Club","Sake Night","45338","45338","S","S146","Finance Code Directory (2023-24","301"
"2023-24","4600","Retail & Luxury Goods Club","RLCC_Panel","45335","45335","X","X325","Finance Code Directory (2023-24","302"
"2023-24","4599","Japan Club","Japanese Tea Ceremony Event","45315","45315","S","S146","Finance Code Directory (2023-24","303"
"2023-24","4598","Women in Business Club","Oliver Wyman Sponsorship","30/804/24","45839","S","S198","Finance Code Directory (2023-24","304"
"2023-24","4597","Commodities Club","ExCo- Commodities Social","45321","45321","X","X409","Finance Code Directory (2023-24","305"
"2023-24","4596","Private Equity & Venture Capital Club","CapTable Modelling Workshop with Wall St Prep","45318","45318","X","X167","Finance Code Directory (2023-24","306"
"2023-24","4593","Marketing & Strategy Club","Marketing & Strategy Speaker Event and Networking Session","45308","45308","X","X155","Finance Code Directory (2023-24","307"
"2023-24","4592","Retail & Luxury Goods Club","RLCC_Panel in January","45314","45314","X","X325","Finance Code Directory (2023-24","308"
"2023-24","4591","Acting & Comedy Club","Moulin Rouge","45348","45348","X","X231","Finance Code Directory (2023-24","309"
"2023-24","4590","Social Impact Club","What is BCorp?","45259","45259","X","X159","Finance Code Directory (2023-24","310"
"2023-24","4589","Investment Management Club","Asset Management Conference","45531","36701","S","S228","Finance Code Directory (2023-24","311"
"2023-24","4586","Wine & Spirit Club","WSC_London _Tastings_2024","45267","45480","S","S224","Finance Code Directory (2023-24","312"
"2023-24","4585","Black in Business Club","Black in Business Club","45272","45272","X","X503","Finance Code Directory (2023-24","313"
"2023-24","4583","Social Impact Club","Impact Measurement & Management with 60Decibels","45314","45314","X","X159","Finance Code Directory (2023-24","314"
"2023-24","4584","Private Equity & Venture Capital Club","PE Speakers Team Brunch","45250","","X","X167","Finance Code Directory (2023-24","315"
"2023-24","4582","Expedition Club","Expedition Club Relaunch with Guest Speaker Olly Hicks","45309","","X","X417","Finance Code Directory (2023-24","316"
"2023-24","4581","Private Equity & Venture Capital Club","RSM Impact Investing Competition","45262","","X","X167","Finance Code Directory (2023-24","317"
"2023-24","4580","Private Equity & Venture Capital Club","PVEC Club worldwide","45249","","X","X167","Finance Code Directory (2023-24","318"
"2023-24","4578","People Strategy Club","Unleashing Radical Candor","45349","45349","X","X491","Finance Code Directory (2023-24","319"
"2023-24","4577","Racket Sports Club","Tennis Court Booking for Social Session","45260","45504","X","X521","Finance Code Directory (2023-24","320"
"2023-24","4576","Racket Sports Club","Tennis Kit Procurement for Social Session","45260","45504","X","X521","Finance Code Directory (2023-24","321"
"2023-24","4575","Racket Sports Club","Squash Court Booking for Social Session","45260","45504","X","X521","Finance Code Directory (2023-24","322"
"2023-24","4574","Racket Sports Club","Squash Kit Procurement for Social Session","45260","45504","X","X521","Finance Code Directory (2023-24","323"
"2023-24","4573","Racket Sports Club","Padel Court Booking for Social Session","45260","45504","X","X521","Finance Code Directory (2023-24","324"
"2023-24","4572","Racket Sports Club","Padel Sports Kit Procurement for Social Session","45260","45260","X","X521","Finance Code Directory (2023-24","325"
"2023-24","4570","Sports Business Club","City Football Group","45350","45350","X","X275","Finance Code Directory (2023-24","326"
"2023-24","4568","Finance Club","Reunion Networking Event","45317","45317","X","X125","Finance Code Directory (2023-24","327"
"2023-24","4567","Brazil Club","Brazilian Christmas Lunch","45262","45262","X","X291","Finance Code Directory (2023-24","328"
"2023-24","4566","Board Games Club","Purchasing Board Games","45107","45473","X","X397","Finance Code Directory (2023-24","329"
"2023-24","4564","Women's Touch Rugby Club","Game Day Expenses","45257","","X","X201","Finance Code Directory (2023-24","330"
"2023-24","4563","Board Games Club","Board Games Night 2023","45170","45504","X","X397","Finance Code Directory (2023-24","331"
"2023-24","4562","People Strategy Club","ExCo_Social Nov23","45251","","X","X491","Finance Code Directory (2023-24","332"
"2023-24","4560","Football Club (Men's)","ExCo _Welcome Event","45253","45253","X","X127","Finance Code Directory (2023-24","333"
"2023-24","4559","Design & Innovation Club","Exco Team Kick-off Social","45254","","X","X425","Finance Code Directory (2023-24","334"
"2023-24","4557","Brazil Club","Brazilian Dinner: LBS @ Tia Maria","45265","","S","S290","Finance Code Directory (2023-24","335"
"2023-24","4556","Black in Business Club","BiB Festive Bake Off_2023","45271","","S","S502","Finance Code Directory (2023-24","336"
"2023-24","4555","Japan Club","Asian movie afternoon: My Neighbour Totoro","45265","","X","X147","Finance Code Directory (2023-24","337"
"2023-24","4554","Finance Club","Wall Street Prep - Finance Club","45263","","S","S124","Finance Code Directory (2023-24","338"
"2023-24","4553","Healthcare Club","Alumni Dinner","45330","45330","S","S108","Finance Code Directory (2023-24","339"
"2023-24","4552","Nordic Club","Nordic club banquet","45309","","S","S360","Finance Code Directory (2023-24","340"
"2023-24","4550","Wellbeing Club","Career Resilience Workshop with Ashot Ter Avanesian","45378","45378","X","X517","Finance Code Directory (2023-24","341"
"2023-24","4549","Middle East Club","Middle East Club Dinner","45322","45322","S","S156","Finance Code Directory (2023-24","342"
"2023-24","4548","LatAm Club","LatAm Recruiting Panel","45254","","X","X151","Finance Code Directory (2023-24","343"
"2023-24","4547","LatAm Club","Latam 24-25 Integration (Arg-Uru-Par Edition)","45252","","X","X151","Finance Code Directory (2023-24","344"
"2023-24","4545","Healthcare Club","Health Club ExCo Team Bonding","45246","45474","X","X109","Finance Code Directory (2023-24","345"
"2023-24","4544","Healthcare Club","Health Tech Challange","45301","","X","X109","Finance Code Directory (2023-24","346"
"2023-24","4543","Healthcare Club","Annual Alumni Dinner Event","45265","","S","S108","Finance Code Directory (2023-24","347"
"2023-24","4542","Board Games Club","ExCo_Social","45217","","X","X397","Finance Code Directory (2023-24","348"
"2023-24","4540","Private Equity & Venture Capital Club","London Mid-Market Private Equity Trek drinks","45243","","X","X167","Finance Code Directory (2023-24","349"
"2023-24","4539","Private Equity & Venture Capital Club","Swiss PE Trek","45271","45273","X","X167","Finance Code Directory (2023-24","350"
"2023-24","4538","Racket Sports Club","Racquet Sports Club Social","45258","","X","X521","Finance Code Directory (2023-24","351"
"2023-24","4537","Entrepreneurship Club","HackLBS 2023/2024","45304","45305","X","X121","Finance Code Directory (2023-24","352"
"2023-24","4536","Central and Eastern Europe Club","Trek_Prague","45270","","X","X117","Finance Code Directory (2023-24","353"
"2023-24","4535","Central","SA Disorientation Trek","45466","45473","X","X101","Finance Code Directory (2023-24","354"
"2023-24","4533","Sports Business Club","Turnstile Speaker Event","45238","45238","X","X275","Finance Code Directory (2023-24","355"
"2023-24","4532","Geopolitics & Business Society","Sponsorship","45245","45504","S","S528","Finance Code Directory (2023-24","356"
"2023-24","4531","Private Equity & Venture Capital Club","Alumni Mixer – Private Equity","45252","","X","X167","Finance Code Directory (2023-24","357"
"2023-24","4530","Private Equity & Venture Capital Club","MERCHANDISING PEVC CLUB EXCO","45250","","X","X167","Finance Code Directory (2023-24","358"
"2023-24","4529","Geopolitics & Business Society","Fireside Chat for Academic Year 2023 - non VAT","45245","45473","X","X529","Finance Code Directory (2023-24","359"
"2023-24","4527","Japan Club","Japan Night","45255","","S","S228","Finance Code Directory (2023-24","360"
"2023-24","4525","Volleyball Club","ExCo _Meetings","45242","45255","X","X223","Finance Code Directory (2023-24","361"
"2023-24","4524","LatAm Club","LatAm Jackets 2023","45170","45322","S","S150","Finance Code Directory (2023-24","362"
"2023-24","4523","LatAm Club","Freside Chat with Harold Mayne-Nicholls","45369","45370","X","X151","Finance Code Directory (2023-24","363"
"2023-24","4522","Japan Club","How is it like to study in Japan","45316","45316","X","X147","Finance Code Directory (2023-24","364"
"2023-24","4521","Wine & Spirits Club","Trek_WSC_Champagne 2024","45408","45410","X","X225","Finance Code Directory (2023-24","365"
"2023-24","4520","Wine & Spirits Club","Trek_WSC_Italy 2024","45394","45396","X","X225","Finance Code Directory (2023-24","366"
"2023-24","4519","Wine & Spirits Club","WSC_All member Social 2023/2024","45250","45473","X","X225","Finance Code Directory (2023-24","367"
"2023-24","4518","Rugby Club (Women's)","AMC Fees","45245","45473","X","X201","Finance Code Directory (2023-24","368"
"2023-24","4517","Wine & Spirits Club","EXCO_ Socials 2023/2024","45250","45473","X","X225","Finance Code Directory (2023-24","369"
"2023-24","4516","Italian Club","Christmas dinner 2023","45258","","S","S144","Finance Code Directory (2023-24","370"
"2023-24","4515","Tech & Media Club","TMC_European trek Spring 2024","45368","45374","X","X213","Finance Code Directory (2023-24","371"
"2023-24","4514","Tech & Media Club","All member Social events 2023/2024","45244","45474","S","S212","Finance Code Directory (2023-24","372"
"2023-24","4512","Tech & Media Club","Exco - social events 2023/24","45244","45474","S","S212","Finance Code Directory (2023-24","373"
"2023-24","4511","Finance Club","Women in Banking - Finance Club","45245","45250","X","X125","Finance Code Directory (2023-24","374"
"2023-24","4510","Basketball Club","Basketball Apparel","45231","45466","S","S106","Finance Code Directory (2023-24","375"
"2023-24","4509","Partners Club","Kids Christmas Party","45263","","S","S162","Finance Code Directory (2023-24","376"
"2023-24","4508","Social Impact Club","Speaker event about “Social and environmental Impact at Octopus","45616","","X","X159","Finance Code Directory (2023-24","377"
"2023-24","4507","Family Business Club","Family Business Club - Inaugural Club Social","45250","45443","S","S306","Finance Code Directory (2023-24","378"
"2023-24","4506","Portugal Club","Portugal Club Christmas Dinner","45251","","S","S298","Finance Code Directory (2023-24","379"
"2023-24","4505","Commodities Club","Energy Trading Challenges in 2023","45252","45252","X","X409","Finance Code Directory (2023-24","380"
"2023-24","4504","Retail, Luxury & Consumer Club","Fireside Chat with Harrods Head of Marketing","45268","","X","X325","Finance Code Directory (2023-24","381"
"2023-24","4503","Real Estate Club","Fireside Chat with Charles Brian (Blackstone)","45244","","X","X171","Finance Code Directory (2023-24","382"
"2023-24","4502","Japan Club","Japanese Movie Series – Shin Godzilla","45316","","S","S146","Finance Code Directory (2023-24","383"
"2023-24","4501","Commodities Club","ERG Visit","45246","45246","X","X409","Finance Code Directory (2023-24","384"
"2023-24","4500","Energy & Environment Club","Inter-Club Collaborations and Workshops","45231","45504","X","X119","Finance Code Directory (2023-24","385"
"2023-24","4499","Energy & Environment Club","Alumni & Student Mixers/Alumni speaker events","45245","45504","X","X119","Finance Code Directory (2023-24","386"
"2023-24","4498","Energy & Environment Club","Visit to Entergy & Cleantech firm","45292","45504","S","S118","Finance Code Directory (2023-24","387"
"2023-24","4497","Energy & Environment Club","Professional Developments","45292","45504","X","X119","Finance Code Directory (2023-24","388"
"2023-24","4495","Design & Innovation Club","Design and Innovation in Practice at Gensler","45254","","X","X425","Finance Code Directory (2023-24","389"
"2023-24","4494","Investment Management Club","Stock Pitch/Investments workshop","45250","45264","S","S228","Finance Code Directory (2023-24","390"
"2023-24","4492","Social Impact Club","ExCo Meeting","45243","45504","X","X159","Finance Code Directory (2023-24","391"
"2023-24","4491","Healthcare Club","NHS - Project Programme Closing Event","45266","","X","X109","Finance Code Directory (2023-24","392"
"2023-24","4490","Italian Club","Nova event 2023","45240","45242","S","S144","Finance Code Directory (2023-24","393"
"2023-24","4489","Infrastructure & Construction Club","Build a renewable energy financial model with Cesar Torres of Nala Renewables","45234","","X","X421","Finance Code Directory (2023-24","394"
"2023-24","4488","Social Impact Club","Sustainability Innovation lab with Unilever x EY x Moving Works","45244","","X","X159","Finance Code Directory (2023-24","395"
"2023-24","4487","Central & Eastern Europe Club","ExCo - new Jr ExCo welcome dinner","45211","","X","X117","Finance Code Directory (2023-24","396"
"2023-24","4486","Spanish Club","Spanish Club Merchandise Sale","45244","45285","S","S186","Finance Code Directory (2023-24","397"
"2023-24","4484","Cycling Club","Cycling kit sale 23/24","45245","45259","S","S350","Finance Code Directory (2023-24","398"
"2023-24","4483","Consulting Club","Case Competition","45247","45247","X","X115","Finance Code Directory (2023-24","399"
"2023-24","4482","LatAm Club","Latam 24-25 Integration (Chile Edition)","45237","","X","X151","Finance Code Directory (2023-24","400"
"2023-24","4481","Consulting Club","Education Society - Event","45231","45231","X","X115","Finance Code Directory (2023-24","401"
"2023-24","4480","Volunteers Club","EXCO Welcome","45236","45236","X","X355","Finance Code Directory (2023-24","402"
"2023-24","4479","Women in Business Club","WiB exco Socials","45260","","X","X199","Finance Code Directory (2023-24","403"
"2023-24","4477","LatAm Club","Latam EOY Party","45260","45261","S","S150","Finance Code Directory (2023-24","404"
"2023-24","4476","Energy & Environment Club","Student Coffee Chats_Energy & Environment Club","45257","","X","X119","Finance Code Directory (2023-24","405"
"2023-24","4475","Private Equity & Venture Capital Club","VC & Startups Falls Social 2023","45253","","S","S166","Finance Code Directory (2023-24","406"
"2023-24","4474","Women in Business Club","EQUALL Conference 2023","45358","45359","S","S198","Finance Code Directory (2023-24","407"
"2023-24","4473","Healthcare Club","Healthcare Thought Leadership Event","45257","","X","X109","Finance Code Directory (2023-24","408"
"2023-24","4472","Energy & Environment Club","Energy & Environment Club Postcasts","45236","45504","X","X119","Finance Code Directory (2023-24","409"
"2023-24","4471","China Club","Tattoo preparation","45395","45395","X","X271","Finance Code Directory (2023-24","410"
"2023-24","4470","Healthcare Club","Alumni Panel Discussion","45192","","S","S108","Finance Code Directory (2023-24","411"
"2023-24","4469","LatAm Club","Latam 24-25 Integration (Peru Edition)","45232","","X","X151","Finance Code Directory (2023-24","412"
"2023-24","4468","Asia Club","Asian Fiid Series - Thai Zapp @ The Heron","45247","","S","S102","Finance Code Directory (2023-24","413"
"2023-24","4466","Board Games Club","LBS Chess Tournament","45256","","S","S396","Finance Code Directory (2023-24","414"
"2023-24","4465","Portugal Club","Merchandise sale","45236","45240","S","S298","Finance Code Directory (2023-24","415"
"2023-24","4464","Energy & Environment Club","Pitch & Panel Events","45245","45504","S","S118","Finance Code Directory (2023-24","416"
"2023-24","4463","Asia Club","Live McKinsey Style Case Interview Workshop","45265","45265","X","X103","Finance Code Directory (2023-24","417"
"2023-24","4462","Healthcare Club","ExCo Flight Club Social","45323","45323","X","X109","Finance Code Directory (2023-24","418"
"2023-24","4460","Central","TECH SEMINAR","45259","","X","X101","Finance Code Directory (2023-24","419"
"2023-24","4459","Football Club (Men's)","Madrid Football Club Trip","45354","45354","S","S126","Finance Code Directory (2023-24","420"
"2023-24","4458","Infrastructure & Construction Club","Infra speaker series - Fireside Chat with Martin Bradley","45251","","X","X421","Finance Code Directory (2023-24","421"
"2023-24","4456","Asia Club","Consulting Q&A: Navigating Dubai's Consulting world","45239","45239","X","X103","Finance Code Directory (2023-24","422"
"2023-24","4455","Music Club","MusicGroup_ABBAVoyage_June_2023","45088","45088","X","X211","Finance Code Directory (2023-24","423"
"2023-24","4454","Sailing Club","Autumn Boat Social Event, Sailing Club","45253","45222","S","S180","Finance Code Directory (2023-24","424"
"2023-24","4453","Cricket Club","Indoor nets @ Lord's Cricket Ground","44930","45472","X","X111","Finance Code Directory (2023-24","425"
"2023-24","4451","Spanish Club","Christmas Dinner","45253","","X","X187","Finance Code Directory (2023-24","426"
"2023-24","4450","Infrastructure & Construction Club","Infra Speaker Series - Project Finance Insights by BBVA","45236","","X","X421","Finance Code Directory (2023-24","427"
"2023-24","4449","Private Equity & Venture Capital Club","Elevate - Private Equity recruiting & technical training","45234","","S","S166","Finance Code Directory (2023-24","428"
"2023-24","4448","Central","SA_Alumni_Podcast","45231","45458","X","X101","Finance Code Directory (2023-24","429"
"2023-24","4447","Central","SA_PartnersClubSupport_YearEndEvent","45292","45458","X","X101","Finance Code Directory (2023-24","430"
"2023-24","4446","Central","SA_PartnersClubSupport_WelcomeEvent","45170","45427","X","X101","Finance Code Directory (2023-24","431"
"2023-24","4445","Central","Team Building","45108","45092","X","X101","Finance Code Directory (2023-24","432"
"2023-24","4444","Central","General Reserve","45108","45092","X","X101","Finance Code Directory (2023-24","433"
"2023-24","4443","Central","Annual Survey","45108","45092","X","X101","Finance Code Directory (2023-24","434"
"2023-24","4442","Central","Infrastructure Fund Ops","45108","45092","X","X101","Finance Code Directory (2023-24","435"
"2023-24","4441","Central","Infrastructure Fund Treasury","45108","45092","X","X101","Finance Code Directory (2023-24","436"
"2023-24","4440","Central","Bank Fees","45108","45092","X","X101","Finance Code Directory (2023-24","437"
"2023-24","4439","Central","SA_RunningCosts_Eventscase","45170","","X","X101","Finance Code Directory (2023-24","438"
"2023-24","4439","Central","Eventscase","45108","45092","X","X101","Finance Code Directory (2023-24","439"
"2023-24","4438","Central","Management Fees","45108","45092","X","X101","Finance Code Directory (2023-24","440"
"2023-24","4437","Central","SA_Sponsorships_ExcoSocial","45170","45427","X","X101","Finance Code Directory (2023-24","441"
"2023-24","4436","Central","SA_Treasury _ExcoSocials","45170","45427","X","X101","Finance Code Directory (2023-24","442"
"2023-24","4435","Central","SA_Tech&Ops_ExcoSocials","45170","45427","X","X101","Finance Code Directory (2023-24","443"
"2023-24","4434","Central","SA_ESG_Subscriptions","45170","45427","X","X101","Finance Code Directory (2023-24","444"
"2023-24","4433","Central","SA_ESG_ExCoSocials","45170","45427","X","X101","Finance Code Directory (2023-24","445"
"2023-24","4432","Central","SA_Yearbook","45226","45427","X","X101","Finance Code Directory (2023-24","446"
"2023-24","4431","Central","SA_Marketing_Subscriptions","45170","45427","X","X101","Finance Code Directory (2023-24","447"
"2023-24","4430","Central","SA_Marketing_ExcoSocials","45170","45427","X","X101","Finance Code Directory (2023-24","448"
"2023-24","4429","Central","SA_Advocacy_ExcoSocials","45170","45458","X","X101","Finance Code Directory (2023-24","449"
"2023-24","4428","Central","SA_Advocacy_SpeakOut","45292","45427","X","X101","Finance Code Directory (2023-24","450"
"2023-24","4427","Central","Alumni Exco Socials","45170","","X","X101","Finance Code Directory (2023-24","451"
"2023-24","4426","Central","Alumni Gifts","45170","","X","X101","Finance Code Directory (2023-24","452"
"2023-24","4425","Central","Alumni Coffee Chats","45170","","X","X101","Finance Code Directory (2023-24","453"
"2023-24","4424","Central","Exco Socials","45170","45427","X","X101","Finance Code Directory (2023-24","454"
"2023-24","4423","Central","Tattoo 2024","45292","45427","S","S100","Finance Code Directory (2023-24","455"
"2023-24","4422","Central","SA_Clubs _MBAT","45226","45427","X","X101","Finance Code Directory (2023-24","456"
"2023-24","4421","Central","SA_Clubs _ExCoSocials","45170","45427","X","X101","Finance Code Directory (2023-24","457"
"2023-24","4420","Central","SA_Incoming Students_LBS Family","45226","45427","X","X101","Finance Code Directory (2023-24","458"
"2023-24","4419","Retail, Luxury & Consumer Club","RLCC - Careers in Consulting Panel","45238","","X","X325","Finance Code Directory (2023-24","459"
"2023-24","4418","Korea Club","Soju Night","45259","","S","S148","Finance Code Directory (2023-24","460"
"2023-24","4417","Snow Club","Merchandise sale","45223","45473","S","S184","Finance Code Directory (2023-24","461"
"2023-24","4416","Blockchain Society","London Blockchain Summit 2024","45309","45309","S","S518","Finance Code Directory (2023-24","462"
"2023-24","4415","Entrepreneurship Club","Spark Series Event","45229","45467","X","X121","Finance Code Directory (2023-24","463"
"2023-24","4414","Football Club - Men","Toca Social","45238","","S","S126","Finance Code Directory (2023-24","464"
"2023-24","4413","Blockchain Society","Coinbase London Office Visit & Networking","45245","","S","S518","Finance Code Directory (2023-24","465"
"2023-24","4412","Geopolitics & Business Society","Fireside Chat for Academic Year 2023","45245","45473","X","X529","Finance Code Directory (2023-24","466"
"2023-24","4411","Wellbeing Club","ExCo kickoff","45234","","X","X517","Finance Code Directory (2023-24","467"
"2023-24","4410","Central","ICC Cricket world cup match screening","45246","45249","X","X101","Finance Code Directory (2023-24","468"
"2023-24","4409","Marketing & Strategy Club","ExCo_Social Fall23","45264","45264","X","X155","Finance Code Directory (2023-24","469"
"2023-24","4408","Commodities Club","Visit to the European Energy Trading house RWE","45239","45239","X","X409","Finance Code Directory (2023-24","470"
"2023-24","4406","Central","SA_Advocacy","45196","45196","X","X101","Finance Code Directory (2023-24","471"
"2023-24","4407","Healthcare Club","Joint event with Crick Science Entrepreneur Network","45253","","S","S108","Finance Code Directory (2023-24","472"
"2023-24","4405","Board Games Club","Poker 101 for Women","45228","45228","X","X397","Finance Code Directory (2023-24","473"
"2023-24","4404","Art & Business Club","Demysifying Strategic Roles in the Creative Indudtry - Speaker","45314","45314","X","X269","Finance Code Directory (2023-24","474"
"2023-24","4401","Asia Club","Consulting Q&A with McKinsey Associate Partner - why now and what after","45233","","X","X103","Finance Code Directory (2023-24","476"
"2023-24","4400","Cycling Club","Exco - Budget Meetings","45201","45450","X","X351","Finance Code Directory (2023-24","477"
"2023-24","4399","Private Equity & Venture Capital Club","PEVC Ecxo Kick Off 2023","45217","","X","X167","Finance Code Directory (2023-24","478"
"2023-24","4398","Sailing Club","Athens Global MBA Regatta 2024","11/04//2023","45213","X","X181","Finance Code Directory (2023-24","479"
"2023-24","4397","Volunteers Club","The Wings of Hope Speed & Mentoring Workshop","45259","45259","X","X355","Finance Code Directory (2023-24","480"
"2023-24","4396","Infrastructure & Construction Club","CV Review Session with Alumni & Peers","45229","","X","X421","Finance Code Directory (2023-24","481"
"2023-24","4394","Social Impact Club","Renewable energy modeling workshop","45600","","S","S158","Finance Code Directory (2023-24","482"
"2023-24","4393","Art & Business Club","Drawing Workshop","45239","45239","X","X269","Finance Code Directory (2023-24","483"
"2023-24","4392","Art & Business Club","The National Gallery Guided Museum Tour","45247","45247","S","S268","Finance Code Directory (2023-24","484"
"2023-24","4390","Infrastructure & Construction Club","Infra Speaker Series - Introduction to Financial Advisory","45218","","X","X421","Finance Code Directory (2023-24","485"
"2023-24","4389","Wine & Spirits Club","Exco_WSC_Kickoff_Oct_2023","45229","","X","X225","Finance Code Directory (2023-24","486"
"2023-24","4388","Wellbeing Club","New ExCo Club Kickoff","45217","45217","X","X517","Finance Code Directory (2023-24","487"
"2023-24","4386","Vibrant Feet@LBS (LBS Dance Society)","Salsa Dance Classes","45224","45291","S","S510","Finance Code Directory (2023-24","488"
"2023-24","4385","Finance Club","Finance Club Exco Social","45209","45492","X","X125","Finance Code Directory (2023-24","489"
"2023-24","4384","Commodities Club","Geneva Commodities trek 2023-2024","45215","45216","X","X409","Finance Code Directory (2023-24","490"
"2023-24","4384","Commodities Club","Geneva Commodities Trek 2023-2024","45215","","X","X409","Finance Code Directory (2023-24","491"
"2023-24","4383","Retail, Luxury & Consumer Club","RLCC: guided design museum visit","45233","","S","S324","Finance Code Directory (2023-24","492"
"2023-24","4382","Retail, Luxury & Consumer Club","RLCC exco events","45200","45473","X","X325","Finance Code Directory (2023-24","493"
"2023-24","4381","Partners Club","Welcome Event","45220","","S","S162","Finance Code Directory (2023-24","494"
"2023-24","4380","LatAm Club","Latam Social Picnic","45214","","X","X151","Finance Code Directory (2023-24","495"
"2023-24","4379","Men's Rugby Club","Game Day Expenses","45139","45504","X","X177","Finance Code Directory (2023-24","496"
"2023-24","4378","Geopolitics & Business Society","All-ExCo kickoff meeting/social","45216","","X","X529","Finance Code Directory (2023-24","497"
"2023-24","4377","Investment Management Club","LBS stock pitch competition","45215","45230","X","X229","Finance Code Directory (2023-24","498"
"2023-24","4376","Investment Management Club","IMC International stock pitch competition","45250","45269","S","S228","Finance Code Directory (2023-24","499"
"2023-24","4375","Black in Business Club","Junior Exco Induction Breakfast","45215","","X","X503","Finance Code Directory (2023-24","500"
"2023-24","4374","Japan Club","Fireside Chat with Dr. Tomohiko Taniguchi: Japan in the world today and","45245","","S","S146","Finance Code Directory (2023-24","501"
"2023-24","4373","Japan Club","Japan Club Exco meeting : Welcome & Kick-off","45204","","X","X147","Finance Code Directory (2023-24","502"
"2023-24","4372","Japan Club","Japan Alumni Club President: Social","45213","","X","X147","Finance Code Directory (2023-24","503"
"2023-24","4371","Private Equity & Venture Capital Club","2023 New York Private Equity & Venture Capital Trek","45223","45226","X","X167","Finance Code Directory (2023-24","504"
"2023-24","4370","Private Equity & Venture Capital Club","VC101 - Lunch and Learn","45216","","X","X167","Finance Code Directory (2023-24","505"
"2023-24","4369","People Strategy Club","Keynote speaker nov","45245","","X","X491","Finance Code Directory (2023-24","506"
"2023-24","4368","Rugby Club (Women's)","2023_2024 Kit (core)","45207","45473","X","X201","Finance Code Directory (2023-24","507"
"2023-24","4367","Summer Ball 2024","Summer Ball 2024","45458","","S","S532","Finance Code Directory (2023-24","508"
"2023-24","4366","Cricket Club","Cricket Kit","45213","","X","X111","Finance Code Directory (2023-24","509"
"2023-24","4365","Acting & Comedy Club","Dear England","45258","","S","S230","Finance Code Directory (2023-24","510"
"2023-24","4364","Tech & Media Club","Exco_TMC_Kickoff_Oct_2023","45216","","X","X213","Finance Code Directory (2023-24","511"
"2023-24","4363","Women in Business Club","WiB Equality Ball","45238","","S","S198","Finance Code Directory (2023-24","512"
"2023-24","4362","Asia Club","Exco_kickoff event","45208","","X","X103","Finance Code Directory (2023-24","513"
"2023-24","4361","Finance Club","Financial Statement Modelling and Valuation Session with Financial Edge -","45233","45243","X","X125","Finance Code Directory (2023-24","514"
"2023-24","4360","First-Generation, Low or Intermediate Income Club","FLII in Business - Your Story","45260","45274","S","S504","Finance Code Directory (2023-24","515"
"2023-24","4359","First-Generation, Low or Intermediate Income Club","ExCo Events 23-24","45208","45473","X","X505","Finance Code Directory (2023-24","516"
"2023-24","4358","First-Generation, Low or Intermediate Income Club","Elevate - FLII in business conference 2023/24","45303","45304","S","S504","Finance Code Directory (2023-24","517"
"2023-24","4357","Out in Business Club","OIB Fall EXCO Events 2023","45207","45291","X","X165","Finance Code Directory (2023-24","518"
"2023-24","4356","Tech & Media Club","TMC_Podcast_FY_2023_2024","45207","45473","X","X213","Finance Code Directory (2023-24","519"
"2023-24","4355","Retail, Luxury & Consumer Club","RLCC Welcome & Networking Drinks","45170","45291","X","X325","Finance Code Directory (2023-24","520"
"2023-24","4354","Rugby Club (Women's)","Exco training","45210","45107","X","X201","Finance Code Directory (2023-24","521"
"2023-24","4353","Women's Touch Rugby Club","2023 World Cup Viewing Match","45213","","X","X201","Finance Code Directory (2023-24","522"
"2023-24","4352","Cycling Club","Explore London cycling... Come meet the cycling club!!","45185","45215","X","X351","Finance Code Directory (2023-24","523"
"2023-24","4351","Cycling Club","Cycle for a Cause this OCtober 15th!","45214","","X","X351","Finance Code Directory (2023-24","524"
"2023-24","4350","Middle East Club","ExCo Onboarding Dinner","45215","","X","X157","Finance Code Directory (2023-24","525"
"2023-24","4348","Art & Business Club","Maestro Premiere at LFF","45209","45209","X","X269","Finance Code Directory (2023-24","526"
"2023-24","4347","Art & Business Club","Fallen Leaves Premiere at LFF with ExCo Event","45206","45206","X","X269","Finance Code Directory (2023-24","527"
"2023-24","4346","Art & Business Club","Cyril Aris Fireside Chat _with ExCo Event","45209","45209","X","X269","Finance Code Directory (2023-24","528"
"2023-24","4345","Art & Business Club","Exco_Kick-off Dinner","45204","45204","X","X269","Finance Code Directory (2023-24","529"
"2023-24","4344","Women in Business Club","Exco meetings","45209","","X","X199","Finance Code Directory (2023-24","530"
"2023-24","4343","China Club","ExCo Dinners","45384","","X","X271","Finance Code Directory (2023-24","531"
"2023-24","4342","China Club","China Business Forum 2024","45413","","S","S270","Finance Code Directory (2023-24","532"
"2023-24","4341","China Club","Fireside chats - Career talks","45231","","X","X271","Finance Code Directory (2023-24","533"
"2023-24","4340","China Club","Oxford Cambridge Annual Mixer","45243","","S","S270","Finance Code Directory (2023-24","534"
"2023-24","4339","China Club","Lunar New Year celebrations","45331","","S","S270","Finance Code Directory (2023-24","535"
"2023-24","4338","China Club","Members Social Sinnder or hot pots","45238","","S","S270","Finance Code Directory (2023-24","536"
"2023-24","4337","Women in Business Club","Short Tour Expenses","45240","45242","X","X199","Finance Code Directory (2023-24","537"
"2023-24","4336","Rugby Club (Women's)","Short Tour Accomodation","45240","45242","X","X201","Finance Code Directory (2023-24","538"
"2023-24","4335","Retail & Luxury Goods Club","RLCC Welcome & Networking Drinks","45170","45291","X","X325","Finance Code Directory (2023-24","539"
"2023-24","4334","Men's Rugby Club","Pub Crawl","45195","","X","X177","Finance Code Directory (2023-24","540"
"2023-24","4333","Sundowners","Crew T-Shirts","45212","","X","X443","Finance Code Directory (2023-24","541"
"2023-24","4332","Central","SA-Auditor-Fees","45201","45205","X","X101","Finance Code Directory (2023-24","542"
"2023-24","4331","Central","Exco-Social-SD-Crew","45190","45471","X","X101","Finance Code Directory (2023-24","543"
"2023-24","4330","Central","Coin Vote 2023/24","45201","45226","X","X101","Finance Code Directory (2023-24","544"
"2023-24","4329","Central","Exco-Socials-Incoming","45201","45471","X","X101","Finance Code Directory (2023-24","545"
"2023-24","4328","Central","Event_SA-Welcome-Series","45190","","X","X101","Finance Code Directory (2023-24","546"
"2023-24","4327","Rugby Club (Women's)","Short Tour Trek","45240","45242","X","X201","Finance Code Directory (2023-24","547"
"2023-24","4326","Vibrant Feet@LBS (LBS Dance Society)","Salsa Club Taster","45217","45217","X","X511","Finance Code Directory (2023-24","548"
"2023-24","4325","Energy & Environment Club","Cleantech Investing Event","45240","45240","X","X119","Finance Code Directory (2023-24","549"
"2023-24","4324","Cricket Club","Cricket World Cup Screening India v Pakistan","45213","","X","X111","Finance Code Directory (2023-24","550"
"2023-24","4323","Real Estate Club","Financial Modelling Essential Skills","45234","","X","X171","Finance Code Directory (2023-24","551"
"2023-24","4322","Acting & Comedy Club","The Little Big Things","45250","","S","S230","Finance Code Directory (2023-24","552"
"2023-24","4321","LatAm Club","Latam Partners Welcome","45203","","X","X151","Finance Code Directory (2023-24","553"
"2023-24","4320","Tech & Media Club","TMC_Bootcamps_FY_2023_2024","45209","45449","S","S212","Finance Code Directory (2023-24","554"
"2023-24","4319","Racket Sports Club","Squash FY2022-2023 Court Booking and Pre-Uni Match Coaching","45139","45474","X","X521","Finance Code Directory (2023-24","555"
"2023-24","4318","Acting & Comedy Club","Improv classes group 2 fall23","45210","45259","S","S230","Finance Code Directory (2023-24","556"
"2023-24","4317","Acting & Comedy Club","Improv classes 2 fall23","45202","45259","S","S230","Finance Code Directory (2023-24","557"
"2023-24","4316","Acting & Comedy Club","Stand Up Classes Fall23","45201","45257","S","S230","Finance Code Directory (2023-24","558"
"2023-24","4315","Commodities Club","Accenture Industry X visit","45198","45198","X","X409","Finance Code Directory (2023-24","559"
"2023-24","4314","Black in Business Club","BiB Promotional Video shooting and editing","45139","45446","X","X503","Finance Code Directory (2023-24","560"
"2023-24","4313","Black in Business Club","Black History Month 2023 (Black Heritage Dinner)","45212","","S","S502","Finance Code Directory (2023-24","561"
"2023-24","4312","Black in Business Club","Black History Month 2023 (Dance Class)","45208","","S","S502","Finance Code Directory (2023-24","562"
"2023-24","4311","Real Estate Club","Real Estate Financial Modelling: Intermediate to Advanced Skills","45254","","S","S170","Finance Code Directory (2023-24","563"
"2023-24","4310","Social Impact Club","Climate Workshop","45204","","X","X159","Finance Code Directory (2023-24","564"
"2023-24","4309","Portugal Club","Portugal Club Welcome Drinks","45202","","X","X229","Finance Code Directory (2023-24","565"
"2023-24","4308","Australia and New Zealand Club","ANZ Social Drinks","45139","45473","X","X349","Finance Code Directory (2023-24","566"
"2023-24","4307","Finance Club","Financial Statement Modelling and Valuation Session with Financial Edge","45205","45208","S","S124","Finance Code Directory (2023-24","567"
"2023-24","4306","Men's Rugby Club","Men's Rugby FC Long Tour to USA","45385","45399","X","X177","Finance Code Directory (2023-24","568"
"2023-24","4305","Men's Rugby Club","Men's Rugby FC Short Tour","45225","","S","S176","Finance Code Directory (2023-24","569"
"2023-24","4304","Men's Rugby Club","Kit Sales","","","X","X177","Finance Code Directory (2023-24","570"
"2023-24","4303","Men's Rugby Club","Equipment Purchase","45156","","X","X177","Finance Code Directory (2023-24","571"
"2023-24","4302","Rugby Club (Men's)","Equipment Purchase","45182","45182","X","X177","Finance Code Directory (2023-24","572"
"2023-24","4301","Men's Rugby Club","Hawaiians Welcome Event","45166","","X","X177","Finance Code Directory (2023-24","573"
"2023-24","4300","Real Estate Club","Real Estate Trek","45245","45247","X","X171","Finance Code Directory (2023-24","574"
"2023-24","4299","Real Estate Club","Women in Real Estate (WIRE)","45245","","X","X171","Finance Code Directory (2023-24","575"
"2023-24","4298","Real Estate Club","Real Estate Conference","45017","","S","S170","Finance Code Directory (2023-24","576"
"2023-24","4297","Investment Management Club","ExCo_Socials","45180","","X","X229","Finance Code Directory (2023-24","577"
"2023-24","4296","Rugby Club (Women's)","After practice socials","45186","45473","X","X201","Finance Code Directory (2023-24","578"
"2023-24","4295","Wine & Spirits Club","WSC_Sparkling Wine Tasting Oct 2023","45228","","S","S224","Finance Code Directory (2023-24","579"
"2023-24","4294","Wine & Spirits Club","Trak_WSC_Bordeaux Nov 2023","45254","45256","X","X225","Finance Code Directory (2023-24","580"
"2023-24","4293","India Club","Socials_India_Club","45213","","X","X137","Finance Code Directory (2023-24","581"
"2023-24","4292","Rugby Club (Women's)","Pitch Bookings","45186","45473","X","X201","Finance Code Directory (2023-24","582"
"2023-24","4291","Investment Management Club","Stock Pitch Training Workshop","45191","45205","X","X229","Finance Code Directory (2023-24","583"
"2023-24","4290","Social Impact Club","Senior ExCo Goodbye","45076","45076","X","X159","Finance Code Directory (2023-24","584"
"2023-24","4289","Real Estate Club","Real Estate Financial Model from First Principles","45195","","X","X171","Finance Code Directory (2023-24","585"
"2023-24","4288","Racket Sports Club","Racquet Sport Club MBAT Reimbursement","45081","","X","X521","Finance Code Directory (2023-24","586"
"2023-24","4287","Entrepreneurship Club","Pizza Pints and Pitches","45188","45188","X","X121","Finance Code Directory (2023-24","587"
"2023-24","4286","North America Club","Super Bowl LVIII Watch Party","45333","45334","S","S160","Finance Code Directory (2023-24","588"
"2023-24","4285","Energy & Environment Club","Exco Meetings & Events","45201","45504","X","X119","Finance Code Directory (2023-24","589"
"2023-24","4284","Wine & Spirits Club","WSC_Kickoff_Sep_2023","45188","","X","X225","Finance Code Directory (2023-24","590"
"2023-24","4283","Japan Club","Visit Japan: Marketing Strategy Competition","45217","45268","S","S146","Finance Code Directory (2023-24","591"
"2023-24","4282","Central","Fall Festival 2023","45256","","S","S100","Finance Code Directory (2023-24","592"
"2023-24","4280","Out in Business Club","OIB Fall Events 2023","45199","45291","S","S164","Finance Code Directory (2023-24","593"
"2023-24","4279","Private Equity & Venture Capital Club","Panel Discussion – Defence VC Event Anduril","45232","","X","X167","Finance Code Directory (2023-24","594"
"2023-24","4279","Private Equity & Venture Capital Club","Panel Discussion – Defence VC Event Anduril","45232","","X","X167","Finance Code Directory (2023-24","595"
"2023-24","4278","Japan Club","Japanese Caligraphy Workshop","45218","","X","X271","Finance Code Directory (2023-24","596"
"2023-24","4277","Japan Club","JAPANESE ANIMESYMPHONIC CONCERT","45213","","X","X271","Finance Code Directory (2023-24","597"
"2023-24","4276","Women in Business Club","LBS club fair","45173","","X","X199","Finance Code Directory (2023-24","598"
"2023-24","4275","Women in Business Club","Welcome picnic","45150","","X","X199","Finance Code Directory (2023-24","599"
"2023-24","4274","Africa Club","Africa Club Kick off Meeting","45209","","X","X105","Finance Code Directory (2023-24","600"
"2023-24","4273","Design & Innovation Club","Design thinking workshop","45188","","X","X425","Finance Code Directory (2023-24","601"
"2023-24","4272","Military in Business Club","Speaker Events","45193","45535","X","X363","Finance Code Directory (2023-24","602"
"2023-24","4271","Military in Business Club","Club Socials","45193","45535","X","X363","Finance Code Directory (2023-24","603"
"2023-24","4270","Geopolitics & Business Society","Sponsor sharing with Commodities Club","45089","","S","S528","Finance Code Directory (2023-24","604"
"2023-24","4269","Healthcare Club","Healthcare Club Alumni Dinner","45204","","X","X109","Finance Code Directory (2023-24","605"
"2023-24","4268","China Club","Merchandise sale","45212","","S","S270","Finance Code Directory (2023-24","606"
"2023-24","4267","Football Club - Men","Team jersey / kit purchase","45215","","S","S126","Finance Code Directory (2023-24","607"
"2023-24","4266","Private Equity & Venture Capital Club","Fireside Chat and Drinks with KKR","45195","","X","X167","Finance Code Directory (2023-24","608"
"2023-24","4264","Women in Business Club","Kickoff Event","45180","","X","X199","Finance Code Directory (2023-24","609"
"2023-24","4263","People Strategy Club","Club Fair","45173","","X","X491","Finance Code Directory (2023-24","610"
"2023-24","4262","People Strategy Club","Kick-off Event","45197","","X","X491","Finance Code Directory (2023-24","611"
"2023-24","4261","Infrastructure & Construction Club","Infra Speaker Series - Infrastructure Private Equity Investments","45196","","X","X421","Finance Code Directory (2023-24","612"
"2023-24","4260","North America Club","North America Club","45190","","X","X161","Finance Code Directory (2023-24","613"
"2023-24","4259","Commodities Club","Commodieites Club Welcome Drink","45182","","X","X409","Finance Code Directory (2023-24","614"
"2023-24","4258","Partners Club","KickOff","45182","45182","X","X162","Finance Code Directory (2023-24","615"
"2023-24","4257","China Club","Mid-Autumn Festival","45197","","S","S270","Finance Code Directory (2023-24","616"
"2023-24","4256","Central and Eastern Europe Club","Kich off event","45188","","X","X117","Finance Code Directory (2023-24","617"
"2023-24","4255","Healthcare Club","Panel and kick-off of NHS Projects","45181","","X","X109","Finance Code Directory (2023-24","618"
"2023-24","4254","Impact Consulting Club","Fall Projects Events","45187","45275","X","X387","Finance Code Directory (2023-24","619"
"2023-24","4253","LatAm Club","Latam 24-25 Integration (México Edition)","45192","","X","X151","Finance Code Directory (2023-24","620"
"2023-24","4252","Middle East Club","Middle East Annual Conference","45413","45443","S","S156","Finance Code Directory (2023-24","621"
"2023-24","4251","India Club","India Club Welcome Social","45188","","X","X137","Finance Code Directory (2023-24","622"
"2023-24","4250","Middle East Club","Middle East Career Trek","45225","45226","X","X157","Finance Code Directory (2023-24","623"
"2023-24","4249","LatAm Club","Latam Exco Events 23-24","45176","45504","X","X151","Finance Code Directory (2023-24","624"
"2023-24","4248","Spanish Club","Spanish Club Kick-Off Event","45187","","X","X187","Finance Code Directory (2023-24","625"
"2023-24","4247","Future of Mobility Club (Automotive)","Lunch with SPearker - guest lunch","45178","","X","X445","Finance Code Directory (2023-24","626"
"2023-24","4246","Blockchain Society","VC Panel & Networking presented by LBS Blockchain Society and PEVC","45223","","X","X517","Finance Code Directory (2023-24","627"
"2023-24","4245","Acting & Comedy Club","Matilda","45231","","S","S230","Finance Code Directory (2023-24","628"
"2023-24","4244","Tech & Media Club","TMC_Conference_Oct_2023","45229","45231","S","S212","Finance Code Directory (2023-24","629"
"2023-24","4243","Foodie Club","Foodie Club Welcome Event","45182","","X","X459","Finance Code Directory (2023-24","630"
"2023-24","4242","Entrepreneurship Club","TELL Series Sponsorship","44928","45291","X","X121","Finance Code Directory (2023-24","631"
"2023-24","4241","Blockchain Society","Blockchain Society Kick -off with Coinbase & Free Drinks","45188","45188","X","X517","Finance Code Directory (2023-24","632"
"2023-24","4240","Impact Consulting Club","Kick -Off Event","45177","45177","X","X387","Finance Code Directory (2023-24","633"
"2023-24","4239","Spanish Club","Spanish Club Welcomes 2025 MBAs","45176","","X","X187","Finance Code Directory (2023-24","634"
"2023-24","4238","Sundowners","Sundowners 2023/24","45183","45470","X","X443","Finance Code Directory (2023-24","635"
"2023-24","4236","Swimming Club","Swim club exco dinners","45185","","X","X193","Finance Code Directory (2023-24","636"
"2023-24","4235","Swimming Club","Swimming club socials","45175","45291","X","X193","Finance Code Directory (2023-24","637"
"2023-24","4234","Acting & Comedy Club","Transfer of funds from Debate & Public Speaking Club","45173","","X","X231","Finance Code Directory (2023-24","638"
"2023-24","4233","Middle East Club","Post kickoff dinner","45187","","S","S156","Finance Code Directory (2023-24","639"
"2023-24","4232","Sailing Club","Autumn Sailing Club Social Event","45197","","X","X181","Finance Code Directory (2023-24","640"
"2023-24","4231","Sailing Club","Sailing Club Kickoff '23-'24","45182","","X","X181","Finance Code Directory (2023-24","641"
"2023-24","4230","Private Equity & Venture Capital Club","Panel Discussion – Planet A Ventures Event","45196","","X","X167","Finance Code Directory (2023-24","642"
"2023-24","4229","Healthcare Club","Healthcare Club Introduction","45181","","X","X109","Finance Code Directory (2023-24","643"
"2023-24","4228","Consulting Club","LBS Consulting Club Case Competition","45563","45230","S","S114","Finance Code Directory (2023-24","644"
"2023-24","4227","First-Generation, Low or Intermediate Income Club","FLII in Business - 2023 Kick Off","45187","","X","X505","Finance Code Directory (2023-24","645"
"2023-24","4226","India Club","Club Fair","45174","","X","X137","Finance Code Directory (2023-24","646"
"2023-24","4225","Finance Club","Finance Club Kick off 2023-2024","45181","","X","X125","Finance Code Directory (2023-24","647"
"2023-24","4224","Private Equity & Venture Capital Club","PEVC Club Kick off Expenses Drinks for Participants","45169","","X","X167","Finance Code Directory (2023-24","648"
"2023-24","4223","Entrepreneurship Club","Entrepreneurship Club Kick-Off","45181","","X","X121","Finance Code Directory (2023-24","649"
"2023-24","4222","Football Club - Men","Football Club Kick off","45175","","X","X127","Finance Code Directory (2023-24","650"
"2023-24","4221","India Club","Trek_India Club","45245","45260","X","X137","Finance Code Directory (2023-24","651"
"2023-24","4220","Investment Management Club","Speaker event","45176","","X","X229","Finance Code Directory (2023-24","652"
"2023-24","4219","India Club","Exco_Dinner","45108","","X","X137","Finance Code Directory (2023-24","653"
"2023-24","4218","Racket Sports Club","Badminton shuttlecock procurement for weekly social event","45170","45473","X","X521","Finance Code Directory (2023-24","654"
"2023-24","4217","Racket Sports Club","Badminton weekly social session court expenses (recurring)","45170","45473","X","X521","Finance Code Directory (2023-24","655"
"2023-24","4216","Football Club - Men","Mestizo Party","45191","","S","S126","Finance Code Directory (2023-24","656"
"2023-24","4215","Rugby Club (Women's)","WTRC Kick off Event","45187","","X","X201","Finance Code Directory (2023-24","657"
"2023-24","4214","Asia Club","Asia Club Online Welcome Session","45169","45169","X","X103","Finance Code Directory (2023-24","658"
"2023-24","4213","LatAm Club","Latam Club Kick-off","45169","","X","X151","Finance Code Directory (2023-24","659"
"2023-24","4212","Private Equity & Venture Capital Club","Leadership ExCo_ Lunch","45164","","X","X167","Finance Code Directory (2023-24","660"
"2023-24","4211","Rugby Club (Women's)","WTRC Leopards Pub Crawl","45195","","X","X201","Finance Code Directory (2023-24","661"
"2023-24","4210","Energy & Environment Club","E&E Club Social","45183","45504","X","X119","Finance Code Directory (2023-24","662"
"2023-24","4209","Tech & Media Club","TMC General expenses","45189","","X","X213","Finance Code Directory (2023-24","663"
"2023-24","4208","Tech & Media Club","TMC Welcome Sept 2023","45189","","X","X213","Finance Code Directory (2023-24","664"
"2023-24","4206","India Club","Club Fair","45175","","X","X137","Finance Code Directory (2023-24","665"
"2023-24","4204","Private Equity & Venture Capital Club","Senior ExCo Dinner post kick-off","45169","","X","X167","Finance Code Directory (2023-24","666"
"2023-24","4203","Real Estate Club","Charity Auction Tickets","44896","44896","X","X171","Finance Code Directory (2023-24","667"
"2023-24","4202","Impact Consulting Club","Exco Socials","45135","45291","X","X387","Finance Code Directory (2023-24","668"
"2023-24","4201","Basketball Club","Court Hire","45139","45504","X","X107","Finance Code Directory (2023-24","669"
"2023-24","4200","Football Club - Men","After training/game drinks","45126","45455","X","X127","Finance Code Directory (2023-24","670"
"2023-24","4199","Football Club - Men","Football Equipment","45126","45455","X","X127","Finance Code Directory (2023-24","671"
"2023-24","4198","Football Club - Men","Pitch Bookings","45126","45455","X","X127","Finance Code Directory (2023-24","672"
"2023-24","4197","LatAm Club","Latam Welcome Party","45176","45176","S","S150","Finance Code Directory (2023-24","673"
"2023-24","4196","Volleyball Club","2023 Volleyball Club training","45186","45263","X","X223","Finance Code Directory (2023-24","674"
"2023-24","4195","Swimming Club","Swimming stash order and distribution","45176","45260","X","X193","Finance Code Directory (2023-24","675"
"2023-24","4194","Japan Club","Japan trek","45368","45374","X","X147","Finance Code Directory (2023-24","676"
"2023-24","4193","Snow Club","Snow Trek MBA '24","45269","45276","X","X185","Finance Code Directory (2023-24","677"
"2023-24","4192","Japan Club","Welcoming Party","45192","","X","X147","Finance Code Directory (2023-24","678"
"2023-24","4191","Social Impact Club","MIINT into session","45203","","X","X159","Finance Code Directory (2023-24","679"
"2023-24","4190","Energy & Environment Club","Global Energy Conference 2023","45243","","S","S118","Finance Code Directory (2023-24","680"
"2023-24","4187","Out in Business Club","EUROUT 2023","45246","45248","S","S164","Finance Code Directory (2023-24","681"
"2023-24","4185","Tech & Media Club","Trek TMC Silicon Valley","45236","45239","X","X213","Finance Code Directory (2023-24","682"
"2023-24","4184","LatAm Club","Colombia Trek","45123","45291","X","X151","Finance Code Directory (2023-24","683"
"2023-24","4184","Cycling Club","Recurring Maintenance Club Bike","45119","45504","X","X351","Finance Code Directory (2023-24","684"
"2023-24","4183","Brazil Club","2023 Graduates Celebration","45114","","X","X291","Finance Code Directory (2023-24","685"
"2023-24","4182","Board Games Club","Board Games Night","45012","","X","X397","Finance Code Directory (2023-24","686"
"2023-24","4181","Cycling Club","Recurring Maintenance Club Bike","45119","45504","X","X351","Finance Code Directory (2023-24","687"
"2023-24","4180","Out in Business Club","Rainbow Party 2023","45195","","S","S164","Finance Code Directory (2023-24","688"
"2023-24","4175","Portugal Club","End of year dinner","45076","","S","S298","Finance Code Directory (2023-24","689"
"2023-24","4173","Rugby Club (Women's)","Welcome Event 2023","45150","","X","X201","Finance Code Directory (2023-24","690"
"2023-24","4172","India Club","Diwali Ball","45231","","X","X137","Finance Code Directory (2023-24","691"
"2023-24","4171","Board Games Club","Board games evening 05/06","45082","","X","X397","Finance Code Directory (2023-24","692"
"2023-24","4170","Board Games Club","Board games evening 22/05","45068","","X","X397","Finance Code Directory (2023-24","693"
"2023-24","4169","Middle East Club","Tattoo","45038","","S","S156","Finance Code Directory (2023-24","694"
"2023-24","4167","Central Club","DisOrientation Trip 2023","45107","45109","X","X101","Finance Code Directory (2023-24","695"
"2023-24","4155","Infrastructure & Construction Club","Infra Speaker Series - Introduction to Goldman Sachs Infrastructure","45189","","X","X421","Finance Code Directory (2023-24","696"
"2023-24","4125","Music Club","Music Club Equipment","45283","45314","X","X211","Finance Code Directory (2023-24","697"
"2023-24","4044","Commodities Club","Energy Intelligence roundtable: Critical minerals and materials transition","45089","45089","S","S408","Finance Code Directory (2023-24","698"
"2023-24","4043","Partners Club","CVReview","45196","","S","S162","Finance Code Directory (2023-24","699"
"2023-24","4044","Commodities Club","Energy Intelligence roundtable: Critical minerals and materials transition","45089","45089","S","S408","Finance Code Directory (2023-24","700"
"2023-24","4043","Partners Club","CVReview","45196","","S","S162","Finance Code Directory (2023-24","701"
"2022-23","EVENT","Club Name","Event Name","Start Date","Finish Date (if relevant)","VAT STATUS","COST CENTRE","Finance Code Directory (2022-23","8"
"2022-23","2785","Music Club","Music Club Equipment Purchase (2022)","44898","44927","X","X211","Finance Code Directory (2022-23","9"
"2022-23","2921","Volunteers Club","London Marathon - Wings of Hope fundraising","44836","","X","X355","Finance Code Directory (2022-23","10"
"2022-23","2967","Hellenic Club","Trek_Greek Trek 2022","44815","44820","X","X267","Finance Code Directory (2022-23","11"
"2022-23","3028","Brazil Club","ExCo_Happy Hour for welcoming 2023-24 cohort","44795","","X","X291","Finance Code Directory (2022-23","12"
"2022-23","3090","Japan Club","Japan Trek October 2022","44857","44863","X","X147","Finance Code Directory (2022-23","13"
"2022-23","3153","LatAm Club","Colombia Trek","44905","44912","X","X151","Finance Code Directory (2022-23","14"
"2022-23","3184","Out in Business Club","EUROUT 2022_with ExCo event","44866","44895","S","S164","Finance Code Directory (2022-23","15"
"2022-23","3256","Private Equity & Venture Capital Club","VC and Startups: Summer Drinks & Tapas at the Double Standard (Drinks &","44804","","S","S166","Finance Code Directory (2022-23","16"
"2022-23","3267","LatAm Club","Exco Socials and Co-ordination 2022-2023","44781","45107","X","X151","Finance Code Directory (2022-23","17"
"2022-23","3271","Art & Business Club","Ceramics Painting Workshop","44732","","S","S268","Finance Code Directory (2022-23","18"
"2022-23","3274","Expedition Club","Trek_Val di Sole","44820","44822","X","X417","Finance Code Directory (2022-23","19"
"2022-23","3279","Japan Club","Japan Trek March 2023","45003","45011","X","X147","Finance Code Directory (2022-23","20"
"2022-23","3283","Entrepreneurship Club","London Business School MENA Startup Competition 2022","44853","44853","X","X121","Finance Code Directory (2022-23","21"
"2022-23","3284","Japan Club","Japan Club Introduction Session","44812","","X","X147","Finance Code Directory (2022-23","22"
"2022-23","3311","Central","ExCo_22/23","44805","45138","X","X101","Finance Code Directory (2022-23","23"
"2022-23","3312","Central","LBS Board Fellow Program expense","44652","44681","X","X101","Finance Code Directory (2022-23","24"
"2022-23","3314","Expedition Club","Climb Mount Toubkal","44875","44877","X","X417","Finance Code Directory (2022-23","25"
"2022-23","3315","Blockchain Society","LBS Blockchain Alumni Mixer","44880","","S","S518","Finance Code Directory (2022-23","26"
"2022-23","3316","Central","Social - MBA Mixers","44790","44792","X","X101","Finance Code Directory (2022-23","27"
"2022-23","3317","Black in Business Club","Bain Sponsorship","44804","","S","S502","Finance Code Directory (2022-23","28"
"2022-23","3318","Cycling Club","LBSCC 2022 Summer Kit Sale Part 2","44777","44858","S","S350","Finance Code Directory (2022-23","29"
"2022-23","3319","LatAm Club","Merchandise Sale 2022-2023","44781","44834","S","S150","Finance Code Directory (2022-23","30"
"2022-23","3320","Black in Business Club","Notting Hill Carnival","44800","44802","X","X503","Finance Code Directory (2022-23","31"
"2022-23","3321","Investment Management Club","Introduction to the Investment Management Club","44817","","X","X229","Finance Code Directory (2022-23","32"
"2022-23","3323","Energy & Environment Club","2022/23 Kickoff drinks","44803","44803","X","X119","Finance Code Directory (2022-23","33"
"2022-23","3324","China Club","Mid-Autumn Festival 2022","44828","","S","S270","Finance Code Directory (2022-23","34"
"2022-23","3325","Asia Club","Ask me anything","44799","","X","X103","Finance Code Directory (2022-23","35"
"2022-23","3326","Healthcare Club","Club kick-off","44816","","S","S108","Finance Code Directory (2022-23","36"
"2022-23","3327","Central","Security Deposit Transfer for Greek Trek 2022 - Finance Code 2967","44805","44824","X","X101","Finance Code Directory (2022-23","37"
"2022-23","3328","Private Equity & Venture Capital Club","LBS PE/VC Club Kickoff (Followed by Drinks!)","44825","","X","X167","Finance Code Directory (2022-23","38"
"2022-23","3329","Brazil Club","Kart Race","44796","","X","X291","Finance Code Directory (2022-23","39"
"2022-23","3330","Black in Business Club","Clubs Fair","44809","","X","X503","Finance Code Directory (2022-23","40"
"2022-23","3331","LatAm Club","Back to School Latam Party","44805","44834","S","S150","Finance Code Directory (2022-23","41"
"2022-23","3332","LatAm Club","Latam Club Presentation","44805","44834","X","X151","Finance Code Directory (2022-23","42"
"2022-23","3333","LatAm Club","Journey Welcome Meetups","44805","44848","X","X151","Finance Code Directory (2022-23","43"
"2022-23","3334","Central","MiM mixers","44811","44813","X","X101","Finance Code Directory (2022-23","44"
"2022-23","3335","DACH Club (Germany, Austria & Switzerland)","Trek_Oktoberfest 2022_with ExCo event","44834","","X","X133","Finance Code Directory (2022-23","45"
"2022-23","3336","Cycling Club","Club's Bike Reimbursement","44804","44814","X","X351","Finance Code Directory (2022-23","46"
"2022-23","3337","Basketball Club","Weekday Basketball Runs","44812","45138","X","X107","Finance Code Directory (2022-23","47"
"2022-23","3338","First-Generation, Low or Intermediate Income Club (FLII)","FLII Club in Business Welcome Drinks","44813","","X","X505","Finance Code Directory (2022-23","48"
"2022-23","3340","Private Equity & Venture Capital Club","Thinking Like a VC From Day 1","44830","","X","X167","Finance Code Directory (2022-23","49"
"2022-23","3341","Vibrant Feet@LBS (LBS Dance Society)","Club Fair","44809","","X","X511","Finance Code Directory (2022-23","50"
"2022-23","3342","Finance Club","Investment Banking Training Events","44809","44957","X","X125","Finance Code Directory (2022-23","51"
"2022-23","3343","Finance Club","Finance Club Conference 2022","44848","44855","S","S124","Finance Code Directory (2022-23","52"
"2022-23","3344","Rugby Club (Men's)","Pub Crawl with Leopards","44831","44832","S","S176","Finance Code Directory (2022-23","53"
"2022-23","3345","Finance Club","Finance Club Social","44837","45138","X","X125","Finance Code Directory (2022-23","54"
"2022-23","3346","Foodie Club","Foodie Club meeting and recruitment drinks","44825","","X","X459","Finance Code Directory (2022-23","55"
"2022-23","3347","Central","SA Welcome Event","44832","","S","S100","Finance Code Directory (2022-23","56"
"2022-23","3348","Entrepreneurship Club","Kickoff 2022","44811","","X","X121","Finance Code Directory (2022-23","57"
"2022-23","3349","Vibrant Feet@LBS (LBS Dance Society)","Latam farewell class of 2022 - joint event","44706","","X","X511","Finance Code Directory (2022-23","58"
"2022-23","3350","Spanish Club","Spanish Club - 2022 Kick-off_with ExCo event","44818","","X","X187","Finance Code Directory (2022-23","59"
"2022-23","3351","Sailing Club","Sailing Club Kickoff","44830","","X","X181","Finance Code Directory (2022-23","60"
"2022-23","3352","Asia Club","Asia Club Kick-off","44823","","X","X103","Finance Code Directory (2022-23","61"
"2022-23","3353","China Club","China Club Exco kickoff event","44846","44846","X","X271","Finance Code Directory (2022-23","62"
"2022-23","3354","DACH Club (Germany, Austria & Switzerland)","Club Kick-off_with ExCo event","44824","","X","X133","Finance Code Directory (2022-23","63"
"2022-23","3355","Energy & Environment Club","2022/23 Kickoff Event","44824","","X","X119","Finance Code Directory (2022-23","64"
"2022-23","3356","Future of Mobility Club (Automotive)","2022/23 Future of Mobility Club kickoff event","44826","","X","X445","Finance Code Directory (2022-23","65"
"2022-23","3357","Family Business Club","FBC Kick-off","44826","","X","X307","Finance Code Directory (2022-23","66"
"2022-23","3358","Cycling Club","Cycling Club Bar Night","44832","","X","X351","Finance Code Directory (2022-23","67"
"2022-23","3358","Cycling Club","Cycling Club Bar Night","44832","","X","X351","Finance Code Directory (2022-23","68"
"2022-23","3359","Acting & Comedy Club","Standup class","44831","44873","S","S230","Finance Code Directory (2022-23","69"
"2022-23","3360","Acting & Comedy Club","Comedy show on kick-off","44825","","S","S230","Finance Code Directory (2022-23","70"
"2022-23","3361","Consulting Club","Ericsson Recruitment Event","44826","","S","S114","Finance Code Directory (2022-23","71"
"2022-23","3362","Black in Business Club","Clubs Fair - Not set up see 3330 (Duplicate)","44809","","X","X503","Finance Code Directory (2022-23","72"
"2022-23","3363","Black in Business Club","Kick Off event","44823","","X","X503","Finance Code Directory (2022-23","73"
"2022-23","3364","Healthcare Club","NHS Projects Kick-Off","44825","","S","S108","Finance Code Directory (2022-23","74"
"2022-23","3365","Spanish Club","Spanish Community Welcome Drinks_with ExCo event","44796","","X","X187","Finance Code Directory (2022-23","75"
"2022-23","3366","Black in Business Club","Speaker Event","44834","","X","X503","Finance Code Directory (2022-23","76"
"2022-23","3367","Sailing Club","ExCo_Business Planning Meal","44873","","X","X181","Finance Code Directory (2022-23","77"
"2022-23","3368","Black in Business Club","Art Fair","44835","44865","X","X503","Finance Code Directory (2022-23","78"
"2022-23","3369","Healthcare Club","TLS Ori Biotech Speaker Event","44838","","S","S108","Finance Code Directory (2022-23","79"
"2022-23","3370","Rugby Club (Women's)","Kick Off event","44821","44823","X","X201","Finance Code Directory (2022-23","80"
"2022-23","3371","Japan Club","Japan Night 25 Sep 2022","44829","","S","S146","Finance Code Directory (2022-23","81"
"2022-23","3372","Japan Club","Japan Summit 2022","44876","","S","S146","Finance Code Directory (2022-23","82"
"2022-23","3373","Private Equity & Venture Capital Club","Hermes GPE Private Markets Challenge 2023","44831","","X","X167","Finance Code Directory (2022-23","83"
"2022-23","3374","Portugal Club","Portugal Club Kick-Off Drinks","44826","","X","X299","Finance Code Directory (2022-23","84"
"2022-23","3375","Family Business Club","Pub Night- Social","44945","","X","X307","Finance Code Directory (2022-23","85"
"2022-23","3376","Energy & Environment Club","2022/23 Kickoff Event_Networking Event","44824","","X","X119","Finance Code Directory (2022-23","86"
"2022-23","3377","Central","MiF Mixer","44831","","X","X101","Finance Code Directory (2022-23","87"
"2022-23","3378","Healthcare Club","Club Fair","44809","","S","S108","Finance Code Directory (2022-23","88"
"2022-23","3378","Healthcare Club","Club Fair","44809","","S","S108","Finance Code Directory (2022-23","89"
"2022-23","3379","Black in Business Club","Oliver Wyman Sponsoship","44825","45059","S","S502","Finance Code Directory (2022-23","90"
"2022-23","3380","Retail & Luxury Goods Club","ExCo_Retreat Dinner","44828","","X","X325","Finance Code Directory (2022-23","91"
"2022-23","3381","Private Equity & Venture Capital Club","Partners Group Networking","44837","44837","X","X167","Finance Code Directory (2022-23","92"
"2022-23","3382","Rugby Club (Women's)","Swag sale","44805","44865","S","S200","Finance Code Directory (2022-23","93"
"2022-23","3383","Rugby Club (Women's)","Debit card request","44826","45139","X","X201","Finance Code Directory (2022-23","94"
"2022-23","3384","Foodie Club","ExCo Launch Dinner 10 Nov 22","44875","44875","X","X459","Finance Code Directory (2022-23","95"
"2022-23","3385","Impact Consulting Club","Club Fair","44809","44809","X","X387","Finance Code Directory (2022-23","96"
"2022-23","3386","Portugal Club","Portugal Club Kick-Off Dinner","44840","44842","X","X299","Finance Code Directory (2022-23","97"
"2022-23","3387","Out in Business Club","Exco_Dinner_2022","44829","44926","X","X165","Finance Code Directory (2022-23","98"
"2022-23","3388","Vibrant Feet@LBS (LBS Dance Society)","Salsa Workshop","44838","44838","X","X511","Finance Code Directory (2022-23","99"
"2022-23","3389","Rugby Club (Men's)","Welcome event for new members","44786","44786","X","X177","Finance Code Directory (2022-23","100"
"2022-23","3390","Rugby Club (Men's)","Welcome event after training for new members","44807","44807","X","X177","Finance Code Directory (2022-23","101"
"2022-23","3391","Rugby Club (Men's)","Kick off event after games for 2023/2024 club members","44821","44821","X","X177","Finance Code Directory (2022-23","102"
"2022-23","3392","Retail & Luxury Goods Club","Sustainability Lecture Hosted by Panerai","44853","44853","X","X325","Finance Code Directory (2022-23","103"
"2022-23","3393","Rugby Club (Men's)","Mini social event after touch rugby game","44821","44821","X","X177","Finance Code Directory (2022-23","104"
"2022-23","3394","Rugby Club (Men's)","Purchase of club member shirts","44811","44811","X","X177","Finance Code Directory (2022-23","105"
"2022-23","3395","Australia and New Zealand Club","AFL Grand Viewing Party","44828","44828","X","X349","Finance Code Directory (2022-23","106"
"2022-23","3396","Private Equity & Venture Capital Club","Fireside chat with Mr. Sanjay Nayyar","44837","44837","X","X167","Finance Code Directory (2022-23","107"
"2022-23","3397","Central","Renewal of the events ticketing platform","44830","44830","X","X101","Finance Code Directory (2022-23","108"
"2022-23","3398","Rugby Club (Women's)","Pub Crawl x Hawaians","44831","44832","S","S200","Finance Code Directory (2022-23","109"
"2022-23","3399","Spanish Club","Fireside chat with Javier Rubio","44832","44832","X","X187","Finance Code Directory (2022-23","110"
"2022-23","3400","Spanish Club","Padel tournament Oct 2022","44848","44848","S","S186","Finance Code Directory (2022-23","111"
"2022-23","3401","Tech & Media Club","Digital Marketing Bootcamp","44851","44851","X","X213","Finance Code Directory (2022-23","112"
"2022-23","3402","Board Games Club","1st board games event","44808","44808","X","X397","Finance Code Directory (2022-23","113"
"2022-23","3403","Volleyball Club","Club KO","44833","44834","X","X223","Finance Code Directory (2022-23","114"
"2022-23","3404","Rugby Club (Men's)","Game kit sales","44835","44848","S","S176","Finance Code Directory (2022-23","115"
"2022-23","3405","Central","SA Welcome Series 2023","44988","45044","X","X101","Finance Code Directory (2022-23","116"
"2022-23","3406","Snow Club","Swag Sale 2022","44847","44847","S","S184","Finance Code Directory (2022-23","117"
"2022-23","3407","Central & Eastern Europe Club","ExCo_Spring term team lunch","44951","","X","X117","Finance Code Directory (2022-23","118"
"2022-23","3408","Military in Business Club","Club Kick-Off","44839","44839","X","X363","Finance Code Directory (2022-23","119"
"2022-23","3409","Brazil Club","ExCo_New ExCo Kick-off Meeting","44832","44832","X","X291","Finance Code Directory (2022-23","120"
"2022-23","3410","Brazil Club","ExCo_Happy Hour to integrate 2023-24 cohort","44832","44832","X","X291","Finance Code Directory (2022-23","121"
"2022-23","3411","First-Generation, Low or Intermediate Income Club (FLII)","November Club Event","44886","","X","X505","Finance Code Directory (2022-23","122"
"2022-23","3412","Private Equity & Venture Capital Club","WallStreetPrep Bootcamp","44842","44843","X","X167","Finance Code Directory (2022-23","123"
"2022-23","3413","Acting & Comedy Club","Improv class (condensed)","44860","44895","S","S230","Finance Code Directory (2022-23","124"
"2022-23","3414","Running Club","Running Club Kick-off","44837","44838","X","X179","Finance Code Directory (2022-23","125"
"2022-23","3415","Rugby Club (Women's)","Short Tour ticket sales","44875","44877","X","X201","Finance Code Directory (2022-23","126"
"2022-23","3416","Rugby Club (Women's)","Windsor after practice","44817","45094","X","X201","Finance Code Directory (2022-23","127"
"2022-23","3417","Vibrant Feet@LBS (LBS Dance Society)","Tattoo 2022","44674","44674","X","X511","Finance Code Directory (2022-23","128"
"2022-23","3418","Black in Business Club","Afrobeats Dance Class","44858","","S","S502","Finance Code Directory (2022-23","129"
"2022-23","3419","Black in Business Club","Black History Month - Movie Screening","44853","","X","X503","Finance Code Directory (2022-23","130"
"2022-23","3420","Black in Business Club","Afro Caribbean dinner at Rum Kitchen","44847","","X","X503","Finance Code Directory (2022-23","131"
"2022-23","3421","Social Impact Club","Sustainability Lab","44845","44845","X","X159","Finance Code Directory (2022-23","132"
"2022-23","3422","Black in Business Club","BiB ExCo Hangout","44883","","X","X503","Finance Code Directory (2022-23","133"
"2022-23","3423","Cycling Club","Club Kick-off","44846","44846","X","X351","Finance Code Directory (2022-23","134"
"2022-23","3424","Private Equity & Venture Capital Club","NYC PE Trek","44857","44861","X","X167","Finance Code Directory (2022-23","135"
"2022-23","3425","Healthcare Club","Alumni Dinner","44880","44880","S","S108","Finance Code Directory (2022-23","136"
"2022-23","3426","Cycling Club","Reimbursement of Cycling Club Bar Night","44831","44843","X","X351","Finance Code Directory (2022-23","137"
"2022-23","3427","Cycling Club","Reimbursement of Club Equipment Purchases","44825","44846","X","X351","Finance Code Directory (2022-23","138"
"2022-23","3428","Rugby Club (Men's)","Social event after games and for short tour in November","44838","44838","X","X177","Finance Code Directory (2022-23","139"
"2022-23","3429","Rugby Club (Men's)","Short tour 2022","44876","44878","X","X177","Finance Code Directory (2022-23","140"
"2022-23","3431","Board Games Club","2nd board games event","44837","44837","X","X397","Finance Code Directory (2022-23","141"
"2022-23","3432","Healthcare Club","Exco_Kick-off event","44855","44855","X","X109","Finance Code Directory (2022-23","142"
"2022-23","3433","Investment Management Club","Dinner with Founder of Investment Management Club","44838","44838","X","X229","Finance Code Directory (2022-23","143"
"2022-23","3434","Vibrant Feet@LBS (LBS Dance Society)","ExCo Dinner","44842","44842","X","X511","Finance Code Directory (2022-23","144"
"2022-23","3435","Vibrant Feet@LBS (LBS Dance Society)","Salsa Classes - Basic/Intermediate","44844","44893","S","S510","Finance Code Directory (2022-23","145"
"2022-23","3436","Central","World Cup 2023","44886","44913","X","X101","Finance Code Directory (2022-23","146"
"2022-23","3438","Rugby Club (Men's)","Windsor Cup","44842","44842","X","X177","Finance Code Directory (2022-23","147"
"2022-23","3439","Snow Club","New Exco Launch","44844","44844","X","X185","Finance Code Directory (2022-23","148"
"2022-23","3440","Snow Club","Snow Club Swag Sale 22","44844","","S","S184","Finance Code Directory (2022-23","149"
"2022-23","3441","Football Club (Men's)","Recurring Regents Park Pitch Bookings","44852","45071","X","X127","Finance Code Directory (2022-23","150"
"2022-23","3442","Investment Management Club","IMC Executive Committee Meeting on October 9 2022","44843","","X","X229","Finance Code Directory (2022-23","151"
"2022-23","3443","Private Equity & Venture Capital Club","Navigating Conversations with VCs: Lakestar and Craftory at LBS","44869","","X","X167","Finance Code Directory (2022-23","152"
"2022-23","3444","Asia Club","New Exco Welcome Dinner","44845","","X","X103","Finance Code Directory (2022-23","153"
"2022-23","3445","Energy & Environment Club","Global Energy Summit November 2022","44879","","X","X119","Finance Code Directory (2022-23","154"
"2022-23","3446","Rugby Club (Men's)","Sponsorship for all activities of Men's Rugby club","44798","","S","S176","Finance Code Directory (2022-23","155"
"2022-23","3447","Partners Club","Make Your Own Teddy","44871","","S","S162","Finance Code Directory (2022-23","156"
"2022-23","3448","Volleyball Club","Social Event Brewdog Camden_with Exco","44867","","X","X223","Finance Code Directory (2022-23","157"
"2022-23","3449","Asia Club","Welcome brunch Royal China","44857","","X","X103","Finance Code Directory (2022-23","158"
"2022-23","3450","Board Games Club","ExCo_1st social and get together","44845","","X","X397","Finance Code Directory (2022-23","159"
"2022-23","3451","Korea Club","Korean Tea Tasting Event","44858","","S","S148","Finance Code Directory (2022-23","160"
"2022-23","3452","Portugal Club","Merchendise Sale - Jackets","44848","44855","S","S298","Finance Code Directory (2022-23","161"
"2022-23","3453","Retail & Luxury Goods Club","ExCo_New Junior ExCo welcome Event","44852","","X","X325","Finance Code Directory (2022-23","162"
"2022-23","3454","Impact Consulting Club","Impact Consulting Club ExCo Kick-off Meeting","44852","","X","X387","Finance Code Directory (2022-23","163"
"2022-23","3455","LatAm Club","Peruvian Dinner","44869","44897","S","S150","Finance Code Directory (2022-23","164"
"2022-23","3456","Tech & Media Club","Fintech Happy Hour","44887","","X","X213","Finance Code Directory (2022-23","165"
"2022-23","3457","Tech & Media Club","TMC Club Kickoff","44818","","X","X213","Finance Code Directory (2022-23","166"
"2022-23","3458","DACH Club (Germany, Austria & Switzerland)","Exco_Kickoff Eventj","44854","","X","X133","Finance Code Directory (2022-23","167"
"2022-23","3459","Rugby Club (Women's)","ExCo training","44847","45087","X","X201","Finance Code Directory (2022-23","168"
"2022-23","3460","Out in Business Club","OiB 2022/2023 Exco club gathering","44847","","X","X165","Finance Code Directory (2022-23","169"
"2022-23","3461","Entrepreneurship Club","Brand and Design Happy Hour","44854","","X","X121","Finance Code Directory (2022-23","170"
"2022-23","3462","Entrepreneurship Club","Masterclass with Alexandre Mars","44875","","X","X121","Finance Code Directory (2022-23","171"
"2022-23","3463","India Club","Diwali Ball 2022_with ExCo event","44881","","S","S136","Finance Code Directory (2022-23","172"
"2022-23","3464","Rugby Club (Women's)","Short Tour expenses","44855","44879","X","X201","Finance Code Directory (2022-23","173"
"2022-23","3465","Brazil Club","ExCo_Swag Sale Brazil Club","44851","44857","S","S290","Finance Code Directory (2022-23","174"
"2022-23","3466","Private Equity & Venture Capital Club","LBS PE/VC Club Multiple X: Kick off & Brainstorming workshop","44853","","X","X167","Finance Code Directory (2022-23","175"
"2022-23","3467","Rugby Club (Men's)","Game day with Pligrim","44849","","X","X177","Finance Code Directory (2022-23","176"
"2022-23","3468","Africa Club","Speaker Event_Conversation with Tunde Olanrewaju (Mck)","44854","","X","X105","Finance Code Directory (2022-23","177"
"2022-23","3469","Women in Business Club","WIB Kick-off Drinks","44824","","X","X199","Finance Code Directory (2022-23","178"
"2022-23","3470","Women in Business Club","ExCo_Team Kick-off","44830","","X","X199","Finance Code Directory (2022-23","179"
"2022-23","3471","Women in Business Club","Exco_Team Onboarding Sessions","44835","44862","X","X199","Finance Code Directory (2022-23","180"
"2022-23","3472","Private Equity & Venture Capital Club","Venture Capital Investment Competition: Round 2","44967","","X","X167","Finance Code Directory (2022-23","181"
"2022-23","3473","Central","Coin Vote 2022","44774","45138","X","X101","Finance Code Directory (2022-23","182"
"2022-23","3474","Golf Club","ExcoWelcome Event","44853","","X","X135","Finance Code Directory (2022-23","183"
"2022-23","3475","Tech & Media Club","Three day Tech@LBS conference organised by TMC","44872","","X","X213","Finance Code Directory (2022-23","184"
"2022-23","3476","Central","2022 Fall Festival","44878","","X","X101","Finance Code Directory (2022-23","185"
"2022-23","3477","Private Equity & Venture Capital Club","New York City Private Equity Trek 2022","44859","","X","X167","Finance Code Directory (2022-23","186"
"2022-23","3478","Private Equity & Venture Capital Club","Talk by industry leader, Garry Wilson","44873","","X","X167","Finance Code Directory (2022-23","187"
"2022-23","3479","Partners Club","Campus tours for partners","44861","","S","S162","Finance Code Directory (2022-23","188"
"2022-23","3480","Portugal Club","Derby Night","44855","44855","X","X299","Finance Code Directory (2022-23","189"
"2022-23","3481","Snow Club","Snow Trek MBA '24","44905","44912","X","X185","Finance Code Directory (2022-23","190"
"2022-23","3482","Retail & Luxury Goods Club","Walpole Mock Interviews","44866","44869","X","X325","Finance Code Directory (2022-23","191"
"2022-23","3483","Board Games Club","3rd board games event","44851","44851","X","X397","Finance Code Directory (2022-23","192"
"2022-23","3484","Foodie Club","Restaurant event at Rasa Sayang","44883","","S","S460","Finance Code Directory (2022-23","193"
"2022-23","3485","Japan Club","Izakaya Night","44887","","S","S146","Finance Code Directory (2022-23","194"
"2022-23","3486","Asia Club","Horror movie night","44865","44865","X","X103","Finance Code Directory (2022-23","195"
"2022-23","3487","Private Equity & Venture Capital Club","VC and Startups: Fall Social","44874","44874","S","S166","Finance Code Directory (2022-23","196"
"2022-23","3488","Football Club (Men's)","Club members' kick-off party","44798","","S","S126","Finance Code Directory (2022-23","197"
"2022-23","3489","Football Club (Men's)","Football club kit purchase","44845","","S","S126","Finance Code Directory (2022-23","198"
"2022-23","3490","Retail & Luxury Goods Club","RLGC Resume Surgery","44886","44890","X","X325","Finance Code Directory (2022-23","199"
"2022-23","3491","Healthcare Club","Healthtech Challenge 2023 Launch & Networking Night","44896","","S","S108","Finance Code Directory (2022-23","200"
"2022-23","3492","Cycling Club","ExCo Meeting Lunch","44859","","X","X351","Finance Code Directory (2022-23","201"
"2022-23","3493","China Club","Hotpot Reunion","44875","","S","S270","Finance Code Directory (2022-23","202"
"2022-23","3494","China Club","Baijiu Night","44889","","S","S270","Finance Code Directory (2022-23","203"
"2022-23","3495","Corporate Leadership Club","CLC Speaker event with Ahmad AR","44867","2/10/22?","S","S208","Finance Code Directory (2022-23","204"
"2022-23","3496","Japan Club","Japanese Film Series 1 “My Neighbor Totoro”","44899","","X","X147","Finance Code Directory (2022-23","205"
"2022-23","3497","Rugby Club (Men's)","Career event for future consultants","44852","","X","X177","Finance Code Directory (2022-23","206"
"2022-23","3498","Japan Club","Indigo Workshop","44947","","S","S146","Finance Code Directory (2022-23","207"
"2022-23","3499","Private Equity & Venture Capital Club","London Mid-Market Trek","44873","44875","X","X167","Finance Code Directory (2022-23","208"
"2022-23","3500","Private Equity & Venture Capital Club","Female Investors in Bio-tech/Deep Tech","44888","","X","X167","Finance Code Directory (2022-23","209"
"2022-23","3501","Rugby Club (Men's)","Hawaiians Take Flight","44867","","S","S176","Finance Code Directory (2022-23","210"
"2022-23","3502","Vibrant Feet@LBS (LBS Dance Society)","Bollywood class","44868","","S","S510","Finance Code Directory (2022-23","211"
"2022-23","3503","Golf Club","ExCo End of year Dinner","44721","","X","X135","Finance Code Directory (2022-23","212"
"2022-23","3504","Cycling Club","London to Brighton Ride","44877","44879","X","X351","Finance Code Directory (2022-23","213"
"2022-23","3505","Retail & Luxury Goods Club","Cartier Networking / Panel with Dafna Goor and Nader Tavassoli","44868","","X","X325","Finance Code Directory (2022-23","214"
"2022-23","3506","Cycling Club","LBSCC 2022 Kit- Fall Sale","44876","45169","X","X351","Finance Code Directory (2022-23","215"
"2022-23","3507","Out in Business Club","Rainbow Party 2022","44825","","S","S164","Finance Code Directory (2022-23","216"
"2022-23","3508","Asia Club","ExCo_team building","44805","45138","X","X103","Finance Code Directory (2022-23","217"
"2022-23","3509","Healthcare Club","ExCo_Term 2 lunch","44937","","S","S108","Finance Code Directory (2022-23","218"
"2022-23","3510","Rugby Club (Men's)","Meeting for short tour","44866","","X","X177","Finance Code Directory (2022-23","219"
"2022-23","3511","Snow Club","Charity Event Night","44903","","X","X185","Finance Code Directory (2022-23","220"
"2022-23","3512","Golf Club","LBS Golf Club Social","44880","","X","X135","Finance Code Directory (2022-23","221"
"2022-23","3513","Football Club (Men's)","World Cup Match Predictor","44869","44876","S","S126","Finance Code Directory (2022-23","222"
"2022-23","3514","Rugby Club (Men's)","Items for short tour","44867","","X","X177","Finance Code Directory (2022-23","223"
"2022-23","3515","Rugby Club (Men's)","FC suits for short tour","44867","","X","X177","Finance Code Directory (2022-23","224"
"2022-23","3516","Private Equity & Venture Capital Club","Fireside Chat with Bernardo Nogueira, Principal (Infrastructure) at KKR London","44888","","X","X167","Finance Code Directory (2022-23","225"
"2022-23","3517","Private Equity & Venture Capital Club","Elevate PE Recruiting/Technical Training","44885","","X","X167","Finance Code Directory (2022-23","226"
"2022-23","3518","Private Equity & Venture Capital Club","London VC Trek","44977","44981","X","X167","Finance Code Directory (2022-23","227"
"2022-23","3519","Impact Consulting Club","Bain Sponsorship 2022/2023","44868","45108","S","S386","Finance Code Directory (2022-23","228"
"2022-23","3520","Acting & Comedy Club","Standup showcase","44880","","S","S230","Finance Code Directory (2022-23","229"
"2022-23","3522","Women in Business Club","Charity Auction of Promises","44896","","S","S198","Finance Code Directory (2022-23","230"
"2022-23","3523","Volleyball Club","Exco kick-off breakfast","44845","","X","X223","Finance Code Directory (2022-23","231"
"2022-23","3524","Volleyball Club","Year long equipment rent_exco","44822","45081","X","X223","Finance Code Directory (2022-23","232"
"2022-23","3525","Japan Club","Sushi Day","44900","","S","S146","Finance Code Directory (2022-23","233"
"2022-23","3526","Brazil Club","ExCo_New Logo Design","44851","","X","X291","Finance Code Directory (2022-23","234"
"2022-23","3527","Future of Mobility Club (Automotive)","Speaker Event - NIO","44887","","X","X445","Finance Code Directory (2022-23","235"
"2022-23","3528","Rugby Club (Women's)","Not setup - duplicate of 3464","","","","","Finance Code Directory (2022-23","236"
"2022-23","3529","Rugby Club (Women's)","Short Tour lunch expenses","44872","44879","X","X201","Finance Code Directory (2022-23","237"
"2022-23","3530","Rugby Club (Women's)","Short tour dinner / drinks","44872","44879","X","X201","Finance Code Directory (2022-23","238"
"2022-23","3531","Rugby Club (Women's)","AMC careers events","44852","45107","X","X201","Finance Code Directory (2022-23","239"
"2022-23","3532","Retail & Luxury Goods Club","RLGC Resume Surgery","44953","","X","X325","Finance Code Directory (2022-23","240"
"2022-23","3533","Wine & Spirit Club","ExCo_2022_20223_Meet_and_Greet","44848","44867","X","X225","Finance Code Directory (2022-23","241"
"2022-23","3534","Portugal Club","Social Gathering - Portuguese Club","44875","","X","X299","Finance Code Directory (2022-23","242"
"2022-23","3535","LatAm Club","Latin America Business Forum","44980","45085","S","S150","Finance Code Directory (2022-23","243"
"2022-23","3536","Women in Business Club","Fireside Chat with MasterCard’s Ann Cairns","44888","","X","X199","Finance Code Directory (2022-23","244"
"2022-23","3537","Asia Club","Consulting Peer Sharing","44888","","X","X103","Finance Code Directory (2022-23","245"
"2022-23","3538","LatAm Club","LatAm Alumni Panel","44985","45169","S","S150","Finance Code Directory (2022-23","246"
"2022-23","3539","Finance Club","FT Partners Case Comp","44890","","S","S124","Finance Code Directory (2022-23","247"
"2022-23","3540","Healthcare Club","Healthcare Club Speaker Event (IQVIA)","44904","","S","S108","Finance Code Directory (2022-23","248"
"2022-23","3541","Asia Club","Finance peer sharing","44889","","X","X103","Finance Code Directory (2022-23","249"
"2022-23","3542","Asia Club","Tech peer sharing","44894","","X","X103","Finance Code Directory (2022-23","250"
"2022-23","3543","Social Impact Club","Honest Conversations - Ask Us Anything!","44886","","S","S158","Finance Code Directory (2022-23","251"
"2022-23","3544","Private Equity & Venture Capital Club","PEVC Club branded Hoodies and Vests","","","S","S166","Finance Code Directory (2022-23","252"
"2022-23","3545","Private Equity & Venture Capital Club","Venture Capital Investment Competition: Kick-Off Information Session","44888","","X","X167","Finance Code Directory (2022-23","253"
"2022-23","3546","Healthcare Club","Healthcare Conference March 29-30","45014","45015","S","S108","Finance Code Directory (2022-23","254"
"2022-23","3547","DACH Club (Germany, Austria & Switzerland)","Trek_DACH VC_with ExCo event","44993","44995","X","X133","Finance Code Directory (2022-23","255"
"2022-23","3548","Spanish Club","Spanish Club - Christmas Dinner 2022/2023","44889","","X","X187","Finance Code Directory (2022-23","256"
"2022-23","3549","Wine & Spirit Club","2022_10_Whiskey_Tasting","44886","44894","S","S224","Finance Code Directory (2022-23","257"
"2022-23","3550","Africa Club","Africa Club End of Year Social","44887","","S","S104","Finance Code Directory (2022-23","258"
"2022-23","3551","Korea Club","Soju Night","44889","","S","S148","Finance Code Directory (2022-23","259"
"2022-23","3552","China Club","Baijiu Night","44896","","S","S270","Finance Code Directory (2022-23","260"
"2022-23","3553","Future of Mobility Club (Automotive)","Speaker event - Hyperloop","44894","","X","X445","Finance Code Directory (2022-23","261"
"2022-23","3554","Israel Club","Alumni Social","44859","","X","X143","Finance Code Directory (2022-23","262"
"2022-23","3555","Social Impact Club","Beyond Zero","44882","","S","S158","Finance Code Directory (2022-23","263"
"2022-23","3556","Volleyball Club","Exco_Rental of Gym for volleyball practices","44815","45199","X","X223","Finance Code Directory (2022-23","264"
"2022-23","3557","Running Club","San Sebastián Trek dinner","44875","44895","X","X179","Finance Code Directory (2022-23","265"
"2022-23","3558","Wine & Spirit Club","2022_11_Brewery_Tour_Tasting","44896","","S","S224","Finance Code Directory (2022-23","266"
"2022-23","3559","Africa Club","Navigating the LBS Admission Process","44895","","X","X105","Finance Code Directory (2022-23","267"
"2022-23","3560","Consulting Club","Consulting Club Exco Activities","44880","45016","X","X115","Finance Code Directory (2022-23","268"
"2022-23","3561","Military in Business Club","Anduril LTD, Military in Business, and TMC mutual event","44889","","X","X363","Finance Code Directory (2022-23","269"
"2022-23","3562","Middle East Club","Middle East Club Dinner","44894","","S","S156","Finance Code Directory (2022-23","270"
"2022-23","3563","Wine & Spirit Club","2022_11_WSET_Info_Session","44889","","S","S224","Finance Code Directory (2022-23","271"
"2022-23","3564","Women in Business Club","Dinner with 7 strangers","44888","44926","S","S198","Finance Code Directory (2022-23","272"
"2022-23","3566","Volleyball Club","First term","44899","","X","X223","Finance Code Directory (2022-23","273"
"2022-23","3567","Private Equity & Venture Capital Club","VC ExCo Holiday Dinner","44895","","X","X167","Finance Code Directory (2022-23","274"
"2022-23","3568","Entrepreneurship Club","ExCo Social","44886","","X","X121","Finance Code Directory (2022-23","275"
"2022-23","3569","Consulting Club","Lead the Case","44876","45107","X","X115","Finance Code Directory (2022-23","276"
"2022-23","3570","Brazil Club","World Cup Viewing - Brazil vs Serbia","44889","","S","S290","Finance Code Directory (2022-23","277"
"2022-23","3572","Rugby Club (Women's)","Club tickets","44877","44878","X","X201","Finance Code Directory (2022-23","278"
"2022-23","3573","LatAm Club","Brazil - Latam party","44880","44911","S","S150","Finance Code Directory (2022-23","279"
"2022-23","3574","Retail & Luxury Goods Club","Senior Exco Career Panel","44887","","X","X325","Finance Code Directory (2022-23","280"
"2022-23","3575","Central & Eastern Europe Club","CEE Social","44882","","X","X117","Finance Code Directory (2022-23","281"
"2022-23","3576","Rugby Club (Women's)","Internal transfer from Men's rugby club for joint costs born","44882","44926","X","X201","Finance Code Directory (2022-23","282"
"2022-23","3577","Football Club (Men's)","Recurring post-match food and drink expenses","44809","45072","S","S126","Finance Code Directory (2022-23","283"
"2022-23","3578","Entrepreneurship Through Acquisition Society","ExCo_Intro to ETA with NCA","44886","","X","X515","Finance Code Directory (2022-23","284"
"2022-23","3579","Finance Club","Women Breaking into Banking","44882","","S","S124","Finance Code Directory (2022-23","285"
"2022-23","3580","Running Club","Marketing platform","44888","44897","X","X179","Finance Code Directory (2022-23","286"
"2022-23","3581","LatAm Club","Latam Holiday Party","44889","","S","S150","Finance Code Directory (2022-23","287"
"2022-23","3582","Women in Business Club","WIB EQUALL Conference","44981","","S","S198","Finance Code Directory (2022-23","288"
"2022-23","3583","Football Club (Men's)","Cash payments for match day referees","44801","45074","S","S126","Finance Code Directory (2022-23","289"
"2022-23","3584","Australia and New Zealand Club","ANZ Club November Drinks","44872","","X","X349","Finance Code Directory (2022-23","290"
"2022-23","3585","Japan Club","FIFA World Cup free viewing event (Japan vs Germany)","44888","","X","X147","Finance Code Directory (2022-23","291"
"2022-23","3586","Board Games Club","Board Games Night #4","44865","","X","X397","Finance Code Directory (2022-23","292"
"2022-23","3587","Board Games Club","Board Games Night #5","44879","","X","X397","Finance Code Directory (2022-23","293"
"2022-23","3588","Consulting Club","Case Coach Training","44884","44957","X","X115","Finance Code Directory (2022-23","294"
"2022-23","3589","Asia Club","[Asian food series] Korean food","44896","17/11/22(?)","X","X103","Finance Code Directory (2022-23","295"
"2022-23","3590","Investment Management Club","Cornell MBA Stock Pitch Challenge","44868","","X","X229","Finance Code Directory (2022-23","296"
"2022-23","3591","DACH Club (Germany, Austria & Switzerland)","ExCo_Get together","44889","","X","X133","Finance Code Directory (2022-23","297"
"2022-23","3592","DACH Club (Germany, Austria & Switzerland)","Football Ger-JPN viewing","44888","","X","X133","Finance Code Directory (2022-23","298"
"2022-23","3593","DACH Club (Germany, Austria & Switzerland)","Football game BRA-CH","44893","","X","X133","Finance Code Directory (2022-23","299"
"2022-23","3594","DACH Club (Germany, Austria & Switzerland)","Auction_with ExCo event","44896","","X","X133","Finance Code Directory (2022-23","300"
"2022-23","3595","Investment Management Club","LBS Stock Pitch Competition 2022","44890","","X","X229","Finance Code Directory (2022-23","301"
"2022-23","3596","Social Impact Club","Financial Modelling for Renewable Energy","44898","","S","S158","Finance Code Directory (2022-23","302"
"2022-23","3597","Entrepreneurship Club","UCL IO","44887","","X","X121","Finance Code Directory (2022-23","303"
"2022-23","3598","Entrepreneurship Club","TELL with Henrik Werdelin","44889","","X","X121","Finance Code Directory (2022-23","304"
"2022-23","3599","Portugal Club","Xmas Dinner | Jantar de Natal","44894","","S","S298","Finance Code Directory (2022-23","305"
"2022-23","3600","Central & Eastern Europe Club","CEE Business School Networking Social","45071","","X","X117","Finance Code Directory (2022-23","306"
"2022-23","3601","Football Club (Men's)","ExCo_Kick-Off Meeting and Drinks","44847","","S","S126","Finance Code Directory (2022-23","307"
"2022-23","3602","Football Club (Men's)","2022 Manchester University football tournament","44618","44619","S","S126","Finance Code Directory (2022-23","308"
"2022-23","3603","Acting & Comedy Club","Exco kick-off","44880","","X","X231","Finance Code Directory (2022-23","309"
"2022-23","3604","Rugby Club (Women's)","Not setup - duplicate of 3464","","","","","Finance Code Directory (2022-23","310"
"2022-23","3605","Private Equity & Venture Capital Club","Website Redesign - lbspevc.com","44899","44900","X","X167","Finance Code Directory (2022-23","311"
"2022-23","3606","LatAm Club","LatAm Dinner Series - Mexican Cuisine","44902","","S","S150","Finance Code Directory (2022-23","312"
"2022-23","3607","Middle East Club","ExCo Onboarding Dinner","44869","","X","X157","Finance Code Directory (2022-23","313"
"2022-23","3608","Australia and New Zealand Club","Rugby Viewing - Aus v Samoa","44884","","X","X349","Finance Code Directory (2022-23","314"
"2022-23","3609","Wine & Spirit Club","Mezcal Masterclass Feb 2023","44979","","S","S224","Finance Code Directory (2022-23","315"
"2022-23","3610","Corporate Leadership Club","ExCo Dinner","44812","","X","X209","Finance Code Directory (2022-23","316"
"2022-23","3611","DACH Club (Germany, Austria & Switzerland)","Trek_PE Germany_with ExCo event","44950","44953","X","X133","Finance Code Directory (2022-23","317"
"2022-23","3612","Vibrant Feet@LBS (LBS Dance Society)","Salsa Classes terms 2&3","44964","45083","X","X511","Finance Code Directory (2022-23","318"
"2022-23","3613","Portugal Club","Lisbon Trek 2023","45063","45067","X","X299","Finance Code Directory (2022-23","319"
"2022-23","3614","Blockchain Society","Blockchain Merch Sale","44889","44892","S","S518","Finance Code Directory (2022-23","320"
"2022-23","3615","Asia Club","Asia club food series - Thai dinner","44987","","X","X103","Finance Code Directory (2022-23","321"
"2022-23","3616","Rugby Club (Women's)","Yoga class","44888","44905","S","S200","Finance Code Directory (2022-23","322"
"2022-23","3617","Tech & Media Club","Product Bootcamp by Exactimo Nov 22 2022","44887","","S","S212","Finance Code Directory (2022-23","323"
"2022-23","3618","Israel Club","Hannukah Candle Lighting","44913","","X","X143","Finance Code Directory (2022-23","324"
"2022-23","3619","LatAm Club","Sundowners Latam World Cup","44889","","X","X151","Finance Code Directory (2022-23","325"
"2022-23","3621","Cycling Club","Cycle and Sunday Roast","44932","44954","X","X351","Finance Code Directory (2022-23","326"
"2022-23","3622","Acting & Comedy Club","Improv Class Show Case","44902","","S","S230","Finance Code Directory (2022-23","327"
"2022-23","3624","China Club","China Club Merchandise Sale","44890","44905","S","S270","Finance Code Directory (2022-23","328"
"2022-23","3625","Entrepreneurship Club","EClub V{P Social","44832","","X","X121","Finance Code Directory (2022-23","329"
"2022-23","3626","Out in Business Club","Exco_Gathering","44893","","X","X165","Finance Code Directory (2022-23","330"
"2022-23","3627","Football Club (Men's)","Final Game Celebration","45039","","X","X127","Finance Code Directory (2022-23","331"
"2022-23","3628","Military in Business Club","December Social Event","44900","","X","X363","Finance Code Directory (2022-23","332"
"2022-23","3629","Black in Business Club","ExCo T-shirts","44894","","X","X503","Finance Code Directory (2022-23","333"
"2022-23","3630","Board Games Club","New Board Games","44893","","X","X397","Finance Code Directory (2022-23","334"
"2022-23","3631","Rugby Club (Men's)","Match with London Japanese","44891","","X","X177","Finance Code Directory (2022-23","335"
"2022-23","3632","Board Games Club","Board Games Night #6","44893","","X","X397","Finance Code Directory (2022-23","336"
"2022-23","3633","Football Club (Men's)","Toca Social","44888","","S","S126","Finance Code Directory (2022-23","337"
"2022-23","3634","Brazil Club","World Cup Giveaway - Brazil National Team Shirt","44891","","X","X291","Finance Code Directory (2022-23","338"
"2022-23","3635","Brazil Club","World Cup viewing - Brazil vs Switzerland","44893","","X","X291","Finance Code Directory (2022-23","339"
"2022-23","3636","Brazil Club","World Cup Viewing - Brazil vs Cameroon","44897","","S","S290","Finance Code Directory (2022-23","340"
"2022-23","3637","Africa Club","Ghana Trek","45010","45017","X","X105","Finance Code Directory (2022-23","341"
"2022-23","3638","Black in Business Club","BiB Scholars & ExCo Drinks","44950","","X","X503","Finance Code Directory (2022-23","342"
"2022-23","3639","Rugby Club (Women's)","Equipment","44805","45169","X","X201","Finance Code Directory (2022-23","343"
"2022-23","3640","Rugby Club (Women's)","Charity auction night","44896","44897","X","X201","Finance Code Directory (2022-23","344"
"2022-23","3641","Rugby Club (Women's)","Christmas social","44893","44922","X","X201","Finance Code Directory (2022-23","345"
"2022-23","3642","Rugby Club (Women's)","Swag sale","44907","44938","S","S200","Finance Code Directory (2022-23","346"
"2022-23","3643","Music Club","Music Club Gig Expense","44900","45078","X","X211","Finance Code Directory (2022-23","347"
"2022-23","3644","Women in Business Club","WIB ExCo Social","44866","44926","X","X199","Finance Code Directory (2022-23","348"
"2022-23","3645","Women in Business Club","Empowerment circle kickoff","44943","","X","X199","Finance Code Directory (2022-23","349"
"2022-23","3646","Consulting Club","Peer Mentorship Program","44866","44982","S","S114","Finance Code Directory (2022-23","350"
"2022-23","3647","LatAm Club","Sundowners last year (pending reimbursement)","44902","44926","S","S150","Finance Code Directory (2022-23","351"
"2022-23","3648","Sailing Club","LBS Global MBA Trophy Regatta 2023","45036","45039","S","S180","Finance Code Directory (2022-23","352"
"2022-23","3649","Spanish Club","Feria de Jerez Trek 2023","45057","45060","X","X187","Finance Code Directory (2022-23","353"
"2022-23","3650","Spanish Club","Fireside Chat with Carmen Alfonso - Successful careers in VC","44964","","X","X187","Finance Code Directory (2022-23","354"
"2022-23","3651","Foodie Club","Virtual Cooking Class with Yhangry","44936","","S","S460","Finance Code Directory (2022-23","355"
"2022-23","3652","Central","ExCo_SA Finance team dinner","44898","","X","X101","Finance Code Directory (2022-23","356"
"2022-23","3654","Israel Club","Israel Students – Alumni mingling event","44828","","X","X143","Finance Code Directory (2022-23","357"
"2022-23","3655","Israel Club","ExCo_Israel Trek Planning Kick-off","44894","","X","X143","Finance Code Directory (2022-23","358"
"2022-23","3656","Israel Club","LBS Club Fair","44809","","X","X143","Finance Code Directory (2022-23","359"
"2022-23","3658","Africa Club","African Societies Mixer","","","X","X105","Finance Code Directory (2022-23","360"
"2022-23","3659","Future of Mobility Club (Automotive)","ExCo_Nov Social","44876","","X","X445","Finance Code Directory (2022-23","361"
"2022-23","3660","Sailing Club","not setup - duplicate of 3291","","","","","Finance Code Directory (2022-23","362"
"2022-23","3661","Golf Club","Golf Trek to Princes Golf Club","44995","44996","X","X135","Finance Code Directory (2022-23","363"
"2022-23","3662","Real Estate Club","ExCo_Introductory Dinner","44879","","X","X171","Finance Code Directory (2022-23","364"
"2022-23","3664","Racket Sports Club","Badminton Training Session","44879","44940","X","X521","Finance Code Directory (2022-23","365"
"2022-23","3665","Brazil Club","Career Talks - Finance","44895","","X","X291","Finance Code Directory (2022-23","366"
"2022-23","3666","Blockchain Society","London Blockchain Summit","44945","44948","S","S518","Finance Code Directory (2022-23","367"
"2022-23","3667","Board Games Club","2nd Exco Dinner","44902","","X","X397","Finance Code Directory (2022-23","368"
"2022-23","3668","Investment Management Club","NYU Credit Competition 2022","44886","","X","X229","Finance Code Directory (2022-23","369"
"2022-23","3669","Investment Management Club","IMC Exco Kickoff 2022-2023","44870","","X","X229","Finance Code Directory (2022-23","370"
"2022-23","3670","Investment Management Club","IMC President and Treasurer planning","44870","","X","X229","Finance Code Directory (2022-23","371"
"2022-23","3671","Entrepreneurship Club","Pizza Pints and Pitches","44895","","X","X121","Finance Code Directory (2022-23","372"
"2022-23","3672","Real Estate Club","Real Estate Financial Modelling 101: Intro and Model Build Workshop","44890","","X","X171","Finance Code Directory (2022-23","373"
"2022-23","3673","Brazil Club","World Cup Viewing - Brazil vs South Korea","44900","","S","S290","Finance Code Directory (2022-23","374"
"2022-23","3674","Japan Club","Sake Night","44952","","S","S146","Finance Code Directory (2022-23","375"
"2022-23","3675","Social Impact Club","ExCo Meeting","44894","44895","X","X159","Finance Code Directory (2022-23","376"
"2022-23","3676","Entrepreneurship Club","EClub Website Domain","44902","","X","X121","Finance Code Directory (2022-23","377"
"2022-23","3677","Cycling Club","Purchase of 2022 Kits for Club Activities","44929","44950","X","X351","Finance Code Directory (2022-23","378"
"2022-23","3679","Cycling Club","Amsterdam Trek","45044","45047","X","X351","Finance Code Directory (2022-23","379"
"2022-23","3680","Japan Club","Sponsorship_NRI for Japan Summit","44875","44876","S","S146","Finance Code Directory (2022-23","380"
"2022-23","3681","Entrepreneurship Club","LBS Hack","44953","44955","X","X121","Finance Code Directory (2022-23","381"
"2022-23","3682","Rugby Club (Women's)","ExCo dinner","44718","","X","X201","Finance Code Directory (2022-23","382"
"2022-23","3683","Rugby Club (Women's)","Training - pitch hire","44794","45138","X","X201","Finance Code Directory (2022-23","383"
"2022-23","3684","Real Estate Club","Real Estate Financial Modelling : Intro and Model Build Workshop","44939","","X","X171","Finance Code Directory (2022-23","384"
"2022-23","3685","Rugby Club (Women's)","Merchandise sale","44931","44946","X","X201","Finance Code Directory (2022-23","385"
"2022-23","3686","Acting & Comedy Club","Les Miserables Musical Event","44952","","S","S230","Finance Code Directory (2022-23","386"
"2022-23","3687","Israel Club","Communication & Leadership Masterclass","44991","45012","S","S142","Finance Code Directory (2022-23","387"
"2022-23","3688","Israel Club","Israeli Independence Day BBQ","45039","","S","S142","Finance Code Directory (2022-23","388"
"2022-23","3689","Israel Club","Israeli Cooking Masterclass","45037","45044","S","S142","Finance Code Directory (2022-23","389"
"2022-23","3690","Israel Club","Purim Costume Party","44992","","S","S142","Finance Code Directory (2022-23","390"
"2022-23","3691","Real Estate Club","Real Estate and Real Asset Financial Modelling - Intermediate Weekend","44961","44962","X","X171","Finance Code Directory (2022-23","391"
"2022-23","3692","Energy & Environment Club","Exco_Icebeaker_event","44887","","X","X119","Finance Code Directory (2022-23","392"
"2022-23","3693","Energy & Environment Club","ClimateTech_Startup_website","44956","","X","X119","Finance Code Directory (2022-23","393"
"2022-23","3694","Energy & Environment Club","Women in Energy - Speaker Series | Student Panel","44979","","X","X119","Finance Code Directory (2022-23","394"
"2022-23","3695","Acting & Comedy Club","Intermediate Improvisation Class_SPR23","44973","44994","S","S230","Finance Code Directory (2022-23","395"
"2022-23","3696","Racket Sports Club","Training Session Court Reservations","44891","","X","X521","Finance Code Directory (2022-23","396"
"2022-23","3697","Racket Sports Club","Badminton Training Session","44897","","X","X521","Finance Code Directory (2022-23","397"
"2022-23","3698","Rugby Club (Men's)","Rugby pitch fee_Regent park","44835","44905","S","S176","Finance Code Directory (2022-23","398"
"2022-23","3699","Wine & Spirit Club","Brussels_Beer_Trek_Feb_2023","44966","44969","X","X225","Finance Code Directory (2022-23","399"
"2022-23","3700","Wine & Spirit Club","Irish_Whiskey_Trek_Mar_2023","44988","44990","X","X225","Finance Code Directory (2022-23","400"
"2022-23","3701","Sports Business Club","ExCo_Kick-Off Meeting at SOC","44874","","X","X275","Finance Code Directory (2022-23","401"
"2022-23","3702","Sports Business Club","World Cup viewing - England vs. Senegal","44899","","X","X275","Finance Code Directory (2022-23","402"
"2022-23","3703","Blockchain Society","Not setup - duplicate of 3666","","","","","Finance Code Directory (2022-23","403"
"2022-23","3704","Private Equity & Venture Capital Club","LBS PE Training","44958","44965","X","X167","Finance Code Directory (2022-23","404"
"2022-23","3705","Football Club (Women's)","Football Kits","44937","44957","S","S128","Finance Code Directory (2022-23","405"
"2022-23","3706","Entrepreneurship Club","Pizza Pints and Pitches - Edition II","44956","","X","X121","Finance Code Directory (2022-23","406"
"2022-23","3707","Tech & Media Club","ExCo_Social Lunch","44943","","X","X213","Finance Code Directory (2022-23","407"
"2022-23","3708","Tech & Media Club","ExCo_Conference Team Social","44880","","X","X213","Finance Code Directory (2022-23","408"
"2022-23","3710","Tech & Media Club","TMC Elevate Mentorship Programme Kick Off","44952","","X","X213","Finance Code Directory (2022-23","409"
"2022-23","3711","China Club","Lunar New Year Couplet Writing Workshop","44946","","S","S270","Finance Code Directory (2022-23","410"
"2022-23","3712","Foodie Club","Lyon Trek","45030","44942","X","X459","Finance Code Directory (2022-23","411"
"2022-23","3713","Tech & Media Club","Demystifying roles in Big Tech","44951","","S","S212","Finance Code Directory (2022-23","412"
"2022-23","3714","Entrepreneurship Club","Competitions Team Social","44939","","X","X121","Finance Code Directory (2022-23","413"
"2022-23","3715","Acting & Comedy Club","Beginners Improvisation Class_SPR23","44965","45021","S","S230","Finance Code Directory (2022-23","414"
"2022-23","3716","Acting & Comedy Club","Stand Up Class_SPR23","44932","45019","S","S230","Finance Code Directory (2022-23","415"
"2022-23","3717","Tech & Media Club","ExCo_Autumn Term Social","44888","","X","X213","Finance Code Directory (2022-23","416"
"2022-23","3718","Women in Business Club","WIB Empowerment Circles","44943","45077","X","X199","Finance Code Directory (2022-23","417"
"2022-23","3719","Blockchain Society","LBS Blockchain Alumni Mixer","45084","","S","S518","Finance Code Directory (2022-23","418"
"2022-23","3720","Investment Management Club","Senior Executive Committee planning meeting for 2023","44940","","X","X229","Finance Code Directory (2022-23","419"
"2022-23","3721","Healthcare Club","Healthcare Club Social - Jan 30","44956","","S","S108","Finance Code Directory (2022-23","420"
"2022-23","3722","Private Equity & Venture Capital Club","Panel Discussion – Active Partners","44950","","X","X167","Finance Code Directory (2022-23","421"
"2022-23","3723","Private Equity & Venture Capital Club","Dubai VC Trek","45005","45008","X","X167","Finance Code Directory (2022-23","422"
"2022-23","3724","Women in Business Club","2022-23 WiB Website&subscription services","44896","45291","X","X199","Finance Code Directory (2022-23","423"
"2022-23","3725","Women in Business Club","Valentine's Candy Grams - Fundraiser for EQUALL Conference","44958","44972","S","S198","Finance Code Directory (2022-23","424"
"2022-23","3726","Black in Business Club","Afrobeats Brunch","44976","","X","X503","Finance Code Directory (2022-23","425"
"2022-23","3727","Israel Club","Israel trek info session","44950","","X","X143","Finance Code Directory (2022-23","426"
"2022-23","3729","Middle East Club","Trek_Jordan/Lebanon","45044","45053","X","X157","Finance Code Directory (2022-23","427"
"2022-23","3730","Private Equity & Venture Capital Club","Women in PE Panel: WiB and PE/VC x Level 20","44951","","S","S166","Finance Code Directory (2022-23","428"
"2022-23","3731","TEDx","TEDxLondonBusinessSchool 2023","45031","","X","X399","Finance Code Directory (2022-23","429"
"2022-23","3732","Acting & Comedy Club","Not set up - duplicate of 3715","","","","","Finance Code Directory (2022-23","430"
"2022-23","3733","Acting & Comedy Club","Not set up - duplicate of 3715","","","","","Finance Code Directory (2022-23","431"
"2022-23","3734","Acting & Comedy Club","Not set up - duplicate of 3695","","","","","Finance Code Directory (2022-23","432"
"2022-23","3735","Art & Business Club","Trek_Cannes Film Festival","44700","23/5/21(?)","X","X269","Finance Code Directory (2022-23","433"
"2022-23","3736","Art & Business Club","Kick-off Meeting Dinner","44852","","X","X269","Finance Code Directory (2022-23","434"
"2022-23","3737","Rugby Club (Women's)","Training Merchandise","44927","45077","X","X201","Finance Code Directory (2022-23","435"
"2022-23","3738","Entrepreneurship Club","Booster Pitch Night - Feb 15","44972","","X","X121","Finance Code Directory (2022-23","436"
"2022-23","3739","Middle East Club","Exco_JanSocial","44946","","X","X157","Finance Code Directory (2022-23","437"
"2022-23","3740","Rugby Club (Men's)","2023 first social event at Windsor","44945","","X","X177","Finance Code Directory (2022-23","438"
"2022-23","3741","Sailing Club","Sailing Club Rum Tasting Event","44964","","S","S180","Finance Code Directory (2022-23","439"
"2022-23","3742","Sailing Club","ExCo_Spring Business Planning Meal","44959","","X","X181","Finance Code Directory (2022-23","440"
"2022-23","3743","Entrepreneurship Club","VC Relations, Alumni, and Community Teams lunch","44952","","X","X121","Finance Code Directory (2022-23","441"
"2022-23","3744","Marketing & Strategy Club","Club Fair","44809","","X","X155","Finance Code Directory (2022-23","442"
"2022-23","3745","Marketing & Strategy Club","ExCo_ club social 10Jan23","44936","","X","X155","Finance Code Directory (2022-23","443"
"2022-23","3746","Healthcare Club","Pharmaceutical panel on innovation in market access","44967","","S","S108","Finance Code Directory (2022-23","444"
"2022-23","3747","Rugby Club (Men's)","Kick off meeting of Exco members for 2023","44950","","X","X177","Finance Code Directory (2022-23","445"
"2022-23","3748","Football Club (Women's)","MBAT Tickets","44948","45038","X","X129","Finance Code Directory (2022-23","446"
"2022-23","3749","Board Games Club","Catan Tournament","44969","","S","S396","Finance Code Directory (2022-23","447"
"2022-23","3750","Board Games Club","Board Games Night","44942","","X","X397","Finance Code Directory (2022-23","448"
"2022-23","3751","Tech & Media Club","ExCo_Kick Off of the term","44852","","X","X213","Finance Code Directory (2022-23","449"
"2022-23","3752","Entrepreneurship Club","Biweekly ExCo Meetings","44951","45006","X","X121","Finance Code Directory (2022-23","450"
"2022-23","3753","Tech & Media Club","ExCo_Canva Subscription","44882","","X","X213","Finance Code Directory (2022-23","451"
"2022-23","3754","Tech & Media Club","TMC Product X","44972","44993","S","S212","Finance Code Directory (2022-23","452"
"2022-23","3755","Entrepreneurship Club","Alumni Founders Book Kickoff","44972","","X","X121","Finance Code Directory (2022-23","453"
"2022-23","3756","Sports Business Club","Shuffleboard event","44963","","X","X275","Finance Code Directory (2022-23","454"
"2022-23","3757","Basketball Club","Basketball uniforms","44866","45138","X","X107","Finance Code Directory (2022-23","455"
"2022-23","3758","DACH Club (Germany, Austria & Switzerland)","ExCo_Thank you event","44969","","X","X133","Finance Code Directory (2022-23","456"
"2022-23","3759","DACH Club (Germany, Austria & Switzerland)","Stammtisch_with ExCo Event","45014","","X","X133","Finance Code Directory (2022-23","457"
"2022-23","3760","Tech & Media Club","New ExCo Recruiting_Coffee Chat Event","44825","44826","X","X213","Finance Code Directory (2022-23","458"
"2022-23","3761","Tech & Media Club","TMC Website Domain Fee","44826","","X","X213","Finance Code Directory (2022-23","459"
"2022-23","3762","Tech & Media Club","ExCo_Social Drinking 10/22","44852","","X","X213","Finance Code Directory (2022-23","460"
"2022-23","3763","Tech & Media Club","ExCo_Christmas Gathering","44895","","X","X213","Finance Code Directory (2022-23","461"
"2022-23","3764","Central & Eastern Europe Club","CEE Sundowners Afterparty drinks","44973","","X","X117","Finance Code Directory (2022-23","462"
"2022-23","3765","Retail & Luxury Goods Club","RLCC's 11th Annual Conference","44991","44992","S","S324","Finance Code Directory (2022-23","463"
"2022-23","3766","Out in Business Club","Exco_Dinner_2023","44949","45107","X","X165","Finance Code Directory (2022-23","464"
"2022-23","3767","Retail & Luxury Goods Club","Speaker Session: Violante Nessi","44970","","X","X325","Finance Code Directory (2022-23","465"
"2022-23","3768","Private Equity & Venture Capital Club","VC Term Sheet Training","44952","","X","X167","Finance Code Directory (2022-23","466"
"2022-23","3769","Retail & Luxury Goods Club","Fortnum & Mason Gift Vouchers","44896","","X","X325","Finance Code Directory (2022-23","467"
"2022-23","3770","Entrepreneurship Club","Launchpad Kickoff Event","44965","","X","X121","Finance Code Directory (2022-23","468"
"2022-23","3771","Summer Ball 2023","Summer Ball 2023","45115","","S","S522","Finance Code Directory (2022-23","469"
"2022-23","3772","India Club","Fireside Chat with Suman Bery","44966","","S","S136","Finance Code Directory (2022-23","470"
"2022-23","3773","Japan Club","Japanese Hot Pot ""Sukiyaki and Shabu Shabu"" All You Can Eat Party","44977","","S","S146","Finance Code Directory (2022-23","471"
"2022-23","3774","Turnaround Management and Restructuring Club","TMA UK joint event with London Business School - 16th February","44973","","S","S304","Finance Code Directory (2022-23","472"
"2022-23","3776","Football Club (Men's)","Club trip to Millwall game","44975","","S","S126","Finance Code Directory (2022-23","473"
"2022-23","3777","Football Club (Men's)","Late reimbursement for 2021/22 exco kick-off food","44502","","X","X127","Finance Code Directory (2022-23","474"
"2022-23","3778","Rugby Club (Women's)","After Practice Meal","44947","","X","X201","Finance Code Directory (2022-23","475"
"2022-23","3779","Family Business Club","Whiskey Tasting","44959","","X","X307","Finance Code Directory (2022-23","476"
"2022-23","3781","Private Equity & Venture Capital Club","Speaker Series – Check Warner MBE","44972","","S","S166","Finance Code Directory (2022-23","477"
"2022-23","3782","Acting & Comedy Club","Presentation and Powerful Pitching Workshop","44982","","S","S230","Finance Code Directory (2022-23","478"
"2022-23","3783","Healthcare Club","Healthtech Challenge - Final Presentation March 30","45015","","S","S108","Finance Code Directory (2022-23","479"
"2022-23","3784","Entrepreneurship Club","Not setup - duplicate of 3283","","","X","X121","Finance Code Directory (2022-23","480"
"2022-23","3785","Tattoo 2023","Tattoo 2023","44979","45038","S","S524","Finance Code Directory (2022-23","481"
"2022-23","3786","Future of Mobility Club (Automotive)","FoM Go-karting","44988","","X","X445","Finance Code Directory (2022-23","482"
"2022-23","3787","Real Estate Club","ExCo_Dinner","44958","","X","X171","Finance Code Directory (2022-23","483"
"2022-23","3788","Healthcare Club","NHS Projects Wrap Up Meeting","44974","","S","S108","Finance Code Directory (2022-23","484"
"2022-23","3789","LatAm Club","LatAm Club – Kickoff Party","44986","","S","S150","Finance Code Directory (2022-23","485"
"2022-23","3790","Rugby Club (Women's)","Long Tour tickets","45018","45025","X","X201","Finance Code Directory (2022-23","486"
"2022-23","3791","Women in Business Club","Galentine's brunch","44973","","X","X199","Finance Code Directory (2022-23","487"
"2022-23","3792","Rugby Club (Men's)","Long tour 2023","45018","45025","X","X177","Finance Code Directory (2022-23","488"
"2022-23","3793","Sports Business Club","ExCo_Term 2 Lunch","44967","","X","X275","Finance Code Directory (2022-23","489"
"2022-23","3794","Rugby Club (Women's)","Charity Auction Expenses","44892","44958","X","X201","Finance Code Directory (2022-23","490"
"2022-23","3795","Tech & Media Club","TMC Networking Sessions","44956","44982","X","X213","Finance Code Directory (2022-23","491"
"2022-23","3796","Rugby Club (Women's)","After Practice Social","44960","45107","X","X201","Finance Code Directory (2022-23","492"
"2022-23","3797","Golf Club","Pitch Soho Social Event","44974","","S","S134","Finance Code Directory (2022-23","493"
"2022-23","3798","Middle East Club","Lebanon Trek","45088","45095","X","X157","Finance Code Directory (2022-23","494"
"2022-23","3799","Rugby Club (Women's)","Women's Night Run","44964","45000","S","S200","Finance Code Directory (2022-23","495"
"2022-23","3800","Infrastructure & Construction Club","London Infrastructure PE Trek","44991","44994","X","X421","Finance Code Directory (2022-23","496"
"2022-23","3801","Geopolitics & Business Society","Geopolitics & Business Pub Social","45056","45056","","","Finance Code Directory (2022-23","497"
"2022-23","3802","Middle East Club","Middle East Dinner - Club Welcome","44831","","S","S156","Finance Code Directory (2022-23","498"
"2022-23","3803","Commodities Club","Happy Hour","44882","","X","X409","Finance Code Directory (2022-23","499"
"2022-23","3804","Spanish Club","Fireside Chat with Iñaki Berenger","45034","","X","X187","Finance Code Directory (2022-23","500"
"2022-23","3805","Spanish Club","LBS Padel Tournament III","45037","","S","S186","Finance Code Directory (2022-23","501"
"2022-23","3806","Golf Club","ExCo_Social Event","44968","","X","X135","Finance Code Directory (2022-23","502"
"2022-23","3807","Art & Business Club","London Art Weekend (Mayfair gallery tour)","44853","","X","X269","Finance Code Directory (2022-23","503"
"2022-23","3808","Sailing Club","LBS Students vs. Alumni Sailing Challenge","45030","45032","X","X181","Finance Code Directory (2022-23","504"
"2022-23","3810","Israel club","Zikaron Basalon","45027","","S","S142","Finance Code Directory (2022-23","505"
"2022-23","3811","Black in Business Club","BiB Mid Year Catch-up","44981","","S","S502","Finance Code Directory (2022-23","506"
"2022-23","3812","Black in Business Club","Black Art exhibition and networking drinks","45001","","S","S502","Finance Code Directory (2022-23","507"
"2022-23","3813","Tech & Media Club","ExCo_Core team drinks","44841","","X","X213","Finance Code Directory (2022-23","508"
"2022-23","3814","Board Games Club","Not setup - Duplicate of 3749","","","","","Finance Code Directory (2022-23","509"
"2022-23","3815","Social Impact Club","Zerbini","44978","","S","S158","Finance Code Directory (2022-23","510"
"2022-23","3816","Marketing & Strategy Club","Club Kick-off Meeting 2022-2023","44816","","X","X155","Finance Code Directory (2022-23","511"
"2022-23","3817","Wine & Spirit Club","Five Points Brewery 30th March","45015","","S","S224","Finance Code Directory (2022-23","512"
"2022-23","3818","Marketing & Strategy Club","ExCo_Kick Off 2022-2023","44852","","X","X155","Finance Code Directory (2022-23","513"
"2022-23","3819","Marketing & Strategy Club","Marketing & Strategy Club Conference","44994","","S","S154","Finance Code Directory (2022-23","514"
"2022-23","3820","Impact Consulting Club","ICC Fall Projects Celebration Dinner CY2023","44995","","X","X387","Finance Code Directory (2022-23","515"
"2022-23","3821","Black in Business Club","Movie Night","44971","45029","X","X503","Finance Code Directory (2022-23","516"
"2022-23","3822","Volleyball Club","Second Term","44934","","X","X223","Finance Code Directory (2022-23","517"
"2022-23","3823","Rugby Club (Men's)","Kick off event for long tour","44980","","X","X177","Finance Code Directory (2022-23","518"
"2022-23","3824","Out in Business Club","Rainbow trek","45064","45067","X","X165","Finance Code Directory (2022-23","519"
"2022-23","3825","Italian Club","How to create your own Venture Capital fund? Fireside chat with Luca Zerbini","44985","","X","X145","Finance Code Directory (2022-23","520"
"2022-23","3826","Rugby Club (Men's)","Game Referee fee","44975","","S","S176","Finance Code Directory (2022-23","521"
"2022-23","3827","Wine & Spirit Club","March 14th Mixology Event","44999","","S","S224","Finance Code Directory (2022-23","522"
"2022-23","3828","Art & Business Club","Trek_Cannes Film Festival 2023","45064","45068","X","X269","Finance Code Directory (2022-23","523"
"2022-23","3829","Art & Business Club","The NFT Gallery X LBS: Exhibition Showcase and Speaker Event","44837","","X","X269","Finance Code Directory (2022-23","524"
"2022-23","3830","Art & Business Club","BFI London Film Festival: Headline Gala ""Living""","44845","44845","S","S268","Finance Code Directory (2022-23","525"
"2022-23","3832","Infrastructure & Construction Club","Not setup - Duplicate of 3844","","","","","Finance Code Directory (2022-23","526"
"2022-23","3833","Real Estate Club","London Real Estate Trek","44984","44985","X","X171","Finance Code Directory (2022-23","527"
"2022-23","3834","Rugby Club (Women's)","Archer Street social","44981","44982","S","S200","Finance Code Directory (2022-23","528"
"2022-23","3835","Foodie Club","Hot Ones Event","45000","","S","S460","Finance Code Directory (2022-23","529"
"2022-23","3836","Energy & Environment Club","Will ClimateTech boom in 2023? Panel and Networking","44981","","X","X119","Finance Code Directory (2022-23","530"
"2022-23","3837","Energy & Environment Club","LBS X Imperial mixer","44985","","S","S118","Finance Code Directory (2022-23","531"
"2022-23","3838","Africa Club","Trek_Kenya Trek 2023","44960","44968","X","X105","Finance Code Directory (2022-23","532"
"2022-23","3839","Africa Club","21st Africa Business Summit","45003","","S","S104","Finance Code Directory (2022-23","533"
"2022-23","3840","Golf Club","Birdiefy, your way to better golf - Event with CEO and Co-founder","44985","","S","S134","Finance Code Directory (2022-23","534"
"2022-23","3842","Tech & Media Club","ExCo_TMC Mid-term Lunch","44978","","X","X213","Finance Code Directory (2022-23","535"
"2022-23","3843","Corporate Leadership Club","Corporate Leadership Club Mentorship Programme 2023","44976","44988","X","X209","Finance Code Directory (2022-23","536"
"2022-23","3844","Infrastructure & Construction Club","Infrastructure & Construction Club Exco Social","44978","","X","X421","Finance Code Directory (2022-23","537"
"2022-23","3845","Golf Club","Masters Fantasy Golf Pool","45022","","S","S134","Finance Code Directory (2022-23","538"
"2022-23","3846","Student President's Club","Club Leader Training","44991","45107","X","X527","Finance Code Directory (2022-23","539"
"2022-23","3847","Entrepreneurship Club","Community Team Social","44937","","S","S120","Finance Code Directory (2022-23","540"
"2022-23","3848","Entrepreneurship Club","Brand Design Team Social","44939","","S","S120","Finance Code Directory (2022-23","541"
"2022-23","3849","Entrepreneurship Club","Generative AI Panel","44973","","X","X121","Finance Code Directory (2022-23","542"
"2022-23","3850","Entrepreneurship Club","Alumni Social","44972","","X","X121","Finance Code Directory (2022-23","543"
"2022-23","3851","LatAm Club","Tattoo Latam","44979","45077","S","S150","Finance Code Directory (2022-23","544"
"2022-23","3852","Entrepreneurship Club","Hack LBS Website Domain","44927","","X","X121","Finance Code Directory (2022-23","545"
"2022-23","3853","Investment Management Club","Cornell University's Investment Portfolio Case Competition","44967","","X","X229","Finance Code Directory (2022-23","546"
"2022-23","3854","Board Games Club","BG Night, 13 feb","44970","","X","X397","Finance Code Directory (2022-23","547"
"2022-23","3855","Board Games Club","Board Games Night #8","44956","","X","X397","Finance Code Directory (2022-23","548"
"2022-23","3856","Consulting Club","Consulting & Restructuring Conference Panel","45040","","S","S114","Finance Code Directory (2022-23","549"
"2022-23","3857","Entrepreneurship Club","Alumni Founders Book Celebration","45021","","X","X121","Finance Code Directory (2022-23","550"
"2022-23","3858","Private Equity & Venture Capital Club","Alchemy PE Competition","44957","","X","X167","Finance Code Directory (2022-23","551"
"2022-23","3859","Volleyball Club","Volleyball Club Swag Sale","44979","44989","X","X223","Finance Code Directory (2022-23","552"
"2022-23","3860","Africa Club","Tattoo 2023","45038","","S","S104","Finance Code Directory (2022-23","553"
"2022-23","3861","People Strategy Club","Leadership Lab #1","44979","","X","X491","Finance Code Directory (2022-23","554"
"2022-23","3862","Private Equity & Venture Capital Club","VC and Startups: Spring Social 2023","44992","","S","S166","Finance Code Directory (2022-23","555"
"2022-23","3863","Investment Management Club","IMC Happy Friday Drinks","44988","","X","X229","Finance Code Directory (2022-23","556"
"2022-23","3864","Sailing Club","Portugal Sailing Trek","45059","45064","X","X181","Finance Code Directory (2022-23","557"
"2022-23","3865","Italian Club","Italian Dinner - La Mia Mamma","44991","","S","S144","Finance Code Directory (2022-23","558"
"2022-23","3866","Italian Club","Organizers dinner with guest","44981","","X","X145","Finance Code Directory (2022-23","559"
"2022-23","3867","Cycling Club","Cycling Club Ride to London Pub","44983","45003","X","X351","Finance Code Directory (2022-23","560"
"2022-23","3868","Commodities Club","Recycling and the Circular Economy: Coffee with Kunal Sinha","44890","","X","X409","Finance Code Directory (2022-23","561"
"2022-23","3869","Commodities Club","Buying a banner for the commodities Club","44972","","X","X409","Finance Code Directory (2022-23","562"
"2022-23","3870","First-Generation, Low or Intermediate Income Club (FLII)","Microsoft Recruitment Event","44993","","X","X505","Finance Code Directory (2022-23","563"
"2022-23","3872","Brazil Club","ExCo_Meeting SPR23","44977","","X","X291","Finance Code Directory (2022-23","564"
"2022-23","3873","Infrastructure & Construction Club","Trends in Infrastructure & ESG Finance - Covid and beyond","44984","","X","X421","Finance Code Directory (2022-23","565"
"2022-23","3874","Healthcare Club","Founding and Investing in Biotech Startups - March 8 Panel","44993","","S","S108","Finance Code Directory (2022-23","566"
"2022-23","3875","Retail & Luxury Goods Club","McArthurGlen_Sponsorship","44991","","S","S324","Finance Code Directory (2022-23","567"
"2022-23","3876","Energy & Environment Club","Berlin ClimateTech trek","45056","45058","X","X119","Finance Code Directory (2022-23","568"
"2022-23","3877","Investment Management Club","US Asset Management Trek","45004","45008","X","X229","Finance Code Directory (2022-23","569"
"2022-23","3878","Italian Club","Italian Dinner - La Mia Mamma","44998","","S","S144","Finance Code Directory (2022-23","570"
"2022-23","3881","Women in Business Club","Sponsorship Invoice Request_Avon","44957","45016","S","S198","Finance Code Directory (2022-23","571"
"2022-23","3882","Japan Club","Japanese Cultural Exchange with Partners","45006","","X","X147","Finance Code Directory (2022-23","572"
"2022-23","3883","Social Impact Club","Trek_Amsterdam Sustainability","45040","45042","X","X159","Finance Code Directory (2022-23","573"
"2022-23","3884","Acting & Comedy Club","Storytelling & Presence workshop (March)","45003","","S","S230","Finance Code Directory (2022-23","574"
"2022-23","3885","Rugby Club (Men's)","Match with Pilgrim_the second","44989","","X","X177","Finance Code Directory (2022-23","575"
"2022-23","3886","Healthcare Club","ExCo Vertical Socials - Spring 2023","44991","45044","S","S108","Finance Code Directory (2022-23","576"
"2022-23","3887","Tech & Media Club","TMC Student Alumni Mixer","45027","","S","S212","Finance Code Directory (2022-23","577"
"2022-23","3888","Vibrant Feet@LBS (LBS Dance Society)","Bachata Classes Terms 2&3","44993","45092","X","X511","Finance Code Directory (2022-23","578"
"2022-23","3889","Rugby Club (Women's)","Cambridge Match Day","44996","","X","X201","Finance Code Directory (2022-23","579"
"2022-23","3890","Rugby Club (Women's)","Regent's Park touch rugby leagues","44987","45170","X","X201","Finance Code Directory (2022-23","580"
"2022-23","3891","Board Games Club","Poker Tournament","44997","","S","S396","Finance Code Directory (2022-23","581"
"2022-23","3892","Board Games Club","Board Games Night #10","44984","45012","X","X397","Finance Code Directory (2022-23","582"
"2022-23","3893","Investment Management Club","Networking Event with Fiera Capital","45001","","X","X229","Finance Code Directory (2022-23","583"
"2022-23","3894","Corporate Leadership Club","Mentoring Program Introduction March 13","44998","","X","X209","Finance Code Directory (2022-23","584"
"2022-23","3895","Acting & Comedy Club","Improv Show (March)","44997","","S","S230","Finance Code Directory (2022-23","585"
"2022-23","3896","Social Impact Club","SIC Signature Conference","45029","","S","S158","Finance Code Directory (2022-23","586"
"2022-23","3897","People Strategy Club","ExCo_Thank You Dinner","44991","","X","X491","Finance Code Directory (2022-23","587"
"2022-23","3898","Black in Business Club","Afrobeats Brunch","45017","","X","X503","Finance Code Directory (2022-23","588"
"2022-23","3899","People Strategy Club","Leadership Lab #2","45013","","X","X491","Finance Code Directory (2022-23","589"
"2022-23","3900","Commodities Club","LBS receives Appian Capital","44973","","X","X409","Finance Code Directory (2022-23","590"
"2022-23","3901","Commodities Club","LBS Commodities Trek gifts!","44993","44995","X","X409","Finance Code Directory (2022-23","591"
"2022-23","3902","Japan Club","A Traditional Japanese Picnic beneath the Cherry Blossoms (HANAMI)","44993","","S","S146","Finance Code Directory (2022-23","592"
"2022-23","3903","Australia and New Zealand Club","ExCo_January Meeting","44976","45004","X","X349","Finance Code Directory (2022-23","593"
"2022-23","3904","Infrastructure & Construction Club","Fireside Chat with Alexandra Ghashghai","45034","","X","X421","Finance Code Directory (2022-23","594"
"2022-23","3905","Future of Mobility Club (Automotive)","Future of Mobility Club Exco dinner","44991","","X","X445","Finance Code Directory (2022-23","595"
"2022-23","3906","ExCo_Halfway Check-in Meeting","Meeting with guest speaker of LABF","44985","","X","X291","Finance Code Directory (2022-23","596"
"2022-23","3907","LatAm Club","Bubble football","45018","","S","S150","Finance Code Directory (2022-23","597"
"2022-23","3908","Expedition Club","Norway Kayaking & Hiking Expedition","45059","45060","X","X417","Finance Code Directory (2022-23","598"
"2022-23","3909","DACH Club (Germany, Austria & Switzerland)","ExCo_Team event","45041","","X","X133","Finance Code Directory (2022-23","599"
"2022-23","3910","Private Equity & Venture Capital Club","2023 PE Milan Trek","44994","44995","X","X167","Finance Code Directory (2022-23","600"
"2022-23","3911","Tech & Media Club","ExCo_Halfway Check-in Meeting","45014","","X","X213","Finance Code Directory (2022-23","601"
"2022-23","3912","Entrepreneurship Through Acquisition Society","ExCo_ETA Conference","45058","","S","S514","Finance Code Directory (2022-23","602"
"2022-23","3913","India Club","Holi Sundowner","44994","","X","X137","Finance Code Directory (2022-23","603"
"2022-23","3914","Sailing Club","Spring 2023 Sailing Club Kit Sale","44993","45017","S","S180","Finance Code Directory (2022-23","604"
"2022-23","3915","Retail & Luxury Goods Club","Sponsorship_Chalhoub Group","44994","","S","S324","Finance Code Directory (2022-23","605"
"2022-23","3916","Cycling Club","Paris Trek","45071","45107","X","X351","Finance Code Directory (2022-23","606"
"2022-23","3917","LatAm Club","Vaova Sponsorship","44999","45016","S","S150","Finance Code Directory (2022-23","607"
"2022-23","3918","Black in Business Club","The Bibnic","45088","","S","S502","Finance Code Directory (2022-23","608"
"2022-23","3919","Central","Clubs_Dinner","44719","44720","X","X101","Finance Code Directory (2022-23","609"
"2022-23","3920","Central","Operations_Sponsorship Team","45013","","S","S100","Finance Code Directory (2022-23","610"
"2022-23","3921","Racket Sports Club","Training Sessions","44940","44970","X","X521","Finance Code Directory (2022-23","611"
"2022-23","3922","Racket Sports Club","Badminton Equipment for Training","44938","44962","X","X521","Finance Code Directory (2022-23","612"
"2022-23","3923","Racket Sports Club","Squash Equipment","44887","44974","X","X521","Finance Code Directory (2022-23","613"
"2022-23","3924","Racket Sports Club","Squash Night","44868","44988","X","X521","Finance Code Directory (2022-23","614"
"2022-23","3925","Racket Sports Club","MISC Training and Sessions","44971","44991","X","X521","Finance Code Directory (2022-23","615"
"2022-23","3926","Racket Sports Club","Real Tennis Lesson","44986","","X","X521","Finance Code Directory (2022-23","616"
"2022-23","3927","Racket Sports Club","Club Dinner","44892","","X","X521","Finance Code Directory (2022-23","617"
"2022-23","3928","Racket Sports Club","Match against LSE","44998","","X","X521","Finance Code Directory (2022-23","618"
"2022-23","3929","Racket Sports Club","Training Sessions","44949","44989","X","X521","Finance Code Directory (2022-23","619"
"2022-23","3930","Racket Sports Club","Not setup - duplicate of 3929","","","","","Finance Code Directory (2022-23","620"
"2022-23","3931","Retail & Luxury Goods Club","Sponsorship_Wheeler Institute","44998","","S","S324","Finance Code Directory (2022-23","621"
"2022-23","3932","Family Business Club","Masterclass with Professor Rupert and HP","45021","","X","X307","Finance Code Directory (2022-23","622"
"2022-23","3933","Family Business Club","Wine Tasting with FBC","45027","","S","S306","Finance Code Directory (2022-23","623"
"2022-23","3934","Family Business Club","FBC Pub Night","45008","","S","S306","Finance Code Directory (2022-23","624"
"2022-23","3935","Family Business Club","FBC and PE/VC Gala","45063","","S","S306","Finance Code Directory (2022-23","625"
"2022-23","3936","Social Impact Club","IB&NP Speaker Series: Creating social value in an ever-changing environment","45021","","X","X159","Finance Code Directory (2022-23","626"
"2022-23","3937","Central","Speak Out Week 2023","45029","45037","X","X101","Finance Code Directory (2022-23","627"
"2022-23","3938","Entrepreneurship Club","Creator Fund + Entrepreneurship Club PhD and MBA Matchmaking Night","44993","","X","X121","Finance Code Directory (2022-23","628"
"2022-23","3939","DACH Club (Germany, Austria & Switzerland)","Tattoo_with ExCo event","45038","","S","S132","Finance Code Directory (2022-23","629"
"2022-23","3940","LatAm Club","Colombia Trek Kickoff","44999","45016","X","X151","Finance Code Directory (2022-23","630"
"2022-23","3941","Racket Sports Club","Padel Tournament","45037","45039","S","S520","Finance Code Directory (2022-23","631"
"2022-23","3941","Wellbeing Club","ExCo_Wellbeing Club Breakfast","45011","","X","X517","Finance Code Directory (2022-23","632"
"2022-23","3942","Investment Management Club","IMC Website Renewal","44988","","X","X229","Finance Code Directory (2022-23","633"
"2022-23","3943","Investment Management Club","IMC Student Investment Fund Meeting Refreshments","44993","","X","X229","Finance Code Directory (2022-23","634"
"2022-23","3944","Retail & Luxury Goods Club","RLCC_Paris Trek","45039","45042","X","X325","Finance Code Directory (2022-23","635"
"2022-23","3945","Private Equity & Venture Capital Club","WIX renewal","45001","","X","X167","Finance Code Directory (2022-23","636"
"2022-23","3946","Acting & Comedy Club","The LBS Town Square","45021","","X","X231","Finance Code Directory (2022-23","637"
"2022-23","3947","Entrepreneurship Club","Booster Pitch Night - March 14","44999","","X","X121","Finance Code Directory (2022-23","638"
"2022-23","3948","Acting & Comedy Club","Improv Class Show Case (April 2023)","45021","","S","S230","Finance Code Directory (2022-23","639"
"2022-23","3949","Cricket Club","Sixes Club Social","45018","","X","X111","Finance Code Directory (2022-23","640"
"2022-23","3950","Investment Management Club","Finance Club and IMC speaker event with Prof. Richard Portes and David
Bloom, ex-Global Head of FX Research, HSBC","45014","","X","X229","Finance Code Directory (2022-23","641"
"2022-23","3951","Brazil Club","Brazilian Party","45022","","S","S290","Finance Code Directory (2022-23","642"
"2022-23","3952","China Club","China Business Forum","45072","","S","S270","Finance Code Directory (2022-23","643"
"2022-23","3953","Women in Business Club","WIB ExCo Holiday Party","44894","44895","X","X199","Finance Code Directory (2022-23","644"
"2022-23","3954","Finance club","Finance Club and IMC speaker event with Prof. Richard Portes and David","45014","","X","S124","Finance Code Directory (2022-23","645"
"2022-23","3955","Middle East Club","Ramadan Iftar","45017","","S","S156","Finance Code Directory (2022-23","646"
"2022-23","3956","Healthcare Club","Imperial Healthcare Hackathon","45059","","X","X109","Finance Code Directory (2022-23","647"
"2022-23","3957","Impact Consulting Club","ICC_Impactathon_CY23","45033","45037","X","X387","Finance Code Directory (2022-23","648"
"2022-23","3958","Board Games Club","Chess Tournament","45032","","S","S396","Finance Code Directory (2022-23","649"
"2022-23","3959","Tech & Media Club","TMC Fintech Networking Event","45043","","X","X213","Finance Code Directory (2022-23","650"
"2022-23","3960","Commodities Club","Orion Resource Partners visits the London Business School","45021","","X","X409","Finance Code Directory (2022-23","651"
"2022-23","3961","Commodities Club","Resource Capital Funds visit the London Business School","45033","","X","X409","Finance Code Directory (2022-23","652"
"2022-23","3962","Investment Management Club","Asset Management Conference","45085","45086","S","S228","Finance Code Directory (2022-23","653"
"2022-23","3964","Portugal Club","Tattoo Portugal Club","45038","","S","S298","Finance Code Directory (2022-23","654"
"2022-23","3965","Healthcare Club","Speaker Event - Delivering Care in Remote Areas","45027","","X","X109","Finance Code Directory (2022-23","655"
"2022-23","3966","Black in Business Club","Black in Business Club","45022","","X","X503","Finance Code Directory (2022-23","656"
"2022-23","3967","Women in Business Club","Women's Day Event","44993","","S","S198","Finance Code Directory (2022-23","657"
"2022-23","3968","Private Equity & Venture Capital Club","PEVC <> Family Business Clubs’ Gala","45063","","S","S166","Finance Code Directory (2022-23","658"
"2022-23","3969","Social Impact Club","Sustainability Supper Club @ Mildreds Kings Cross","45026","","S","S158","Finance Code Directory (2022-23","659"
"2022-23","3970","Retail & Luxury Goods Club","RLCC_Careers Panel","45034","","X","X325","Finance Code Directory (2022-23","660"
"2022-23","3971","Italian Club","Tattoo 2023 - Italian Club food","45038","","X","X145","Finance Code Directory (2022-23","661"
"2022-23","3972","Private Equity & Venture Capital Club","Northzone and Target Global","45036","","X","X167","Finance Code Directory (2022-23","662"
"2022-23","3973","Social Impact Club","Social Impact Career fair","45028","","X","X159","Finance Code Directory (2022-23","663"
"2022-23","3974","Finance club","Bloom","45020","","S","S124","Finance Code Directory (2022-23","664"
"2022-23","3975","Impact Consulting Club","ExCo_ICC Swag Items_2023","45016","45114","X","X387","Finance Code Directory (2022-23","665"
"2022-23","3976","Impact Consulting Club","ExCo_ICC EoY Dinner_2023","45068","","X","X387","Finance Code Directory (2022-23","666"
"2022-23","3977","India Club","Fireside Chat with Falguni Nayar","45029","","X","X137","Finance Code Directory (2022-23","667"
"2022-23","3978","Middle East Club","Middle East Annual Conference","45065","","S","S156","Finance Code Directory (2022-23","668"
"2022-23","3979","Africa Club","Africa Club Alumni Social","45034","","X","X105","Finance Code Directory (2022-23","669"
"2022-23","3980","Golf Club","Golf Day at Sudbury GC","45029","","S","S134","Finance Code Directory (2022-23","670"
"2022-23","3981","Italian Club","Fireside chat with Ricardo Trezzi","45030","","X","X145","Finance Code Directory (2022-23","671"
"2022-23","3982","Vibrant Feet@LBS (LBS Dance Society)","ExCo_Dinner_April2023","45039","","X","X511","Finance Code Directory (2022-23","672"
"2022-23","3983","LatAm Club","Latam Partners Meetup","45019","45138","X","X151","Finance Code Directory (2022-23","673"
"2022-23","3984","Entrepreneurship Club","Squarespace hosting 2021 and 2022","45019","","X","X121","Finance Code Directory (2022-23","674"
"2022-23","3985","Foodie Club","Arirang Dinner","45036","","S","S460","Finance Code Directory (2022-23","675"
"2022-23","3986","Investment Management Club","Fireside Chat with Finance Industry Experts","45020","","X","X229","Finance Code Directory (2022-23","676"
"2022-23","3987","Central & Eastern Europe Club","ExCo_summer term lunch","45035","","X","X117","Finance Code Directory (2022-23","677"
"2022-23","3988","Healthcare Club","FemTech Panel - April 25, 2023","45041","","X","X109","Finance Code Directory (2022-23","678"
"2022-23","3990","Hellenic Club","Greek Trek 2023","45173","45179","X","X267","Finance Code Directory (2022-23","679"
"2022-23","3991","LatAm Club","Latam Psycle Class","45041","","S","S150","Finance Code Directory (2022-23","680"
"2022-23","3992","Healthcare Club","Healthcare Alumni Dinner - May 16, 2023","45062","","S","S108","Finance Code Directory (2022-23","681"
"2022-23","3993","Black in Business Club","BiB Networking Drinks","45064","","S","S502","Finance Code Directory (2022-23","682"
"2022-23","3994","Black in Business Club","BiB ExCo Getaway","45079","","S","S502","Finance Code Directory (2022-23","683"
"2022-23","3995","Australia and New Zealand Club","Wine and Cheese Night","45020","","X","X349","Finance Code Directory (2022-23","684"
"2022-23","3996","Asia Club","EOY party","45057","","X","X103","Finance Code Directory (2022-23","685"
"2022-23","3997","Africa Club","ExCo_Africa Club ExCo Dinner & Social","45022","","X","X105","Finance Code Directory (2022-23","686"
"2022-23","3998","Wine & Spirit Club","2023_Champagne_Trek","45058","45060","X","X225","Finance Code Directory (2022-23","687"
"2022-23","3999","Football Club (Women's)","Football Kits","45025","45039","S","S128","Finance Code Directory (2022-23","688"
"2022-23","4000","Asia Club","Asian food series- Karaoke","45036","45036","X","X103","Finance Code Directory (2022-23","689"
"2022-23","4001","Australia and New Zealand Club","Pub Crawl","45030","45030","X","X349","Finance Code Directory (2022-23","690"
"2022-23","4002","Brazil Club","Career Talks - Daniel Mazini (Country Manager at Amazon)","45035","","X","X291","Finance Code Directory (2022-23","691"
"2022-23","4003","Acting & Comedy Club","Improvisation Class_SUM23","45035","","S","S230","Finance Code Directory (2022-23","692"
"2022-23","4004","Acting & Comedy Club","Stand Up Class_SUM23","45034","45083","S","S230","Finance Code Directory (2022-23","693"
"2022-23","4005","Art & Business Club","The National Gallery Guided Tour","44981","","S","S268","Finance Code Directory (2022-23","694"
"2022-23","4006","Art & Business Club","Art & Business Exco Lunch","45028","","X","X269","Finance Code Directory (2022-23","695"
"2022-23","4007","Art & Business Club","Art & Business Club Kick-off Drinks","44830","","X","X269","Finance Code Directory (2022-23","696"
"2022-23","4008","Art & Business Club","Art & Business Club: End of Year Cocktail Party","44734","","S","S268","Finance Code Directory (2022-23","697"
"2022-23","4009","Energy & Environment Club","CleanTech Challenge","45035","","X","X119","Finance Code Directory (2022-23","698"
"2022-23","4010","Infrastructure & Construction Club","Fireside Chat with Javier Echave","13/042023","","X","X421","Finance Code Directory (2022-23","699"
"2022-23","4011","Infrastructure & Construction Club","Fireside Chat with Jiri Zrust","17/042023","","X","X421","Finance Code Directory (2022-23","700"
"2022-23","4013","Infrastructure & Construction Club","Partners Group Office Visit","45035","","X","X421","Finance Code Directory (2022-23","701"
"2022-23","4014","Infrastructure & Construction Club","The New Benchmark in Executive Search","45028","","X","X421","Finance Code Directory (2022-23","702"
"2022-23","4015","Energy & Environment Club","Energy Club Spotify podcast","45036","","X","X119","Finance Code Directory (2022-23","703"
"2022-23","4016","Volunteers Club","The Wings of Hope Speed Mentoring Event","45038","","X","X355","Finance Code Directory (2022-23","704"
"2022-23","4017","Entrepreneurship Club","Launchpad Final Event","45033","","X","X121","Finance Code Directory (2022-23","705"
"2022-23","4018","Board Games Club","Board Games Club ExCo Social - 4th April","45020","","X","X397","Finance Code Directory (2022-23","706"
"2022-23","4019","India Club","Fireside Chat with Aryaman Birla","45043","","X","X137","Finance Code Directory (2022-23","707"
"2022-23","4020","Vibrant Feet@LBS (LBS Dance Society)","TATTOO 2023","45038","","S","S510","Finance Code Directory (2022-23","708"
"2022-23","4021","First-Generation, Low or Intermediate Income Club (FLII)","Elevate - FLII in Business Conference","45058","","S","S504","Finance Code Directory (2022-23","709"
"2022-23","4022","Finance Club","Fireside Chat: How To Succeed In Investment Banking Internship?","45043","","X","X125","Finance Code Directory (2022-23","710"
"2022-23","4023","Australia and New Zealand Club","Bogan Bingo","45071","","X","X349","Finance Code Directory (2022-23","711"
"2022-23","4024","Acting & Comedy Club","Sussex Slayers Improv Show_Apr23","45042","","S","S230","Finance Code Directory (2022-23","712"
"2022-23","4025","Swimming Club","Swim Club Caps","45067","45433","S","S192","Finance Code Directory (2022-23","713"
"2022-23","4026","Spanish Club","TATTOO 2023","45038","","S","S186","Finance Code Directory (2022-23","714"
"2022-23","4027","Central & Eastern Europe Club","CEE Tattoo food stand","45038","","S","S116","Finance Code Directory (2022-23","715"
"2022-23","4028","Private Equity & Venture Capital Club","Earlybird","45028","","X","X167","Finance Code Directory (2022-23","716"
"2022-23","4029","Central","Presidents_Training","45083","","X","X101","Finance Code Directory (2022-23","717"
"2022-23","4030","MBAT 2023","MBAT 2023","45049","45053","X","X531","Finance Code Directory (2022-23","718"
"2022-23","4031","Black in Business Club","TATTOO 2023","45038","","S","S502","Finance Code Directory (2022-23","719"
"2022-23","4032","Acting & Comedy Club","Exco Leaders Event _ May 23","45064","","X","X231","Finance Code Directory (2022-23","720"
"2022-23","4033","Racket Sports Club","Merchandise order","45036","","X","X421","Finance Code Directory (2022-23","721"
"2022-23","4034","Wine & Spirit Club","Gin Tasting April 25 2023","45041","","S","S224","Finance Code Directory (2022-23","722"
"2022-23","4035","Healthcare Club","Careers in Healthtech - May 23","45069","","X","X109","Finance Code Directory (2022-23","723"
"2022-23","4036","Racket Sports Club","Tennis Training","45004","45020","X","X521","Finance Code Directory (2022-23","724"
"2022-23","4039","Vibrant Feet@LBS (LBS Dance Society)","After-Tattoo Performers Social","45040","","X","X511","Finance Code Directory (2022-23","725"
"2022-23","4040","Asia Club","Asia Club 2023 End of Year Party","45057","","X","X103","Finance Code Directory (2022-23","726"
"2022-23","4041","Brazil Club","Tattoo 2023 Brazil Club","45038","","S","S290","Finance Code Directory (2022-23","727"
"2022-23","4042","Entrepreneurship Club","Launchpad Midpitch Social","45012","","X","X121","Finance Code Directory (2022-23","728"
"2022-23","4044","Commodities Club","Energy Intelligence roundtable: Critical minerals and materials transition","45089","","S","S408","Finance Code Directory (2022-23","729"
"2022-23","4045","Asia Club","Tattoo","45038","","S","S102","Finance Code Directory (2022-23","730"
"2022-23","4046","Football Club (Men's)","Post Spring League Socials","45042","","X","X127","Finance Code Directory (2022-23","731"
"2022-23","4047","Rugby Club (Women's)","Post Spring League Socials","45017","45169","X","X201","Finance Code Directory (2022-23","732"
"2022-23","4048","Rugby Club (Women's)","Prom 2023","45072","","X","X201","Finance Code Directory (2022-23","733"
"2022-23","4049","Retail & Luxury Goods Club","Milan Trek","45061","45063","X","X325","Finance Code Directory (2022-23","734"
"2022-23","4051","Turnaround Management and Restructuring Club","Special Situations Outlook: Fireside Chat with Alon Avner and Bryan Robson","45050","","S","S304","Finance Code Directory (2022-23","735"
"2022-23","4052","Central","Mental Wellness Awareness Week","45061","45065","S","S100","Finance Code Directory (2022-23","736"
"2022-23","4053","Football Club (Men's)","EOY Party","45055","","S","S126","Finance Code Directory (2022-23","737"
"2022-23","4054","Private Equity & Venture Capital Club","1991 Ventures","45056","","X","X167","Finance Code Directory (2022-23","738"
"2022-23","4055","Summer Ball 2023","Not setup - duplicate of 3929","","","","","Finance Code Directory (2022-23","739"
"2022-23","4056","Volleyball Club","Volleyballs purchase","45047","","X","X223","Finance Code Directory (2022-23","740"
"2022-23","4057","Golf Club","LBS x INSEAD Golf Tournament","45059","","X","X135","Finance Code Directory (2022-23","741"
"2022-23","4058","Entrepreneurship Club","LBS Launchpad Final Pitch Night","45041","","X","X121","Finance Code Directory (2022-23","742"
"2022-23","4059","Real Estate Club","2023 Real Estate Conference","45076","","S","S170","Finance Code Directory (2022-23","743"
"2022-23","4060","Tech & Media Club","Travelex Speaker Event","44896","","X","X213","Finance Code Directory (2022-23","744"
"2022-23","4061","Tech & Media Club","Fintech 101","44889","","X","X213","Finance Code Directory (2022-23","745"
"2022-23","4062","Japan Club","Sponsorship Affinity","45017","45382","S","S146","Finance Code Directory (2022-23","746"
"2022-23","4063","Japan Club","Sponsorship Business Paradigm","45017","45382","S","S146","Finance Code Directory (2022-23","747"
"2022-23","4064","Japan Club","Sponsorship Career Incubation","45017","45382","S","S146","Finance Code Directory (2022-23","748"
"2022-23","4065","Japan Club","Sponsorship Adam Marcus","45017","45382","S","S146","Finance Code Directory (2022-23","749"
"2022-23","4066","Japan Club","Sponsorship Ed","45017","45382","S","S146","Finance Code Directory (2022-23","750"
"2022-23","4067","Japan Club","Sponsorship John Couke","45017","45382","S","S146","Finance Code Directory (2022-23","751"
"2022-23","4068","Japan Club","Sponsorship Jessica King","45017","45382","S","S146","Finance Code Directory (2022-23","752"
"2022-23","4069","Japan Club","Sponsorship Round One","45017","45382","S","S146","Finance Code Directory (2022-23","753"
"2022-23","4070","Japan Club","Sponsorship Axiom","45017","45382","S","S146","Finance Code Directory (2022-23","754"
"2022-23","4071","Japan Club","Sponsorship Antelope","45017","45382","S","S146","Finance Code Directory (2022-23","755"
"2022-23","4072","Japan Club","Sponsorship Kearney","45017","45382","S","S146","Finance Code Directory (2022-23","756"
"2022-23","4073","Japan Club","Sponsorship Strategy&","45017","45382","S","S146","Finance Code Directory (2022-23","757"
"2022-23","4074","Japan Club","Sponsorship Roland Berger","45017","45382","S","S146","Finance Code Directory (2022-23","758"
"2022-23","4075","Japan Club","Sponsorship BCG","45017","45382","S","S146","Finance Code Directory (2022-23","759"
"2022-23","4076","Japan Club","Sponsorship Bain&Company","45017","45382","S","S146","Finance Code Directory (2022-23","760"
"2022-23","4077","Japan Club","Sponsorship Integral","45017","45382","S","S146","Finance Code Directory (2022-23","761"
"2022-23","4078","Japan Club","Sponsorship AGOS Japan","45017","45382","S","S146","Finance Code Directory (2022-23","762"
"2022-23","4079","Japan Club","Sponsorship London Tokyo Property","45017","45382","S","S146","Finance Code Directory (2022-23","763"
"2022-23","4080","Japan Club","Sponsorship Relo Redac","45017","45382","S","S146","Finance Code Directory (2022-23","764"
"2022-23","4081","Japan Club","Sponsorship Live English","45017","45382","S","S146","Finance Code Directory (2022-23","765"
"2022-23","4082","Japan Club","Sponsorship Mitsubishi Corporation","45017","45382","S","S146","Finance Code Directory (2022-23","766"
"2022-23","4083","Turkish Society","Turkish National Elections Night","45060","","S","S380","Finance Code Directory (2022-23","767"
"2022-23","4084","Finance club","Speaker Event 5-10-2023","45056","","X","X125","Finance Code Directory (2022-23","768"
"2022-23","4085","Racket Sports Club","Training Sessions","45029","45053","X","X521","Finance Code Directory (2022-23","769"
"2022-23","4086","Racket Sports Club","Badminton General Training","45035","","X","X521","Finance Code Directory (2022-23","770"
"2022-23","4087","Racket Sports Club","Badminton Training Sessions","44989","45034","X","X521","Finance Code Directory (2022-23","771"
"2022-23","4088","Racket Sports Club","Squash Post-Match Dinner with LSE","44998","","X","X521","Finance Code Directory (2022-23","772"
"2022-23","4089","Racket Sports Club","Squash Club General Training Sessions","44994","45023","X","X521","Finance Code Directory (2022-23","773"
"2022-23","4090","Wellbeing Club","Mental Health Awareness Week Conference","45061","45067","X","X517","Finance Code Directory (2022-23","774"
"2022-23","4091","Turnaround and Restructuring Club","Introduction to Evercore Restructuring","44865","","S","S304","Finance Code Directory (2022-23","775"
"2022-23","4092","Vibrant Feet@LBS (LBS Dance Society)","Dance Club EoY Party","45071","","S","S510","Finance Code Directory (2022-23","776"
"2022-23","4094","People Strategy Club","Leadership Lab #3","45069","","X","X491","Finance Code Directory (2022-23","777"
"2022-23","4095","Tech & Media Club","ExCo_EOY Social","45068","","X","X213","Finance Code Directory (2022-23","778"
"2022-23","4096","Rugby Club (Men's)","Game day_pitch fee","45050","","X","X177","Finance Code Directory (2022-23","779"
"2022-23","4097","Rugby Club (Men's)","Internal transfer between WTRC and Men's Rugby Club","45059","","X","X177","Finance Code Directory (2022-23","780"
"2022-23","4098","Rugby Club (Women's)","MBAT","44986","45055","X","X201","Finance Code Directory (2022-23","781"
"2022-23","4099","Japan Club","Tattoo","45038","","S","S146","Finance Code Directory (2022-23","782"
"2022-23","4100","Rugby Club (Men's)","Spring pitch fee","45061","","X","X177","Finance Code Directory (2022-23","783"
"2022-23","4101","Rugby Club (Women's)","Alumni Day 2023","45060","45067","X","X201","Finance Code Directory (2022-23","784"
"2022-23","4102","Investment Management Club","IMC LBS Stock Pitch Challenge 2023","45063","","X","X229","Finance Code Directory (2022-23","785"
"2022-23","4103","Volleyball Club","Presidents handover","45054","","X","X223","Finance Code Directory (2022-23","786"
"2022-23","4105","Infrastructure & Construction Club","Hilti","45079","","X","X421","Finance Code Directory (2022-23","787"
"2022-23","4106","Spanish Club","Spanish Gathering","45070","","X","X187","Finance Code Directory (2022-23","788"
"2022-23","4107","Italian Club","Alumni Aperitivo","45079","","S","S144","Finance Code Directory (2022-23","789"
"2022-23","4108","Italian Club","Alumni Aperitivo - 9th June","45086","","S","S144","Finance Code Directory (2022-23","790"
"2022-23","4109","Commodities Club","ExCo_Summer_Goodbye_Dinner","45064","","X","X409","Finance Code Directory (2022-23","791"
"2022-23","4110","Central & Eastern Europe Club","ExCo_Summer_Goodbye_Dinner","45084","","X","X117","Finance Code Directory (2022-23","792"
"2022-23","4112","Entrepreneurship Club","Skills Panel","45055","","X","X121","Finance Code Directory (2022-23","793"
"2022-23","4113","Social Impact Club","Fireside chat with Jurgen / EBRD","45070","","X","X159","Finance Code Directory (2022-23","794"
"2022-23","4114","Military in Business Club","Summer Drinks","45070","","X","X363","Finance Code Directory (2022-23","795"
"2022-23","4115","DACH Club (Germany, Austria & Switzerland)","ExCo_Presidents dinner","45077","","X","X133","Finance Code Directory (2022-23","796"
"2022-23","4116","Energy & Environment Club","How to Skill Up for a Career in the Energy Industry","45090","","S","S118","Finance Code Directory (2022-23","797"
"2022-23","4117","LatAm Club","Latam Psycle Class 2.0","45099","","S","S150","Finance Code Directory (2022-23","798"
"2022-23","4118","China Club","China Club year-end gathering","45076","","X","X271","Finance Code Directory (2022-23","799"
"2022-23","4119","Israel Club","Israel Trek","45075","45051","X","X143","Finance Code Directory (2022-23","800"
"2022-23","4120","Brazil Club","Happy hour Brazil Club in Regent's Park","45065","","X","X291","Finance Code Directory (2022-23","801"
"2022-23","4122","Central & Eastern Europe Club","CEE_Summer_food_festival","45071","","X","X117","Finance Code Directory (2022-23","802"
"2022-23","4123","Energy & Environment Club","ExCo_Inaugural_Meeting_lunch_May_2023","45076","","X","X119","Finance Code Directory (2022-23","803"
"2022-23","4126","Sailing Club","LBS Auction Item, Half Day Sailing Cruise for 3 Participants","45080","45138","X","X181","Finance Code Directory (2022-23","804"
"2022-23","4127","Israel Club","Post-trek Dinner","45068","","X","X143","Finance Code Directory (2022-23","805"
"2022-23","4128","Investment Management Club","ESG Workshops","44950","44966","S","S228","Finance Code Directory (2022-23","806"
"2022-23","4129","Spanish Club","Southern Europe Social Event","45077","","X","X187","Finance Code Directory (2022-23","807"
"2022-23","4131","LatAm Club","Peru Trek Info Session","45076","","X","X151","Finance Code Directory (2022-23","808"
"2022-23","4132","Impact Consulting Club","ExCo_Transition lunch","45078","","X","X387","Finance Code Directory (2022-23","809"
"2022-23","4133","Women in Business Club","WIB Tattoo Booth","45018","","S","S198","Finance Code Directory (2022-23","810"
"2022-23","4134","Football Club (Women's)","Friendly Game","45054","","X","X129","Finance Code Directory (2022-23","811"
"2022-23","4135","Retail & Luxury Goods Club","Not setup - duplicate of 4049","","","","","Finance Code Directory (2022-23","812"
"2022-23","4136","Australia and New Zealand Club","State of Origin 2023","45077","","X","X349","Finance Code Directory (2022-23","813"
"2022-23","4137","Football Club (Women's)","Team snacks","45050","45052","X","X129","Finance Code Directory (2022-23","814"
"2022-23","4138","LatAm Club","Peru Trek 2023 – Tickets","45078","45291","X","X151","Finance Code Directory (2022-23","815"
"2022-23","4139","Acting & Comedy Club","Stand Up Show Case Sum23","45083","","S","S230","Finance Code Directory (2022-23","816"
"2022-23","4140","Middle East Club","ExCo Handover/Celebration","45076","","X","X157","Finance Code Directory (2022-23","817"
"2022-23","4142","Japan Club","Sending off 2023","45081","","X","X147","Finance Code Directory (2022-23","818"
"2022-23","4144","DACH Club (Germany, Austria & Switzerland)","Trek_Oktoberfest 2024_with ExCo event","45014","45202","X","X133","Finance Code Directory (2022-23","819"
"2022-23","4145","Middle East Club","Egypt trek","45219","45228","X","X157","Finance Code Directory (2022-23","820"
"2022-23","4146","Japan Club","Japan Night","45081","","S","S146","Finance Code Directory (2022-23","821"
"2022-23","4148","Out in Business Club","LGBTQ+ Picnic","45081","","X","X165","Finance Code Directory (2022-23","822"
"2022-23","4150","Football Club (Men's)","Champions League Event - NOT SETUP AS UPDATED ONE DONE","45087","","S","S126","Finance Code Directory (2022-23","823"
"2022-23","4151","Football Club (Men's)","Champions League Event (updated)","45087","","S","S126","Finance Code Directory (2022-23","824"
"2022-23","4153","Infrastructure & Construction Club","Infra Speaker Series - Investing Renewables and Energy Transition","45084","","X","X421","Finance Code Directory (2022-23","825"
"2022-23","4154","Infrastructure & Construction Club","Exco_See-off Dinner","45084","","X","X421","Finance Code Directory (2022-23","826"
"2022-23","4156","Racket Sports Club","MBA Tournament - Hosted by HEC Paris","45050","45052","X","X521","Finance Code Directory (2022-23","827"
"2022-23","4157","Central & Eastern Europe Club","CEE Club Banner print","45091","","X","X117","Finance Code Directory (2022-23","828"
"2022-23","4158","Acting & Comedy Club","ExCo_Handover Lunch","45084","","X","X231","Finance Code Directory (2022-23","829"
"2022-23","4159","Racket Sports Club","Squash Club Training Sessions","45025","45066","X","X521","Finance Code Directory (2022-23","830"
"2022-23","4160","Acting & Comedy Club","Improv Show Sum23","45098","","X","X231","Finance Code Directory (2022-23","831"
"2022-23","4161","Italian Club","Dinner with ExCos","45096","","X","X145","Finance Code Directory (2022-23","832"
"2022-23","4163","Investment Management Club","EXCO MEETING","45058","","X","X229","Finance Code Directory (2022-23","833"
"2022-23","4164","Investment Management Club","IMC SiF meeting on January 10","44936","","X","X229","Finance Code Directory (2022-23","834"
"2022-23","4165","Investment Management Club","March 27 SiF meeting","45012","","S","S228","Finance Code Directory (2022-23","835"
"2022-23","4166","Japan Club","Hitotsubashi Exchange Lunch","45091","","X","X147","Finance Code Directory (2022-23","836"
"2022-23","4167","Central","DisOrientation Trip 2023","45107","45109","X","X101","Finance Code Directory (2022-23","837"
"2022-23","4177","Acting & Comedy Club","Improv performers dinner","45122","","X","X231","Finance Code Directory (2022-23","838"
"2022-23","4178","Acting & Comedy Club","Intermediate Improv classes summer 2023","45124","45132","S","S230","Finance Code Directory (2022-23","839"
"2022-23","4189","Future of Mobility Club (Automotive)","Senior ExCo Planning Lunch for next academic year","45124","","X","X445","Finance Code Directory (2022-23","840"
"2019-22","EVENT","","Event Name","Start Date","Finish Date (if relevant)","VAT STATUS","COST CENTRE","Finance Code Directory (2019-22","8"
"2019-22","3382","Rugby Club (women's)","Swag sale","44805","44865","S","S200","Finance Code Directory (2019-22","9"
"2019-22","3380","Retail & Luxury Goods Club","ExCo_Retreat Dinner","44828","","X","X325","Finance Code Directory (2019-22","10"
"2019-22","3379","Black in Business Club","Oliver Wyman Sponsoship","44825","45059","S","S502","Finance Code Directory (2019-22","11"
"2019-22","3309","Brazil Club","2022 Grads Celeb","44748","","X","X291","Finance Code Directory (2019-22","12"
"2019-22","3308","Blockchain Society","Maker Delegation - Monthly","44741","","S","S518","Finance Code Directory (2019-22","13"
"2019-22","3316","Central","Social - MBA Mixers","44790","44792","X","X101","Finance Code Directory (2019-22","14"
"2019-22","3307","Central","MBAT 2022","44686","44689","X","X101","Finance Code Directory (2019-22","15"
"2019-22","3306","Central","MBAT 2022 GIFTS","44686","","X","X101","Finance Code Directory (2019-22","16"
"2019-22","3304","Rugby Club (Women's)","Summer League 2022","44727","44790","X","X201","Finance Code Directory (2019-22","17"
"2019-22","3302","Family Business Club","Final FBC Drinks - The Gunmakers Pub - 21 June","44733","","X","X307","Finance Code Directory (2019-22","18"
"2019-22","3301","Family Business Club","Dishoom event","44677","","X","X307","Finance Code Directory (2019-22","19"
"2019-22","3300","Family Business Club","Exco Lunch","44719","","X","X307","Finance Code Directory (2019-22","20"
"2019-22","3297","Art & Business Club","Mayfair Art Weekend Tour","44736","","X","X269","Finance Code Directory (2019-22","21"
"2019-22","3295","Golf Club","Exco_GolfSocialEvent","44721","","X","X135","Finance Code Directory (2019-22","22"
"2019-22","3294","Sailing Club","Closing Club Event","44719","44719","X","X181","Finance Code Directory (2019-22","23"
"2019-22","3293","Rugby Club (Women's)","End of Year Celebration","44722","44722","X","X201","Finance Code Directory (2019-22","24"
"2019-22","3292","Rugby Club (Women's)","End of Year Exco Dinner - Gingerbread","44718","44718","X","X201","Finance Code Directory (2019-22","25"
"2019-22","3291","Sailing Club","Kit Sales","44699","44748","S","S180","Finance Code Directory (2019-22","26"
"2019-22","3290","Brazil Club","Celebration of the 2022 academic year","44720","44720","X","X291","Finance Code Directory (2019-22","27"
"2019-22","3287","Entrepreneurship Club","ExCo_ final social","44712","44712","X","X121","Finance Code Directory (2019-22","28"
"2019-22","3286","Entrepreneurship Club","EClub Exco Dinner","44581","44581","X","X121","Finance Code Directory (2019-22","29"
"2019-22","3284","Japan Club","Japan Club Introduction Session","44812","","X","X147","Finance Code Directory (2019-22","30"
"2019-22","3283","Entrepreneurship Club","London Business School MENA Startup Competition 2022","44853","44853","X","X121","Finance Code Directory (2019-22","31"
"2019-22","3278","Portugal Club","Portugal Club Dinner","44733","","S","S298","Finance Code Directory (2019-22","32"
"2019-22","3277","Corporate Leadership Club","Exco_Social with new leadership team","44719","","X","X209","Finance Code Directory (2019-22","33"
"2019-22","3276","Corporate Leadership Club","Mentorship Program Kick Off_with Exco","44720","","X","X209","Finance Code Directory (2019-22","34"
"2019-22","3274","Expedition Club","Trek_Val di Sole","44820","44822","X","X417","Finance Code Directory (2019-22","35"
"2019-22","3273","Rugby Club (Women's)","Summer League","44722","","X","X201","Finance Code Directory (2019-22","36"
"2019-22","3272","Marketing Club","ExCo_Social","44706","","X","X155","Finance Code Directory (2019-22","37"
"2019-22","3271","Art & Business Club","Ceramics Painting Workshop","44732","44732","X","X269","Finance Code Directory (2019-22","38"
"2019-22","3270","Turnaround Management and Restructuring Club","Spotlight Panel: Distress in China Real Estate","44735","","S","S304","Finance Code Directory (2019-22","39"
"2019-22","3269","Art & Business Club","Studio Pottery Workshop","44712","","S","S268","Finance Code Directory (2019-22","40"
"2019-22","3268","Out in Business","Exco_Dinner_2022_06","44716","","X","X165","Finance Code Directory (2019-22","41"
"2019-22","3267","LatAm Club","ExCo Socials and Coordination 2022-2023","44781","45107","X","X151","Finance Code Directory (2019-22","42"
"2019-22","3266","Investment Management Club","Investment Management Club EXCO Welcome event","44506","","X","X229","Finance Code Directory (2019-22","43"
"2019-22","3265","Future of Mobility Club (Automotive)","ExCo_send off social","44707","","X","X445","Finance Code Directory (2019-22","44"
"2019-22","3263","Japan Club","ExCo_ May meeting","44705","","X","X147","Finance Code Directory (2019-22","45"
"2019-22","3262","Portugal Club","Dinner - Transition of Exco Team","44705","44736","X","X299","Finance Code Directory (2019-22","46"
"2019-22","3261","Portugal Club","LUSO Networking","44716","","X","X299","Finance Code Directory (2019-22","47"
"2019-22","3260","First-Generation, Low or Intermediate Income Club (FLII)","FLII picnic Jun 2022","44713","","X","X505","Finance Code Directory (2019-22","48"
"2019-22","3259","Central","Disorientation 2022","44741","44750","S","S100","Finance Code Directory (2019-22","49"
"2019-22","3258","Energy & Environment Club","Cleantech challenge 2022","44713","","X","X119","Finance Code Directory (2019-22","50"
"2019-22","3257","Wine & Spirit Club","End of year drinks","44712","","S","S224","Finance Code Directory (2019-22","51"
"2019-22","3256","Private Equity & Venture Capital Club","VC and Startups: Summer Drinks & Tapas at the Double Standard (Drinks &","44804","","S","S166","Finance Code Directory (2019-22","52"
"2019-22","3254","Investment Management Club","Snacks)","44707","","X","X229","Finance Code Directory (2019-22","53"
"2019-22","3252","Foodie Club","Alumni dinner","44721","","S","S460","Finance Code Directory (2019-22","54"
"2019-22","3251","LatAm Club","Xepelin – Fintech Latam Company Presentation","44705","","X","X151","Finance Code Directory (2019-22","55"
"2019-22","3250","Investment Management Club","Spring 2022 LBS Stock Pitch Competition","44672","","X","X229","Finance Code Directory (2019-22","56"
"2019-22","3249","Art & Business Club","Bonhams CMO Event","44705","","X","X269","Finance Code Directory (2019-22","57"
"2019-22","3248","Rugby Club (Women's)","WTRC Prom","44708","","S","S200","Finance Code Directory (2019-22","58"
"2019-22","3247","Rugby Club (Women's)","WTRC Gives Back","44713","","X","X201","Finance Code Directory (2019-22","59"
"2019-22","3246","Partners Club","ExCo_dinner","44699","44700","X","X163","Finance Code Directory (2019-22","60"
"2019-22","3245","Partners Club","Bottomless Brunch_with ExCo event","44710","","S","S162","Finance Code Directory (2019-22","61"
"2019-22","3244","Italian Club","Italian Aperitivo with ExCo event","44704","44705","S","S144","Finance Code Directory (2019-22","62"
"2019-22","3243","Private Equity & Venture Capital Club","IESE PE Competiton","44679","","X","X167","Finance Code Directory (2019-22","63"
"2019-22","3242","Japan Club","Sundowners Event","44693","44693","X","X147","Finance Code Directory (2019-22","64"
"2019-22","3241","Entrepreneurship Club","Skills Building May 17","44698","44698","X","X121","Finance Code Directory (2019-22","65"
"2019-22","3240","Brazil Club","End of Term Celebration","44692","44692","X","X291","Finance Code Directory (2019-22","66"
"2019-22","3239","Japan Club","ExCo_Japan Trek meeting May","44692","44692","X","X147","Finance Code Directory (2019-22","67"
"2019-22","3238","Rugby Club (Women's)","MBAT","44686","44689","X","","Finance Code Directory (2019-22","68"
"2019-22","3236","Energy & Environment Club","ExCo_End of Year Exco Social","44713","44713","X","X119","Finance Code Directory (2019-22","69"
"2019-22","3235","Women in Business Club","WiB Website","44440","44742","X","X199","Finance Code Directory (2019-22","70"
"2019-22","3234","Cycling Club","LBSCC 2022 Summer Kit Sale","44693","44702","S","S350","Finance Code Directory (2019-22","71"
"2019-22","3232","Art & Business Club","NFT Panel","44697","","X","X269","Finance Code Directory (2019-22","72"
"2019-22","3231","Art & Business Club","The Courtauld Gallery Tour","44699","","S","S268","Finance Code Directory (2019-22","73"
"2019-22","3229","LatAm Club","Latam Dinner Series - Brasil","44691","","X","X151","Finance Code Directory (2019-22","74"
"2019-22","3228","Out in Business Club","Exco_OiB Retreat 2022 - Brighton","44694","44696","X","X165","Finance Code Directory (2019-22","75"
"2019-22","3227","Out in Business Club","ExCo_handover lunch","44653","","X","X165","Finance Code Directory (2019-22","76"
"2019-22","3226","Tech & Media Club","Exco_Social","44678","44678","X","X213","Finance Code Directory (2019-22","77"
"2019-22","3225","Tech & Media Club","ExCo_Core Meeting","44677","44677","X","X213","Finance Code Directory (2019-22","78"
"2019-22","3224","Tech & Media Club","Product X","44593","44712","X","X213","Finance Code Directory (2019-22","79"
"2019-22","1117","Acting Club","Acting Classes Level 1 Autumn 2019","43740","43796","X","X231","Finance Code Directory (2019-22","80"
"2019-22","3222","Volunteers Club","ExCo_Volunteers Club ExCo Social Event after LBS for London Week","44693","","X","X355","Finance Code Directory (2019-22","81"
"2019-22","3221","Volunteers Club","LBS for London - Travel Expenses","44678","","X","X355","Finance Code Directory (2019-22","82"
"2019-22","3220","Italian Club","Future Presidents Dinner","44680","44683","X","X145","Finance Code Directory (2019-22","83"
"2019-22","3219","Central","Tattoo misc expenses","44674","","X","X101","Finance Code Directory (2019-22","84"
"2019-22","1462","Acting Club","Improv Acting Classes","43866","43908","X","X231","Finance Code Directory (2019-22","85"
"2019-22","3217","Volunteers Club","ExCo_Volunteers Club ExCo Social Event","44657","","X","X355","Finance Code Directory (2019-22","86"
"2019-22","3216","Central","SA December social","44539","","X","X101","Finance Code Directory (2019-22","87"
"2019-22","3215","China Club","China Business Forum 2022","44681","44712","S","S270","Finance Code Directory (2019-22","88"
"2019-22","3214","China Club","Tattoo China 2022","44673","44681","S","S270","Finance Code Directory (2019-22","89"
"2019-22","3213","Real Estate Club","Real Estate Club - Conference Additional Session","44698","","X","X171","Finance Code Directory (2019-22","90"
"2019-22","3212","Foodie Club","Fogo de Chao Dinner","44691","","S","S460","Finance Code Directory (2019-22","91"
"2019-22","3211","Israel Club","Israel Alumni Independence Day BBQ Event","44703","","S","S142","Finance Code Directory (2019-22","92"
"2019-22","3210","Women in Business Club","WiB ExCo Mixology Social","44712","","X","X199","Finance Code Directory (2019-22","93"
"2019-22","3209","Impact Consulting Club","ICC_IMPACTathon2022_Prizemoney","44655","44659","X","X387","Finance Code Directory (2019-22","94"
"2019-22","3208","Impact Consulting Club","Sundowner_SiCxICC_ICCcontribution_2022","44630","","X","X387","Finance Code Directory (2019-22","95"
"2019-22","3207","Blockchain Society","LBS Blockchain Socierty Hoodie Sale","44680","44694","S","S518","Finance Code Directory (2019-22","96"
"2019-22","3206","Out in Business Club","ROMBA","44673","44675","X","X165","Finance Code Directory (2019-22","97"
"2019-22","3205","Healthcare Club","BCG Sponsorship","44694","","S","S108","Finance Code Directory (2019-22","98"
"2019-22","3204","Rugby Club (Men's)","Elections 2022","44706","44707","X","X177","Finance Code Directory (2019-22","99"
"2019-22","3203","Rugby Club (Men's)","Alumni Day 2022","44702","44703","X","X177","Finance Code Directory (2019-22","100"
"2019-22","3202","Social Impact Club","Trek_Impact Investing","44608","44617","X","X159","Finance Code Directory (2019-22","101"
"2019-22","3201","Sailing Club","CAPRI MBA Regatta","44707","44710","X","X181","Finance Code Directory (2019-22","102"
"2019-22","3200","Japan Club","TATTOO","44674","","S","S146","Finance Code Directory (2019-22","103"
"2019-22","1915","Acting Club","Improv Workshop Acting Class","44139","","X","X231","Finance Code Directory (2019-22","104"
"2019-22","3197","Portugal Club","Sundowners of Portugal, spain,Italy & Greece","44588","44588","X","X299","Finance Code Directory (2019-22","105"
"2019-22","3196","LatAm Club","Latam Farewell Class of 2022","44706","44706","X","X151","Finance Code Directory (2019-22","106"
"2019-22","3195","Sports & Business Club","ExCo_SummerEvent","44691","44701","X","X275","Finance Code Directory (2019-22","107"
"2019-22","3194","Golf Club","LBS Golf Club Social @ Greenwhich Penninsula","44680","44680","X","X135","Finance Code Directory (2019-22","108"
"2019-22","3193","Spanish Club","LBS Padel Tournament","44694","44694","X","X187","Finance Code Directory (2019-22","109"
"2019-22","3191","Japan Club","ExCo_Tattoo pre-social","44671","44671","X","X147","Finance Code Directory (2019-22","110"
"2019-22","3190","Latam Club","Sundowners","44672","44672","X","X151","Finance Code Directory (2019-22","111"
"2019-22","3189","Entrepreneurship Club","Firesidechat, The role of DAOs in Startup Funding","44677","44677","X","X121","Finance Code Directory (2019-22","112"
"2019-22","3188","Wellbeing Club","Wellbeing Club Sundowners","44697","","X","X517","Finance Code Directory (2019-22","113"
"2019-22","3187","Hellenic Club","Sponsorship for the Southern Europe Sundowners","44588","44588","X","X267","Finance Code Directory (2019-22","114"
"2019-22","3186","Social Impact Club","End-of-Year ExCo Meeting","44678","44678","X","X159","Finance Code Directory (2019-22","115"
"2019-22","3185","Out in Business Club","OIB Social","44671","44671","X","X165","Finance Code Directory (2019-22","116"
"2019-22","3184","Out in Business Club","EUROUT 2022_with ExCo event","44866","44895","S","S164","Finance Code Directory (2019-22","117"
"2019-22","3183","Central","Summer Ball 2022 - duplicate not set up see 1646","44758","","","","Finance Code Directory (2019-22","118"
"2019-22","3182","India Club","Tattoo 2022 catering expenses","44675","44675","X","X137","Finance Code Directory (2019-22","119"
"2019-22","3181","Latam Club","Latam - Tattoo 2022","44674","44654","X","X151","Finance Code Directory (2019-22","120"
"2019-22","3180","Israel Club","Israel Club - Tattoo","44674","44674","X","X143","Finance Code Directory (2019-22","121"
"2019-22","3178","Art & Business Club","The Art of Fine Jewelry","44678","44678","X","X269","Finance Code Directory (2019-22","122"
"2019-22","3176","Investment Management Club","Buy-side modelling & investment analysis: connecting public and private markets","44673","44674","S","S228","Finance Code Directory (2019-22","123"
"2019-22","3173","Portugal Club","Dinner at Bar Douro","44714","","X","X299","Finance Code Directory (2019-22","124"
"2019-22","3172","Portugal Club","Graduation Merchandise","44682","44712","S","S298","Finance Code Directory (2019-22","125"
"2019-22","3170","Foodie Club","Foodtech Panel","44680","44680","X","X457","Finance Code Directory (2019-22","126"
"2019-22","3168","Africa Club","Africa Business Summit 2022","44694","44696","S","S104","Finance Code Directory (2019-22","127"
"2019-22","3167","Rugby Club (Women's)","Spring League","44669","44671","X","X201","Finance Code Directory (2019-22","128"
"2019-22","3165","Brazil Club","Red Cross Donation Br Club","44665","","X","X291","Finance Code Directory (2019-22","129"
"2019-22","3163","Social Impact Club","Alumni Networking","44698","","S","S158","Finance Code Directory (2019-22","130"
"2019-22","3162","Impact Consulting Club","ICC Impactathon Prizes for Winners","44655","44659","X","X387","Finance Code Directory (2019-22","131"
"2019-22","3161","Italian Club","How to enhance the Italian experience– a fireside chat with Tomaso Trussardi","44677","","X","X145","Finance Code Directory (2019-22","132"
"2019-22","3160","Future of Mobility Club (Automotive)","ExCo_Future of Mobility Club ExCo meeting April","44664","","X","X445","Finance Code Directory (2019-22","133"
"2019-22","3159","Corporate Leadership Club","CLC Skills Sessions","44695","44702","S","S208","Finance Code Directory (2019-22","134"
"2019-22","3157","Australia and New Zealand Club","Anzac Day Commemoration Drinks","44676","44677","X","X349","Finance Code Directory (2019-22","135"
"2019-22","3156","Real Estate Club","Real Estate Conference 2022","44698","","X","X171","Finance Code Directory (2019-22","136"
"2019-22","3155","Portugal Club","PARSUK","44672","","S","S298","Finance Code Directory (2019-22","137"
"2019-22","3154","LatAm Club","Info Session Colombia Trek","44664","","X","X151","Finance Code Directory (2019-22","138"
"2019-22","3153","LatAm Club","Colombia Trek","44905","44912","X","X151","Finance Code Directory (2019-22","139"
"2019-22","3152","Brazil Club","Tattoo 2022 Brazil Club","44674","","S","S290","Finance Code Directory (2019-22","140"
"2019-22","3151","Brazil Club","Brazil & Latam Sundowners","44672","","X","X291","Finance Code Directory (2019-22","141"
"2019-22","3150","Brazil Club","Feijoada at Made in Brazil","44653","","X","X291","Finance Code Directory (2019-22","142"
"2019-22","3149","Out in Business Club","Tattoo 2022","44672","44675","S","S164","Finance Code Directory (2019-22","143"
"2019-22","3148","Out in Business Club","OIB Social 6 April","44657","","X","X165","Finance Code Directory (2019-22","144"
"2019-22","3147","Foodie Club","St John’s Affordable Michelin","44665","","S","S460","Finance Code Directory (2019-22","145"
"2019-22","3146","People Strategy Club","People Analytics Panel Event 21 April 2022","44672","","X","X491","Finance Code Directory (2019-22","146"
"2019-22","3145","Volunteers Club","LBS for London t-shirts supply","44676","44680","X","X355","Finance Code Directory (2019-22","147"
"2019-22","3144","Black in Business Club","BiBnic","44706","","S","S502","Finance Code Directory (2019-22","148"
"2019-22","3143","Marketing Club","Media Planning & Buying Workshop","44666","44667","S","S154","Finance Code Directory (2019-22","149"
"2019-22","3142","Sailing Club","sailing club flags sale","44656","44665","S","S180","Finance Code Directory (2019-22","150"
"2019-22","3141","Energy & Environment Club","Leading Women in Energy Panel","44664","","X","X119","Finance Code Directory (2019-22","151"
"2019-22","3140","Entrepreneurship Club","IEPC Sponsorship 2021-2022","44656","44748","S","S120","Finance Code Directory (2019-22","152"
"2019-22","3139","Foodie Club","ExCo_Lunch","44658","","X","X459","Finance Code Directory (2019-22","153"
"2019-22","3138","Korea Club","Tattoo Korea club performance","44674","","S","S148","Finance Code Directory (2019-22","154"
"2019-22","3136","Impact Consulting Club","Impactathon 2022","44659","","X","X387","Finance Code Directory (2019-22","155"
"2019-22","3135","Africa Club","Tattoo","44738","","S","S104","Finance Code Directory (2019-22","156"
"2019-22","3134","Real Estate Club","Real Estate Traning - Interview / Case Prep","44669","","X","X171","Finance Code Directory (2019-22","157"
"2019-22","3133","Cricket Club","Last Man Stands League","44640","44804","X","X111","Finance Code Directory (2019-22","158"
"2019-22","3132","Cricket Club","Cricket Nets Practice Sessions","44657","44804","X","X111","Finance Code Directory (2019-22","159"
"2019-22","3131","Japan Club","Sponsorship invoice for PWC","44652","44659","S","S146","Finance Code Directory (2019-22","160"
"2019-22","3130","Badminton Club","MBAT - HEC Paris - Badminton tryouts, practices & shuttlecocks","44644","44688","X","X207","Finance Code Directory (2019-22","161"
"2019-22","3129","Women in Business Club","Women in Business Club","44707","44707","X","X199","Finance Code Directory (2019-22","162"
"2019-22","3128","Real Estate Club","LBS - CBS - INSEAD Real Estate Mixer","44658","","X","X171","Finance Code Directory (2019-22","163"
"2019-22","3127","Expedition Club","Merchandise Sale North Face","44652","44665","X","X417","Finance Code Directory (2019-22","164"
"2019-22","3126","Family Business Club","Frescobaldi Wine Tasting Event","44655","","X","X307","Finance Code Directory (2019-22","165"
"2019-22","3125","Basketball Club","Men basketball kit sale","44651","44681","X","X107","Finance Code Directory (2019-22","166"
"2019-22","3124","Blockchain Society","LBS Blockchain Conference Spring 2022 - Welcome to Web 3","44677","44679","S","S518","Finance Code Directory (2019-22","167"
"2019-22","3123","Italian Club","Italian Club Tattoo","44674","44675","S","S144","Finance Code Directory (2019-22","168"
"2019-22","3122","Social Impact Club","Sustainability Innovation Lab","44650","","X","X159","Finance Code Directory (2019-22","169"
"2019-22","3121","Private Equity & Venture Capital Club","eXcentius | Strategic technical due diligence for PEs and VCs","44677","","X","X167","Finance Code Directory (2019-22","170"
"2019-22","3120","Cycling Club","LBSCC to Cambridge","44653","","X","X351","Finance Code Directory (2019-22","171"
"2019-22","2084","Acting Club","Improv classes","44216","44258","X","X231","Finance Code Directory (2019-22","172"
"2019-22","2465","Acting Club","Exco - Social Gathering","44361","","X","X231","Finance Code Directory (2019-22","173"
"2019-22","2488","Acting Club","Acting classes Level 1 with John Lightbody","44479","44480","X","X231","Finance Code Directory (2019-22","174"
"2019-22","3116","Women in Business Club","2nd Year Women Scholars Networking","44628","","X","X199","Finance Code Directory (2019-22","175"
"2019-22","3115","Private Equity & Venture Capital Club","VC Alumni Event","44664","","X","X167","Finance Code Directory (2019-22","176"
"2019-22","3114","Japan Club","Sponsorship invoice for Roland Berger","44646","45016","S","S146","Finance Code Directory (2019-22","177"
"2019-22","3113","Art & Business Club","Bonhams Event","44662","","X","X269","Finance Code Directory (2019-22","178"
"2019-22","3112","Japan Club","Sponsorship for Integral","44652","45016","S","S146","Finance Code Directory (2019-22","179"
"2019-22","3111","Japan Club","The Japan Society Careers Networking Series – Getting into Gaming","44671","","X","X147","Finance Code Directory (2019-22","180"
"2019-22","3110","Japan Club","Sponsorship for Ed Lee","44652","45016","S","S146","Finance Code Directory (2019-22","181"
"2019-22","3109","Japan Club","Sponsorship invoice for Business Paradigm","44645","45016","S","S146","Finance Code Directory (2019-22","182"
"2019-22","3108","Italian Club","Sicily Trek with ExCo","44722","44726","X","X145","Finance Code Directory (2019-22","183"
"2019-22","3107","Sailing Club","Alumni Challenge Hoodies","44643","44681","S","S180","Finance Code Directory (2019-22","184"
"2019-22","3106","Art & Business Club","Spring West End Gallery HOP! Private Tour","44657","","S","S268","Finance Code Directory (2019-22","185"
"2019-22","3105","Wine & Spirit Club","Kit Sales","44690","44718","S","S224","Finance Code Directory (2019-22","186"
"2019-22","3104","Retail & Luxury Goods Club","Entrepreneurship Beginners Series II","44649","","S","S324","Finance Code Directory (2019-22","187"
"2019-22","3103","Japan Club","Sponsorship invoice for AGOS","44652","45016","S","S146","Finance Code Directory (2019-22","188"
"2019-22","3102","Japan Club","Sponsorship invoice for London Tokyo Property","44638","44651","S","S146","Finance Code Directory (2019-22","189"
"2019-22","3101","LatAm Club","Latam Dinner Series - Mexico","44657","","X","X151","Finance Code Directory (2019-22","190"
"2019-22","3099","Central & Eastern Europe Club","CEE Charity Booksale","44642","44651","X","X117","Finance Code Directory (2019-22","191"
"2019-22","3098","Golf Club","Golf Tournament at Sudbury","44653","","S","S134","Finance Code Directory (2019-22","192"
"2019-22","3097","Asia Club","Asia Club Drinks","44667","","S","S102","Finance Code Directory (2019-22","193"
"2019-22","3096","Private Equity & Venture Capital Club","LBS PE Case Competition in partnership with Alchemy Partners","44656","","X","X167","Finance Code Directory (2019-22","194"
"2019-22","3095","Wine & Spirit Club","Wine tasting event (March 2022)","44650","","S","S224","Finance Code Directory (2019-22","195"
"2019-22","3093","Tech & Media Club","MUBI’s Shiraz Mehra: Fireside chat with a Business Development Manager in streaming","44649","","X","X213","Finance Code Directory (2019-22","196"
"2019-22","3092","Cycling Club","LBS to Amsterdam 2022 Trek","44694","44696","X","X351","Finance Code Directory (2019-22","197"
"2019-22","3091","Art & Business Club","Painting Workshop 2","44649","","X","X269","Finance Code Directory (2019-22","198"
"2019-22","3090","Japan Club","Japan Trek October 2022","44857","44863","X","X147","Finance Code Directory (2019-22","199"
"2019-22","3089","Tech & Media Club","Start Your Tech Career in London - Early Careers Alumni Panel","44650","","X","X213","Finance Code Directory (2019-22","200"
"2019-22","3088","Middle East Club","MEC Annual Conference","44701","","X","X157","Finance Code Directory (2019-22","201"
"2019-22","3087","Tech & Media Club","Alumni and Students Event with Media & Entertainment Club of Oxford University","44651","","X","X213","Finance Code Directory (2019-22","202"
"2019-22","3086","LatAm Club","LatAm Business Forum","44651","44659","X","X151","Finance Code Directory (2019-22","203"
"2019-22","3085","Foodie Club","Portland Lunch","44651","","S","S460","Finance Code Directory (2019-22","204"
"2019-22","3084","Marketing Club","Effective crisis management","44622","","X","X155","Finance Code Directory (2019-22","205"
"2019-22","3083","Wine & Spirit Club","Trek_Champagne 2022","44694","44696","X","X225","Finance Code Directory (2019-22","206"
"2019-22","3082","Japan Club","Sponsorship invoice for Relo Redac Strattons","44648","","S","S146","Finance Code Directory (2019-22","207"
"2019-22","3081","Private Equity & Venture Capital Club","MIT Sloan LBO Case Competition","44631","","X","X167","Finance Code Directory (2019-22","208"
"2019-22","3079","Women in Business Club","WiB x AXA: Introduction to Investment Management at AXA","44649","","X","X199","Finance Code Directory (2019-22","209"
"2019-22","3078","Women in Business Club","The Downlow on Diversified","44636","","X","X199","Finance Code Directory (2019-22","210"
"2019-22","3077","Japan Club","Sponsorship for Affinity","44652","45016","S","S146","Finance Code Directory (2019-22","211"
"2019-22","3076","Retail & Luxury Goods Club","Trek_RLGC Milan Trek","44661","44664","X","X325","Finance Code Directory (2019-22","212"
"2019-22","3075","Women in Business Club","Tattoo 2022","44674","","S","S198","Finance Code Directory (2019-22","213"
"2019-22","3074","Japan Club","Sponsorship invoice for Career Incubation","44644","","S","S146","Finance Code Directory (2019-22","214"
"2019-22","3073","Japan Club","Sponsorship invoice for AXIOM","44644","","S","S146","Finance Code Directory (2019-22","215"
"2019-22","3072","Japan Club","Sponsorship invoice for Bain&Company","44644","","S","S146","Finance Code Directory (2019-22","216"
"2019-22","3071","Art & Business Club","Mubi Fireside Chat","44649","","X","X269","Finance Code Directory (2019-22","217"
"2019-22","3070","Art & Business Club","Painting Workshop","44638","","X","X269","Finance Code Directory (2019-22","218"
"2019-22","3069","People Strategy Club","Donations for 2021-22 Academic Year","44629","44773","X","X491","Finance Code Directory (2019-22","219"
"2019-22","3068","Partners Club","April Easter event_with ExCo event","44653","","S","S162","Finance Code Directory (2019-22","220"
"2019-22","3067","Real Estate Club","Real Estate Trek - REEF Technologies","44630","","X","X171","Finance Code Directory (2019-22","221"
"2019-22","3066","Wellbeing Club","Wellbeing Club x Art & Business Club Painting Workshop","44638","","S","S516","Finance Code Directory (2019-22","222"
"2019-22","3065","Tennis Club","Match against LSE","44630","","X","X221","Finance Code Directory (2019-22","223"
"2019-22","3064","Sailing Club","Drinks with Sailing Club","44649","","S","S180","Finance Code Directory (2019-22","224"
"2019-22","3063","Africa Club","The Unicorn Within || Leveraging uniqueness for business and personal success","44641","44642","X","X105","Finance Code Directory (2019-22","225"
"2019-22","3062","Tattoo 2022","Duplicate of 2940 - not set up","44674","","S","S512","Finance Code Directory (2019-22","226"
"2019-22","3061","Women in Business Club","Visibility Masterclass with Rupal Patel","44670","","S","S198","Finance Code Directory (2019-22","227"
"2019-22","3060","Women in Business Club","Lifestyle Design Workshop with Rupal Patel","44656","","S","S198","Finance Code Directory (2019-22","228"
"2019-22","3059","Summer Ball 2022","Duplicate of 1646 - not set up","44751","","S","S488","Finance Code Directory (2019-22","229"
"2019-22","3058","Debate and Public Speaking Club","Debate Workshop Summer 2022","44648","44676","X","X169","Finance Code Directory (2019-22","230"
"2019-22","3057","Japan Club","Cherry Blossom Viewing Party","44653","","S","S146","Finance Code Directory (2019-22","231"
"2019-22","3056","Japan Club","Sponsorship for Adam Markus","44652","45016","S","S146","Finance Code Directory (2019-22","232"
"2019-22","3054","Japan Club","Sponsorship for Jessica King","44652","45016","S","S146","Finance Code Directory (2019-22","233"
"2019-22","3053","Japan Club","Sponsorship invoice for AT Kearney","44638","","S","S146","Finance Code Directory (2019-22","234"
"2019-22","3052","Snow Club","Snow Trek Pre-Event","44628","","X","X185","Finance Code Directory (2019-22","235"
"2019-22","3051","Consulting Club","Club Social Event","44650","","S","S114","Finance Code Directory (2019-22","236"
"2019-22","3050","Social Impact Club","Trek_SIC Sustainability Trek","44678","44681","X","X159","Finance Code Directory (2019-22","237"
"2019-22","3049","Entrepreneurship Club","How to Incorporate Your Company & Legal 101","44628","","X","X121","Finance Code Directory (2019-22","238"
"2019-22","3048","Corporate Leadership Club","Leaders Teaching Leaders - Olly Nguyen","44635","","X","X209","Finance Code Directory (2019-22","239"
"2019-22","3047","Football Club (Women's)","Kit Order 2","44622","44629","S","S128","Finance Code Directory (2019-22","240"
"2019-22","3046","Football Club (Women's)","Regular Training","44623","44714","X","X129","Finance Code Directory (2019-22","241"
"2019-22","3045","Japan Club","Sponsorship invoice for Antelope","44636","","S","S146","Finance Code Directory (2019-22","242"
"2019-22","3044","Brazil Club","Brazilian Alumni Event","44621","","X","X291","Finance Code Directory (2019-22","243"
"2019-22","3043","Healthcare Club","J&J Sponsorship 2022","44694","","S","S108","Finance Code Directory (2019-22","244"
"2019-22","3042","Foodie Club","Bottomless Dim Sum event at Leong's Legend","44628","","S","S460","Finance Code Directory (2019-22","245"
"2019-22","3041","Africa Club","General Sponsor to the Club","44621","44681","S","S104","Finance Code Directory (2019-22","246"
"2019-22","3040","Japan Club","Sponsorship invoice for BCG","44635","","S","S146","Finance Code Directory (2019-22","247"
"2019-22","3039","Board Games Club","Poker Tournament","44632","44773","S","S396","Finance Code Directory (2019-22","248"
"2019-22","3038","Russian Club","#StandWithUkraine CEE Club & Russia Club Charity Social","44628","","X","X435","Finance Code Directory (2019-22","249"
"2019-22","3036","Finance Club","Finance Club Members Mixer","44624","","X","X125","Finance Code Directory (2019-22","250"
"2019-22","3035","Retail & Luxury Goods Club","Talking and Tasting Tequila – an evening with El Rayo","44656","","X","X325","Finance Code Directory (2019-22","251"
"2019-22","3034","Retail & Luxury Goods Club","The Future of Retail with John Vary","44678","","X","X325","Finance Code Directory (2019-22","252"
"2019-22","3033","Private Equity & Venture Capital Club","London PE Trek","44693","44700","X","X167","Finance Code Directory (2019-22","253"
"2019-22","3032","Private Equity & Venture Capital Club","Francisco Partners Presentation AND Networking","44629","","X","X167","Finance Code Directory (2019-22","254"
"2019-22","3031","Football Club (Women's)","Exco meeting","44610","","X","X129","Finance Code Directory (2019-22","255"
"2019-22","3030","Women in Business Club","The Great Debate","44650","","S","S198","Finance Code Directory (2019-22","256"
"2019-22","3029","LatAm Club","Bubble Football Tournament by Latam & Football Club (Men’s and","44653","","S","S150","Finance Code Directory (2019-22","257"
"2019-22","3028","Brazil Club","ExCo_Happy Hour for welcoming 2023-24 cohort","44795","","X","X291","Finance Code Directory (2019-22","258"
"2019-22","3027","Rugby Club (Men's)","Hawaiians v Japanese 2021/2","44632","44639","X","X177","Finance Code Directory (2019-22","259"
"2019-22","3026","Future of Mobility Club (Automotive)","Women’s)","44669","","X","X445","Finance Code Directory (2019-22","260"
"2019-22","3025","Tennis Club","Padel Tournament","44631","","X","X221","Finance Code Directory (2019-22","261"
"2019-22","3024","Consulting Club","Avascent Company Presentation","44601","","S","S114","Finance Code Directory (2019-22","262"
"2019-22","3023","Consulting Club","Pearson Ham Company Presentation","44622","","S","S114","Finance Code Directory (2019-22","263"
"2019-22","3022","Women in Business Club","Sundowners to Seed Stage: Women Tech Founders of LBS","44662","","X","X199","Finance Code Directory (2019-22","264"
"2019-22","3021","Private Equity & Venture Capital Club","VC Training Workshop: How to build a VC Career Strategy","44622","","X","X167","Finance Code Directory (2019-22","265"
"2019-22","3020","Investment Management Club","Investment Management Conference","44721","","S","S228","Finance Code Directory (2019-22","266"
"2019-22","3018","Germany Switzerland & Austria Club","Whiskey Tasting Event","44700","44735","S","S132","Finance Code Directory (2019-22","267"
"2019-22","3017","Germany Switzerland & Austria Club","DACH Club Merchandise Sale","44682","44712","S","S132","Finance Code Directory (2019-22","268"
"2019-22","3016","Retail & Luxury Goods Club","RLGC Clothing Swap and Resale Speaker Panel","44629","","X","X325","Finance Code Directory (2019-22","269"
"2019-22","3015","Marketing Club","Digital Ads Workshop","44631","44632","S","S154","Finance Code Directory (2019-22","270"
"2019-22","3014","Sports & Business Club","Trek_ACMilan","44665","44670","X","X275","Finance Code Directory (2019-22","271"
"2019-22","3013","People Strategy Club","Employee Experience Panel","44628","","X","X491","Finance Code Directory (2019-22","272"
"2019-22","3012","Investment Management Club","Fireside chat with Herald van der Linde, HSBC’s Chief Asia equity strategist","44616","","X","X229","Finance Code Directory (2019-22","273"
"2019-22","3011","Energy & Environment Club","Harvard Trek Event 7","44649","","X","X119","Finance Code Directory (2019-22","274"
"2019-22","3010","Energy & Environment Club","Harvard Trek Event 6","44648","28/2/22?","X","X119","Finance Code Directory (2019-22","275"
"2019-22","3009","Energy & Environment Club","Harvard Trek Event 5","44629","","X","X119","Finance Code Directory (2019-22","276"
"2019-22","3008","Energy & Environment Club","Harvard Trek Event 4","44629","","X","X119","Finance Code Directory (2019-22","277"
"2019-22","3007","Energy & Environment Club","Harvard Trek Event 3","44620","","X","X119","Finance Code Directory (2019-22","278"
"2019-22","3006","Investment Management Club","Cornell MBA Stock Pitch Challenge","44504","44505","X","X229","Finance Code Directory (2019-22","279"
"2019-22","3005","Foodie Club","San Sebastian Trek","44659","44661","X","X459","Finance Code Directory (2019-22","280"
"2019-22","3004","Real Estate Club","London Real Estate Trek","44629","44630","X","X171","Finance Code Directory (2019-22","281"
"2019-22","3003","Asia Club","Japanese Hot Pot “Sukiyaki and Shabu Shabu” All You Can Eat Party","44618","","S","S102","Finance Code Directory (2019-22","282"
"2019-22","2489","Acting Club","Inprovisation Classes with Tamsyn Kelly","44468","44545","X","X231","Finance Code Directory (2019-22","283"
"2019-22","3001","Italian Club","Speaker Event with Elena Alberti (MD & CFO at Penske Automotive Italy)","44622","","X","X145","Finance Code Directory (2019-22","284"
"2019-22","3000","Retail & Luxury Goods Club","Entrepreneurship after LBS: an evening with Polly McMaster of The Fold","44636","","X","X325","Finance Code Directory (2019-22","285"
"2019-22","2999","Energy & Environment Club","Harvard Trek Event 2","44650","","S","S118","Finance Code Directory (2019-22","286"
"2019-22","2998","Energy & Environment Club","Harvard Trek Event 1","44650","","S","S118","Finance Code Directory (2019-22","287"
"2019-22","2997","Italian Club","Speaker Event with Alberto Gallo (Head of Global Credit strategies at","44614","","X","X145","Finance Code Directory (2019-22","288"
"2019-22","2996","Women in Business Club","Algebris Investments) with ExCo","44630","","X","X199","Finance Code Directory (2019-22","289"
"2019-22","2995","Women in Business Club","Let’s talk: Sexual Harassment in the UK Workplace","44616","","X","X199","Finance Code Directory (2019-22","290"
"2019-22","2994","Russian Club","Trek_Russia Trek 2022","44714","6/2/22?","X","X435","Finance Code Directory (2019-22","291"
"2019-22","2993","Private Equity & Venture Capital Club","Private Capital: A View from the top with Nigel Morris","44627","","X","X167","Finance Code Directory (2019-22","292"
"2019-22","2992","Investment Management Club","Investing Workshop Series","44618","44632","S","S228","Finance Code Directory (2019-22","293"
"2019-22","2991","Art & Business Club","Science Museum Tour","44622","","S","S268","Finance Code Directory (2019-22","294"
"2019-22","2990","Korea Club","Korean Soju Night","44630","","S","S148","Finance Code Directory (2019-22","295"
"2019-22","2989","Foodie Club","Foodie Club Careers Networking Dinner","44622","","S","S460","Finance Code Directory (2019-22","296"
"2019-22","2987","Central","SA Cross-programme mixers","44607","44608","X","X101","Finance Code Directory (2019-22","297"
"2019-22","2986","Private Equity & Venture Capital Club","Private Equity for Sustainability and Impact – the European Market Landscape","44634","","X","X167","Finance Code Directory (2019-22","298"
"2019-22","2985","Private Equity & Venture Capital Club","Latest Market Trends in Private Equity","44636","","X","X167","Finance Code Directory (2019-22","299"
"2019-22","2984","Private Equity & Venture Capital Club","Capital deployment through COVID: 3i","44650","","X","X167","Finance Code Directory (2019-22","300"
"2019-22","2983","Private Equity & Venture Capital Club","A Founders Perspective: Endless LLP (Garry Wilson)","44706","","X","X167","Finance Code Directory (2019-22","301"
"2019-22","2982","North America Club","NA Club Pub Quiz","44613","","S","S160","Finance Code Directory (2019-22","302"
"2019-22","2981","Rugby Club (Women's)","Our Hands Won't Harm","44613","","X","X201","Finance Code Directory (2019-22","303"
"2019-22","2980","Italian Club","Carnival Ball With ExCo","44624","44632","X","X145","Finance Code Directory (2019-22","304"
"2019-22","2979","Italian Club","Alumni Dinner With ExCo","44624","","X","X145","Finance Code Directory (2019-22","305"
"2019-22","2978","Brazil Club","Brazil Part feat. LatAm","44637","","S","S290","Finance Code Directory (2019-22","306"
"2019-22","2977","Women in Business Club","Fertility 101 with Michael Dooley","44615","","X","X199","Finance Code Directory (2019-22","307"
"2019-22","2976","Out in Business Club","LBS Speak out Week","44613","44617","X","X165","Finance Code Directory (2019-22","308"
"2019-22","2975","LatAm Club","Not set up - duplicate of 2842","","","","","Finance Code Directory (2019-22","309"
"2019-22","2974","Healthcare Club","Novartis Strategic Venture Capital Sponsorship","44600","44965","S","S108","Finance Code Directory (2019-22","310"
"2019-22","2973","Central","Speak Out Week","44613","44617","X","X101","Finance Code Directory (2019-22","311"
"2019-22","2972","Art & Business Club","SoShiro Private Tour","44617","","S","S268","Finance Code Directory (2019-22","312"
"2019-22","2971","Germany Switzerland & Austria Club","Swiss Trek!","44699","44704","X","X133","Finance Code Directory (2019-22","313"
"2019-22","2970","Running Club","Running Kit 2022","44697","44712","S","S178","Finance Code Directory (2019-22","314"
"2019-22","2969","Rugby Club (Women's)","After Practice 2/12 Drinks","44604","","X","X201","Finance Code Directory (2019-22","315"
"2019-22","2968","Asia Club","Asian Ball","44706","","S","S102","Finance Code Directory (2019-22","316"
"2019-22","2967","Hellenic Club","Trek_Greek Trek 2022","44815","44820","X","X267","Finance Code Directory (2019-22","317"
"2019-22","2576","Acting Club","Duplicate see 2465","","","","X231","Finance Code Directory (2019-22","318"
"2019-22","2965","Out in Business Club","Eurout Annual Strategy day","44625","","X","X165","Finance Code Directory (2019-22","319"
"2019-22","2964","Out in Business Club","February 2022 Eurout Meeting","44609","","X","X165","Finance Code Directory (2019-22","320"
"2019-22","2963","LatAm Club","Mestizo Thursday","44630","","S","S150","Finance Code Directory (2019-22","321"
"2019-22","2962","Tech & Media Club","TMC Media Week","44613","44617","X","X213","Finance Code Directory (2019-22","322"
"2019-22","2961","Expedition Club","Westway Bouldering only session","44608","44609","X","X417","Finance Code Directory (2019-22","323"
"2019-22","2960","Expedition Club","Westway training session","44608","44620","X","X417","Finance Code Directory (2019-22","324"
"2019-22","2959","Expedition Club","Spartan Race - Duplicate, see 2877, not set up","","","","","Finance Code Directory (2019-22","325"
"2019-22","2957","Wine & Spirit Club","WSC_tastings event","44614","","S","S224","Finance Code Directory (2019-22","326"
"2019-22","2956","Retail & Luxury Goods Club","Paris Trek 2022","44629","44632","X","X325","Finance Code Directory (2019-22","327"
"2019-22","2955","Energy & Environment Club","E&E_Merchandise","44602","44616","S","S118","Finance Code Directory (2019-22","328"
"2019-22","2954","Women in Business Club","Bystander Training","44617","","X","X199","Finance Code Directory (2019-22","329"
"2019-22","2953","Wine & Spirit Club","Trek_Italy (Piedmont)","44659","44661","X","X225","Finance Code Directory (2019-22","330"
"2019-22","2952","Energy & Environment Club","ExCo_ExCo Social at the The Globe_Feb_2022","44601","","X","X119","Finance Code Directory (2019-22","331"
"2019-22","2951","Marketing Club","ExCo_Social","44601","","X","X155","Finance Code Directory (2019-22","332"
"2019-22","2950","Running Club","Paris Half Marathon Trek","44624","44626","X","X179","Finance Code Directory (2019-22","333"
"2019-22","2949","Out in Business Club","Exco_OiB Axe throwing event","44614","","S","S164","Finance Code Directory (2019-22","334"
"2019-22","2948","Entrepreneurship Club","Booster Kickoff","44608","","X","X121","Finance Code Directory (2019-22","335"
"2019-22","2947","LatAm Club","Latam Dinner Series - Argentina","44615","","S","S150","Finance Code Directory (2019-22","336"
"2019-22","2946","Private Equity & Venture Capital Club","South-East Asia VC Trek","44677","","X","X167","Finance Code Directory (2019-22","337"
"2019-22","2945","Rugby Club (Men's)","Darts and axe throwing social","44617","44618","S","S176","Finance Code Directory (2019-22","338"
"2019-22","2944","Golf Club","LBS Golf Club Social at Swingers Crazy Golf – West End","44607","","S","S134","Finance Code Directory (2019-22","339"
"2019-22","2943","Private Equity & Venture Capital Club","G Square Presentation","44615","","X","X167","Finance Code Directory (2019-22","340"
"2019-22","2942","Retail & Luxury Goods Club","RLGC Entrepreneurship Series","44607","","X","X325","Finance Code Directory (2019-22","341"
"2019-22","2940","Tattoo 2022","Tattoo 2022","44674","","S","S512","Finance Code Directory (2019-22","342"
"2019-22","2939","Tech & Media Club","Spring Landmark Alumni Event","44636","","X","X213","Finance Code Directory (2019-22","343"
"2019-22","2938","Vibrant Feet@LBS (LBS Dance Society)","SAMBA Dance Class Beginners - It's fun time!!","44614","","X","X511","Finance Code Directory (2019-22","344"
"2019-22","2937","Future of Mobility Club (Automotive)","Go Karting Race at #1 UK Indoor Karting","44618","","S","S446","Finance Code Directory (2019-22","345"
"2019-22","2936","Private Equity & Venture Capital Club","VC Breakfast Series","44602","44610","X","X167","Finance Code Directory (2019-22","346"
"2019-22","2935","Africa Club","The Jump Off","44597","44635","S","S104","Finance Code Directory (2019-22","347"
"2019-22","2934","Middle East Club","Trek_ Jordan Trek 2022","44682","44689","X","X157","Finance Code Directory (2019-22","348"
"2019-22","2933","Rugby Club (Men's)","ExCo Meetings","44593","44713","X","X177","Finance Code Directory (2019-22","349"
"2019-22","2932","Foodie Club","BiB x Foodie Club: Ma Petite Jamaica","44608","","S","S460","Finance Code Directory (2019-22","350"
"2019-22","2931","Sports & Business Club","Trek_ManchesterWithCFG","44628","44630","X","X275","Finance Code Directory (2019-22","351"
"2019-22","2929","Energy & Environment Club","Space10 presentation","44607","","X","X119","Finance Code Directory (2019-22","352"
"2019-22","2928","Entrepreneurship Club","How To: Build a Pitch Deck","44608","","X","X121","Finance Code Directory (2019-22","353"
"2019-22","2927","Snow Club","Movember Auction Event","44600","","X","X185","Finance Code Directory (2019-22","354"
"2019-22","2926","Private Equity & Venture Capital Club","NYC PE Trek","44629","44632","X","X167","Finance Code Directory (2019-22","355"
"2019-22","2925","Women in Business Club","Equall Conference Social","44624","","S","S198","Finance Code Directory (2019-22","356"
"2019-22","2924","Africa Club","Speaker Series 2022","44593","44804","X","X105","Finance Code Directory (2019-22","357"
"2019-22","2923","Retail & Luxury Goods Club","RLGC Pre-Conference Presidential Panel","44608","","X","X325","Finance Code Directory (2019-22","358"
"2019-22","2922","Infrastructure & Construction Club","Crédit Agricole Corporate and Investment Bank (CA-CIB): Presentation","44608","","X","X421","Finance Code Directory (2019-22","359"
"2019-22","2921","Volunteers Club","London Marathon - Wings of Hope fundraising","44836","","X","X355","Finance Code Directory (2019-22","360"
"2019-22","2920","LatAm Club","Peruvian Collection Visit - British Museum","44602","","S","S150","Finance Code Directory (2019-22","361"
"2019-22","2919","Investment Management Club","IMC's activity auctioned at the Movember Charity Gala","44526","","X","X229","Finance Code Directory (2019-22","362"
"2019-22","2918","Healthcare Club","Illumina Sponsorship","44593","","S","S108","Finance Code Directory (2019-22","363"
"2019-22","2917","LatAm Club","Amazon Panel- Latam Club","44595","","X","X151","Finance Code Directory (2019-22","364"
"2019-22","2916","Retail & Luxury Goods Club","RLGC Conference 2022","44609","","X","X325","Finance Code Directory (2019-22","365"
"2019-22","2915","Cycling Club","LBSCC Pub Meetup","44600","","X","X351","Finance Code Directory (2019-22","366"
"2019-22","2914","Rugby Club (Women's)","WTRC Exco Bogan Bingo","44602","","X","X201","Finance Code Directory (2019-22","367"
"2019-22","2913","Investment Management Club","The IMC Invites you to: Monopoly Lifesized","44526","","X","X229","Finance Code Directory (2019-22","368"
"2019-22","2912","Women in Business Club","Amazon General Sponsorship","44592","","S","S198","Finance Code Directory (2019-22","369"
"2019-22","2911","Women in Business Club","Introduction to Investing with Vestpod","44594","","X","X199","Finance Code Directory (2019-22","370"
"2019-22","2910","Investment Management Club","NYU Stern Credit Competition","44519","","X","X229","Finance Code Directory (2019-22","371"
"2019-22","2909","India Club","India Business Series - Adar Poonawalla event","44608","","S","S136","Finance Code Directory (2019-22","372"
"2019-22","2908","Rugby Club (Men's)","Office Hours 2022","44593","44620","X","X177","Finance Code Directory (2019-22","373"
"2019-22","2907","Brazil Club","Cachaca Tasting","44590","","X","X291","Finance Code Directory (2019-22","374"
"2019-22","2906","Future of Mobility Club (Automotive)","Speaker Event with Quin Garcia Managing Director of Autotech Ventures","44578","","X","X445","Finance Code Directory (2019-22","375"
"2019-22","2905","Italian Club","P.I.G.S x Sundowners with ExCo","44588","","X","X145","Finance Code Directory (2019-22","376"
"2019-22","2904","Germany Switzerland & Austria Club","Amthor Speaker Event","44599","","X","X133","Finance Code Directory (2019-22","377"
"2019-22","2903","Black in Business Club","Bib x Africa Club Party (The Jump-off)","44616","","S","S502","Finance Code Directory (2019-22","378"
"2019-22","2902","Black in Business Club","Launch of Bib x Foodie club","44608","","X","X503","Finance Code Directory (2019-22","379"
"2019-22","2901","Women in Business Club","WiB Empowerment Circles","44587","","X","X199","Finance Code Directory (2019-22","380"
"2019-22","2900","Black in Business Club","BiB X Acting Club mixer","44599","","S","S502","Finance Code Directory (2019-22","381"
"2019-22","2899","Rugby Club (Women's)","Long Tour in USA","44652","44661","X","X201","Finance Code Directory (2019-22","382"
"2019-22","2898","Rugby Club (Women's)","Alumni Tour","44631","44632","X","X201","Finance Code Directory (2019-22","383"
"2019-22","2897","Rugby Club (Women's)","Leopard Chase","44614","","S","S200","Finance Code Directory (2019-22","384"
"2019-22","2896","Rugby Club (Women's)","Windsor Post Training","44597","44626","X","X201","Finance Code Directory (2019-22","385"
"2019-22","2895","Sports & Business Club","ExCo_Integration","44594","","X","X275","Finance Code Directory (2019-22","386"
"2019-22","2894","Rugby Club (Men's)","Long Tour 2022","44653","44662","X","X177","Finance Code Directory (2019-22","387"
"2019-22","2892","Sailing Club","Sailing Alumni Challenge","44631","44633","X","X181","Finance Code Directory (2019-22","388"
"2019-22","2891","Foodie Club","Dusty Knuckles Bread Baking Class","44617","","S","S460","Finance Code Directory (2019-22","389"
"2019-22","2890","Art & Business Club","America in Crisis' Exhibition Tour","44616","","X","X269","Finance Code Directory (2019-22","390"
"2019-22","2889","Foodie Club","Brat x Climpson’s Arch","44612","","S","S460","Finance Code Directory (2019-22","391"
"2019-22","2888","Women in Business Club","Equall Candy Grams","44593","44606","X","X199","Finance Code Directory (2019-22","392"
"2019-22","2887","Retail & Luxury Goods Club","RLGC Chinese New Year Dinner","44595","","S","S324","Finance Code Directory (2019-22","393"
"2019-22","2886","Future of Mobility Club (Automotive)","ExCo_ January meeting","44580","","X","X445","Finance Code Directory (2019-22","394"
"2019-22","2885","Volunteers Club","Volunteers Club Website - Purchase of domain & Annual Subscription","44580","","X","X355","Finance Code Directory (2019-22","395"
"2019-22","2884","Tech & Media Club","TMC Alumni Pub Trip","44599","44712","X","X213","Finance Code Directory (2019-22","396"
"2019-22","2883","India Club","Republic day movie screening","44587","","X","X137","Finance Code Directory (2019-22","397"
"2019-22","2882","Private Equity & Venture Capital Club","AI in VC","44595","","X","X167","Finance Code Directory (2019-22","398"
"2019-22","2881","Germany Switzerland & Austria Club","Wine Tasting Event","44608","","S","S132","Finance Code Directory (2019-22","399"
"2019-22","2880","Retail & Luxury Goods Club","Trek_ dunnhumby London Grocery Trek","44596","","X","X325","Finance Code Directory (2019-22","400"
"2019-22","2879","Private Equity & Venture Capital Club","Trek_Berlin VC","44658","44659","Z","X167","Finance Code Directory (2019-22","401"
"2019-22","2877","Expedition Club","Spartan Race","44652","44653","X","X417","Finance Code Directory (2019-22","402"
"2019-22","2876","Private Equity & Venture Capital Club","VC Training Workshop","44588","44588","X","X167","Finance Code Directory (2019-22","403"
"2019-22","2875","Foodie Club","A taste of Brazil - Visit to Brazilian Restaurant","44595","44595","S","S460","Finance Code Directory (2019-22","404"
"2019-22","2874","Japan Club","Japan Society Career Session","44616","","S","S146","Finance Code Directory (2019-22","405"
"2019-22","2873","Australia and New Zealand Club","Waitangi Day Pub Crawl 2022","44597","44598","S","S348","Finance Code Directory (2019-22","406"
"2019-22","2872","Rugby Club (Women's)","Lunch and Camden Market","44590","","S","S200","Finance Code Directory (2019-22","407"
"2019-22","2871","Rugby Club (Women's)","Electives Review","44578","44592","X","X201","Finance Code Directory (2019-22","408"
"2019-22","2869","Australia and New Zealand Club","Australia Wine Tasting Event","44587","44587","S","S348","Finance Code Directory (2019-22","409"
"2019-22","2868","Private Equity & Venture Capital Club","Rotterdam PE Competition","44516","44518","X","X167","Finance Code Directory (2019-22","410"
"2019-22","2867","Private Equity & Venture Capital Club","LBS PE/VC Blog","44570","44935","X","X167","Finance Code Directory (2019-22","411"
"2019-22","2866","Private Equity & Venture Capital Club","Wall Street Prep Capitalization Table Modeling S","44583","44583","X","X167","Finance Code Directory (2019-22","412"
"2019-22","2865","Tech & Media Club","Elevate Mentorship Kickoff","44574","44712","X","X213","Finance Code Directory (2019-22","413"
"2019-22","2864","Foodie Club","Dumpling making Cooking Class","44581","44581","X","X459","Finance Code Directory (2019-22","414"
"2019-22","2863","Energy & Environment Club","Den Trek","44656","44659","X","X119","Finance Code Directory (2019-22","415"
"2019-22","2861","Germany Switzerland & Austria Club","Exco Internal Events","44409","44742","X","X133","Finance Code Directory (2019-22","416"
"2019-22","2756","Acting Club","Les Miserables Musical ticket Sale","44531","","S","S230","Finance Code Directory (2019-22","417"
"2019-22","2792","Acting Club","Exco - Showcase - Improv 1","44529","","X","X231","Finance Code Directory (2019-22","418"
"2019-22","2858","Energy & Environment Club","Careers in CleanTech Consulting  and Advisory","44580","44580","X","X119","Finance Code Directory (2019-22","419"
"2019-22","2857","LatAm Club","Refund of stolen LatAm Jackets","44594","44620","X","X151","Finance Code Directory (2019-22","420"
"2019-22","2856","Sports & Business Club","External Speaker for Media/ Sports","44587","44587","X","X275","Finance Code Directory (2019-22","421"
"2019-22","2855","Rugby Club (Men's)","Rugby Equipment and Pitch Hire","44440","44713","X","X177","Finance Code Directory (2019-22","422"
"2019-22","2854","Wine & Spirit Club","Whiskey tasting event","44580","","S","S224","Finance Code Directory (2019-22","423"
"2019-22","2853","Women in Business Club","Level 20: PE Speaker Series","44608","","X","X199","Finance Code Directory (2019-22","424"
"2019-22","2793","Acting Club","Exco - Showcase - Improv 2","44533","","X","X231","Finance Code Directory (2019-22","425"
"2019-22","2851","Acting Club","Flyers for Club Fair","44441","","X","X231","Finance Code Directory (2019-22","426"
"2019-22","2850","Wine & Spirit Club","Belgium Trek","44623","44626","X","X225","Finance Code Directory (2019-22","427"
"2019-22","2849","Women in Business Club","Accenture Grant","44531","44562","S","S198","Finance Code Directory (2019-22","428"
"2019-22","2848","Football Club (Men's)","Pitch Bookings","44564","44882","X","X127","Finance Code Directory (2019-22","429"
"2019-22","2847","Corporate Leadership Club","Exco_Social","44536","","X","X209","Finance Code Directory (2019-22","430"
"2019-22","2846","Wine & Spirit Club","ExCo_team building weekend","44568","44571","X","X225","Finance Code Directory (2019-22","431"
"2019-22","2845","Women in Business Club","Alumni Leaders at Amazon","44578","","S","S198","Finance Code Directory (2019-22","432"
"2019-22","2844","Women in Business Club","Equall: Rising Tides","44623","44624","S","S198","Finance Code Directory (2019-22","433"
"2019-22","2843","Central","EMBALJ23 Welcome","44596","","X","X101","Finance Code Directory (2019-22","434"
"2019-22","2842","LatAm Club","Salsa Soho Party","44609","","S","S150","Finance Code Directory (2019-22","435"
"2019-22","2841","China Club","Chinese New Year 2022","44501","44612","S","S270","Finance Code Directory (2019-22","436"
"2019-22","2840","LatAm Club","Latam Dinner Series","44586","","X","X151","Finance Code Directory (2019-22","437"
"2019-22","2839","Japan Club","Asian Food Series - Japanese","44583","","X","X147","Finance Code Directory (2019-22","438"
"2019-22","2838","Central","Vibrant Thursday","44595","","S","S100","Finance Code Directory (2019-22","439"
"2019-22","2837","Healthcare Club","ExCo_Sponsorship","44440","44804","S","S108","Finance Code Directory (2019-22","440"
"2019-22","2836","Tech & Media Club","TMC Exco London Away Day","44535","","X","X213","Finance Code Directory (2019-22","441"
"2019-22","2835","LatAm Club","Latam Dinner Series","44579","","X","X151","Finance Code Directory (2019-22","442"
"2019-22","2834","Cricket Club","Last Man Stands - Regents Park Tournament","44507","","X","X111","Finance Code Directory (2019-22","443"
"2019-22","2833","Cycling Club","LBS Triathlon Camp 2022","44623","44626","X","X351","Finance Code Directory (2019-22","444"
"2019-22","2832","Private Equity & Venture Capital Club","London VC Trek","44541","44629","X","X167","Finance Code Directory (2019-22","445"
"2019-22","2831","Private Equity & Venture Capital Club","Fireside Chat with Carlos Trenchs - Aldea Ventures","44539","","X","X167","Finance Code Directory (2019-22","446"
"2019-22","2830","Latam Club","ExCo Socials 2021 and 2022","44536","44773","X","X151","Finance Code Directory (2019-22","447"
"2019-22","2829","Tech & Media Club","Digital Bootcamp","44529","","X","X213","Finance Code Directory (2019-22","448"
"2019-22","2828","Healthcare Club","Exco_ Finance Vertical group","44440","44804","X","X109","Finance Code Directory (2019-22","449"
"2019-22","2827","Healthcare Club","Exco_Marketing Vertical group","44440","44804","X","X109","Finance Code Directory (2019-22","450"
"2019-22","2826","Healthcare Club","Exco_ NHS Vertical group","44440","44804","X","X109","Finance Code Directory (2019-22","451"
"2019-22","2825","Sports & Business Club","Speaker Series with Emilio Garcia Duarte","44572","","X","X275","Finance Code Directory (2019-22","452"
"2019-22","2824","Healthcare Club","Exco_HTC Vertical group","44440","44804","S","S108","Finance Code Directory (2019-22","453"
"2019-22","2823","Military in Business Club","MiB Welcome Social - Calvary and Guards Club","44504","","X","X363","Finance Code Directory (2019-22","454"
"2019-22","2822","Spanish Club","ExCo_Christmas Dinner","44525","44528","X","X187","Finance Code Directory (2019-22","455"
"2019-22","2821","Social Impact Club","EXCO_Dinner for SIIF","44537","","X","X159","Finance Code Directory (2019-22","456"
"2019-22","2820","Investment Management Club","Autumn 2021 LBS Stock Pitch Competition","44539","","X","X229","Finance Code Directory (2019-22","457"
"2019-22","2819","Private Equity & Venture Capital Club","Private Debt Trek","44547","","X","X167","Finance Code Directory (2019-22","458"
"2019-22","2818","Energy & Environment Club","ExCo - GES Organizers Thank you Dinner","44522","44552","X","X119","Finance Code Directory (2019-22","459"
"2019-22","2817","Energy & Environment Club","Speaker Event - Plastic Sustainability","44533","","X","X119","Finance Code Directory (2019-22","460"
"2019-22","2816","India Club","India Club Holi Sundowner","44637","","X","X137","Finance Code Directory (2019-22","461"
"2019-22","2815","Italian Club","ExCo Christmas Dinner","44536","","X","X145","Finance Code Directory (2019-22","462"
"2019-22","2814","Latam Club","Refund and partial refund of LatAm Jackets","44530","44548","S","S150","Finance Code Directory (2019-22","463"
"2019-22","2813","Portugal Club","Dinner at Bar Douro","44531","","X","X299","Finance Code Directory (2019-22","464"
"2019-22","2811","Vibrant Feet@LBS (LBS Dance Society)","Dance Class - SAMBA","44537","","X","X511","Finance Code Directory (2019-22","465"
"2019-22","2810","Social Impact Club","Team Holiday Party","44535","","X","X159","Finance Code Directory (2019-22","466"
"2019-22","2809","Social Impact Club","Cup of Perspective","44522","44530","X","X159","Finance Code Directory (2019-22","467"
"2019-22","2807","Japan Club","Japan Club X Sundowners","44623","","X","X147","Finance Code Directory (2019-22","468"
"2019-22","2806","Latam Club","Latam Dinner Auction Night","44531","44533","X","X151","Finance Code Directory (2019-22","469"
"2019-22","2805","Sailing Club","MBA Global Trophy 2022","44658","44661","X","X181","Finance Code Directory (2019-22","470"
"2019-22","2804","Healthcare Club","Exco_Conference Vertical group","44440","44804","S","S108","Finance Code Directory (2019-22","471"
"2019-22","2803","Rugby Club (Women's)","Swag 2021-22","44531","44621","X","X201","Finance Code Directory (2019-22","472"
"2019-22","2802","Asia Club","Asian Food Series – Thai","44624","","S","S102","Finance Code Directory (2019-22","473"
"2019-22","2801","India Club","Speed Friendship (mixer)","44530","","X","X137","Finance Code Directory (2019-22","474"
"2019-22","2800","Impact Consulting Club","ICC Exco Social","44518","","X","X387","Finance Code Directory (2019-22","475"
"2019-22","2799","Asia Club","ExCo Monthly meetup","44512","44713","X","X103","Finance Code Directory (2019-22","476"
"2019-22","2798","Football Club (Men's)","FIFA22 Tournament - Dec21","44531","44533","X","X127","Finance Code Directory (2019-22","477"
"2019-22","2797","Brazil Club","ExCo 21/22 Meeting","44533","","X","X291","Finance Code Directory (2019-22","478"
"2019-22","2796","Real Estate Club","RE Club - Alumni Networking Holiday Event","44538","","X","X171","Finance Code Directory (2019-22","479"
"2019-22","2795","Private Equity & Venture Capital Club","LBS Alumni in Private Equity Panel","44530","","X","X167","Finance Code Directory (2019-22","480"
"2019-22","2852","Acting Club","Fall Exco Dinner","44509","","X","X231","Finance Code Directory (2019-22","481"
"2019-22","2859","Acting Club","Improvisation Classes Spring semester","44580","44652","X","X231","Finance Code Directory (2019-22","482"
"2019-22","2791","Vibrant Feet@LBS (LBS Dance Society)","Vibrant Feet Dance Party","44537","","S","S510","Finance Code Directory (2019-22","483"
"2019-22","2790","Women in Business Club","In Conversation with Amex Leaders","44572","","S","S198","Finance Code Directory (2019-22","484"
"2019-22","2789","Sports & Business Club","Saudi Arabian Formula 1 Grand Prix Viewing & Industry Event","44535","","X","X275","Finance Code Directory (2019-22","485"
"2019-22","2788","Italian Club","Workshop on M&A Litigation with Pierluigi Matera","44536","","X","X145","Finance Code Directory (2019-22","486"
"2019-22","2787","Italian Club","Investment Banking Panel","44524","","X","X145","Finance Code Directory (2019-22","487"
"2019-22","2786","Healthcare Club","Thought Leadership Series","44533","44774","X","X109","Finance Code Directory (2019-22","488"
"2019-22","2784","Energy & Environment Club","Training Financial Modelling for Renewable Energy Basic Course","44590","","X","X119","Finance Code Directory (2019-22","489"
"2019-22","2783","Music Club","Music Club Equipment Purchase","44523","","X","X211","Finance Code Directory (2019-22","490"
"2019-22","2782","Infrastructure & Construction Club","Copenhagen Infrastructure Partners (CIP) - Presentation and Career Opportunities","44538","","X","X421","Finance Code Directory (2019-22","491"
"2019-22","2781","Infrastructure & Construction Club","Speaker Series - Luxy Heintz, Actis","44531","","X","X421","Finance Code Directory (2019-22","492"
"2019-22","2780","Snow Club","Exco_Dinner","44522","","X","X185","Finance Code Directory (2019-22","493"
"2019-22","2778","Portugal Club","Azores Trek","44658","44663","X","X299","Finance Code Directory (2019-22","494"
"2019-22","2777","Portugal Club","Surf and Yoga Trek","44699","44703","X","X299","Finance Code Directory (2019-22","495"
"2019-22","2776","Portugal Club","Portugal Club Christmas Dinner","44531","","X","X299","Finance Code Directory (2019-22","496"
"2019-22","2775","Foodie Club","This is the season to be jolly and hungry - Ramsbury Christmas Domes","44536","","S","S460","Finance Code Directory (2019-22","497"
"2019-22","2774","Consulting Club","BGC Case Competition","44532","","X","X115","Finance Code Directory (2019-22","498"
"2019-22","2772","Israel Club","TMC x Israel Club presents: Team8 and A New Venture Model and the Future of Fintech","44657","","X","X143","Finance Code Directory (2019-22","499"
"2019-22","2771","Israel Club","Israeli Trek","44682","44688","X","X143","Finance Code Directory (2019-22","500"
"2019-22","2770","Consulting Club","General Club Marketing","44520","","X","X115","Finance Code Directory (2019-22","501"
"2019-22","2769","Retail & Luxury Goods Club","RLGC Movie Night - House of Gucci","44535","","S","S324","Finance Code Directory (2019-22","502"
"2019-22","2768","Corporate Leadership Club","Exco - Social","44440","44773","X","X209","Finance Code Directory (2019-22","503"
"2019-22","2767","Social Impact Club","Signature Conference","44652","","X","X159","Finance Code Directory (2019-22","504"
"2019-22","2766","Social Impact Club","Supper CSR","44517","","X","X159","Finance Code Directory (2019-22","505"
"2019-22","2765","Japan Club","Japanese Tea Ceremony Lesson","44549","","S","S146","Finance Code Directory (2019-22","506"
"2019-22","2764","Social Impact Club","Exco_Coffee Chats","44501","44561","X","X159","Finance Code Directory (2019-22","507"
"2019-22","2763","Art & Business Club","West End Gallery Hop","44540","","X","X269","Finance Code Directory (2019-22","508"
"2019-22","2762","Art & Business Club","Lino Printing Workshop","44529","","X","X269","Finance Code Directory (2019-22","509"
"2019-22","2761","Expedition Club","Kilimanjaro","44521","44605","X","X417","Finance Code Directory (2019-22","510"
"2019-22","2760","Vibrant Feet@LBS (LBS Dance Society)","Dance class for LBS Cohort","44524","","S","S510","Finance Code Directory (2019-22","511"
"2019-22","2758","Retail & Luxury Goods Club","Exploring the world of lab-grown diamonds and starting a fine jewelry company - with the founders of Kimai","44531","","X","X325","Finance Code Directory (2019-22","512"
"2019-22","2757","Tech & Media Club","TMC and Elevate Programme website Fees","44348","44773","X","X213","Finance Code Directory (2019-22","513"
"2019-22","2860","Acting Club","Stand Up Classes","44579","44652","X","X231","Finance Code Directory (2019-22","514"
"2019-22","2755","Debate & Public Speaking Club","ExCo_Welcome Dinner for ExCo Team 2021/2022","44517","","X","X169","Finance Code Directory (2019-22","515"
"2019-22","2754","Sailing Club","Dinner with the Sailing CLub","44504","","X","X181","Finance Code Directory (2019-22","516"
"2019-22","2753","Art & Business Club","Phillips Auction House Photographs Sale Preview","44522","","X","X269","Finance Code Directory (2019-22","517"
"2019-22","2752","Rugby Club (Men's)","Movember 2021","44518","44743","X","X177","Finance Code Directory (2019-22","518"
"2019-22","2751","Brazil Club","Lunch & Learn with Women Students from LATAM","44522","","S","S290","Finance Code Directory (2019-22","519"
"2019-22","2750","Retail & Luxury Goods Club","Exco Events","44440","44773","X","X325","Finance Code Directory (2019-22","520"
"2019-22","2749","Retail & Luxury Goods Club","Resume Surgery Workshop","44501","44531","X","X325","Finance Code Directory (2019-22","521"
"2019-22","2748","Middle East Club","End of Year Party","44532","44533","X","X157","Finance Code Directory (2019-22","522"
"2019-22","2747","Asia Club","LBS Perspectives - Vietnam, redefining the economic engine","44524","","X","X103","Finance Code Directory (2019-22","523"
"2019-22","2746","Private Equity & Venture Capital Club","PE Recruitment Q&A","44525","","X","X167","Finance Code Directory (2019-22","524"
"2019-22","2745","Germany Switzerland & Austria Club","Sundowners Transfer","44532","","X","X133","Finance Code Directory (2019-22","525"
"2019-22","2744","Germany Switzerland & Austria Club","Stammtisch (Regular Dinner Series)","44524","","X","X133","Finance Code Directory (2019-22","526"
"2019-22","2743","Consulting Club","Humatica EC Networking Events","44522","","S","S114","Finance Code Directory (2019-22","527"
"2019-22","2742","Music Club","ExCo Kickoff","44502","","X","X211","Finance Code Directory (2019-22","528"
"2019-22","2741","Germany Switzerland & Austria Club","DACH PE Trek","44584","44590","X","X133","Finance Code Directory (2019-22","529"
"2019-22","2740","Germany Switzerland & Austria Club","VC Fireside Chat with Earlybird and La Famiglia","44532","","X","X133","Finance Code Directory (2019-22","530"
"2019-22","2738","Asia Club","Asian Food Series - Malaysian","44535","","X","X103","Finance Code Directory (2019-22","531"
"2019-22","2737","Art & Business Club","Townhaud Collective Holiday reception","44519","","X","X269","Finance Code Directory (2019-22","532"
"2019-22","2736","Israel Club","Israel Club Alumni Get Together","44514","","X","X143","Finance Code Directory (2019-22","533"
"2019-22","2735","Consulting Club","CaseCoach Exhibit Synthesis Workshop","44528","44540","S","S114","Finance Code Directory (2019-22","534"
"2019-22","2733","Sports Business Club","Future of Football with Mr. Andrea Agnelli","44685","","X","X275","Finance Code Directory (2019-22","535"
"2019-22","2731","Board Games Club","Board Games Day","44440","44773","X","X397","Finance Code Directory (2019-22","536"
"2019-22","2730","Board Games Club","Exco_Social","44470","44408","X","X397","Finance Code Directory (2019-22","537"
"2019-22","2729","Golf Club","LBS Golf Day @ Hendon GC","44519","44731","S","S134","Finance Code Directory (2019-22","538"
"2019-22","2728","Black in Business Club","Exco_BiB Exco Get Together","44511","","X","X503","Finance Code Directory (2019-22","539"
"2019-22","2727","Partners Club","Speed Dating","44517","","X","X163","Finance Code Directory (2019-22","540"
"2019-22","2726","Real Estate Club","RE Club Exco Kickoff","44510","","X","X171","Finance Code Directory (2019-22","541"
"2019-22","2725","Hellenic Club","Kick Off Social","44510","","X","X267","Finance Code Directory (2019-22","542"
"2019-22","2724","Entrepreneurship Club","HackLBS","44617","44619","X","X121","Finance Code Directory (2019-22","543"
"2019-22","2723","Healthcare Club","Exco_Social","44501","44743","X","X109","Finance Code Directory (2019-22","544"
"2019-22","2722","Rugby Club (Men's)","Careers Panel Events 2021/22","44507","44317","X","X177","Finance Code Directory (2019-22","545"
"2019-22","2721","Energy & Environment Club","GES November 2021 Facilitators","44515","44516","X","X119","Finance Code Directory (2019-22","546"
"2019-22","2720","Wine & Spirit Club","Introduction to Wine Tasting","44537","","S","S224","Finance Code Directory (2019-22","547"
"2019-22","2719","Italian Club","Italian Aperitivo with ExCo","44523","","S","S144","Finance Code Directory (2019-22","548"
"2019-22","2718","Private Equity & Venture Capital Club","VCIC Competition Kick-Off","44523","","X","X167","Finance Code Directory (2019-22","549"
"2019-22","2717","Private Equity & Venture Capital Club","Pitchbook - Learn how to uncover VC Industry insights","44518","","X","X167","Finance Code Directory (2019-22","550"
"2019-22","2716","Energy & Environment Club","EXCO_Social at the Volunteer Nov 2021","44507","","X","X119","Finance Code Directory (2019-22","551"
"2019-22","2715","Private Equity & Venture Capital Club","Multiple X : 2022 Conference","44673","","S","S166","Finance Code Directory (2019-22","552"
"2019-22","2714","Central & Eastern Europe Club","Budapest Trek","44581","44584","X","X117","Finance Code Directory (2019-22","553"
"2019-22","2713","Central & Eastern Europe Club","First CEE Social 2021","44493","","X","X117","Finance Code Directory (2019-22","554"
"2019-22","2712","Tech & Media Club","TMC Sundowner's After-Event","44511","","X","X213","Finance Code Directory (2019-22","555"
"2019-22","2711","Tech & Media Club","TMC Townhall","44505","44773","X","X213","Finance Code Directory (2019-22","556"
"2019-22","2710","India Club","Exco_2021-22 Junior Exco Introductory Dinner","44511","","X","X137","Finance Code Directory (2019-22","557"
"2019-22","2709","North America Club","Thanksgiving Dinner","44524","","X","X161","Finance Code Directory (2019-22","558"
"2019-22","2708","Out in Business Club","ExCo_Winter socials","44562","44635","X","X165","Finance Code Directory (2019-22","559"
"2019-22","2707","Tech & Media Club","Landmark London Autumn Event","44524","","X","X213","Finance Code Directory (2019-22","560"
"2019-22","2705","Golf Club","LBS Golf Club Social @ Greenwhich Penninsula","44521","","X","X135","Finance Code Directory (2019-22","561"
"2019-22","2704","Turnaround Management and Restructuring Club","BCG Turn Presentation","44531","","X","X305","Finance Code Directory (2019-22","562"
"2019-22","2702","Asia Club","Asian Food Series - Vietnamese","44520","","S","S102","Finance Code Directory (2019-22","563"
"2019-22","2701","India Club","Decorating Sussex Place campus for Diwali","44502","","X","X137","Finance Code Directory (2019-22","564"
"2019-22","2700","Asia Club","Breaking into Asia's Tech Industry","44523","","X","X103","Finance Code Directory (2019-22","565"
"2019-22","2699","Rugby Club (Women's)","Pre Roller Disco Exco Dinner","44509","","X","X201","Finance Code Directory (2019-22","566"
"2019-22","2698","Japan Club","Japan Trek (2022 Graduates Only)","44704","44710","X","X147","Finance Code Directory (2019-22","567"
"2019-22","2697","Social Impact Club","ExCo_SIC Retreat","44505","","X","X159","Finance Code Directory (2019-22","568"
"2019-22","2696","Women in Business Club","WiB x Rugby Annual Charity Auction","44526","","X","X199","Finance Code Directory (2019-22","569"
"2019-22","2695","Wine & Spirit Club","Intro to Wine Tasting","44519","","S","S224","Finance Code Directory (2019-22","570"
"2019-22","2694","Tech & Media Club","Breaking into Tech: Pre-Recruiting Steps","44523","","X","X213","Finance Code Directory (2019-22","571"
"2019-22","2693","Women in Business Club","WiB: 2022's Last Dance - Women Graduates Farewell Brunch","44750","44750","X","X199","Finance Code Directory (2019-22","572"
"2019-22","2692","Tech & Media Club","Alumni in media drinks","44525","","X","X213","Finance Code Directory (2019-22","573"
"2019-22","2691","Art & Business Club","Fireside Chat with National Theatre Director
Executive Director Lisa Burger","44515","","X","X269","Finance Code Directory (2019-22","574"
"2019-22","2690","Rugby Club (Men's)","Hawaiians v Pilgrims 2021","44506","44507","X","X177","Finance Code Directory (2019-22","575"
"2019-22","2689","Tech & Media Club","Product @ LBS","44515","44517","X","X213","Finance Code Directory (2019-22","576"
"2019-22","2687","Consulting Club","Fless Payment","44501","44742","X","X115","Finance Code Directory (2019-22","577"
"2019-22","2686","Tennis Club","Movie Social : King Richard","44522","","X","X221","Finance Code Directory (2019-22","578"
"2019-22","2685","China Club","Haidilao Hotpot Event - Social event","44518","","S","S270","Finance Code Directory (2019-22","579"
"2019-22","2683","Middle East Club","UAE Career Trek 2021","44542","44546","X","X157","Finance Code Directory (2019-22","580"
"2019-22","2682","Latam Club","Speaker Present - ""Payments are eating the world"" by Jeremy Balkin","44518","","S","S150","Finance Code Directory (2019-22","581"
"2019-22","2681","Private Equity & Venture Capital Club","Duplicate see 2673","","","","","Finance Code Directory (2019-22","582"
"2019-22","2680","Future of Mobility Club (Automotive)","ExCo_FY2021 ExCo kick-off meeting","44503","","X","X445","Finance Code Directory (2019-22","583"
"2019-22","2679","Volunteers Club","Club Kick-off new ExCo","44502","","X","X355","Finance Code Directory (2019-22","584"
"2019-22","2678","Badminton Club","ExCo_Badminton Club 2021-22 ExCo Kick-off Drinks","44502","","X","X207","Finance Code Directory (2019-22","585"
"2019-22","2677","Spanish Club","Gear sale for the Spanish club","44509","44569","S","S186","Finance Code Directory (2019-22","586"
"2019-22","2676","Latam Club","ExCo - Canva Pro Yearly Subscription","44473","44837","X","X151","Finance Code Directory (2019-22","587"
"2019-22","2675","Foodie Club","Numbing Noodles at Liu Xiaomian Marylebone","44529","","S","S460","Finance Code Directory (2019-22","588"
"2019-22","2674","Art & Business Club","Art & Business x Latam Club tour of LAMB Gallery","44509","","X","X269","Finance Code Directory (2019-22","589"
"2019-22","2673","Private Equity & Venture Capital Club","Fireside Chat with Daniel Obaseki, Partner at ZX Ventures","44529","","X","X167","Finance Code Directory (2019-22","590"
"2019-22","2672","Snow Club","Snow Trek 2022 - First Year Students Only","44639","44646","X","X185","Finance Code Directory (2019-22","591"
"2019-22","2671","Rugby Club (Women's)","WTRC x WIT Fitness","44505","","S","S200","Finance Code Directory (2019-22","592"
"2019-22","2670","Women in Business Club","Exco_Team Socials","44501","44592","X","X199","Finance Code Directory (2019-22","593"
"2019-22","2669","Wine & Spirit Club","End of Year Party","","","S","S224","Finance Code Directory (2019-22","594"
"2019-22","2668","Consulting Club","Membership Refund","44498","","X","X115","Finance Code Directory (2019-22","595"
"2019-22","2667","Hellenic Club","ExCo - New Year Meeting","44498","","X","X267","Finance Code Directory (2019-22","596"
"2019-22","2665","India Club","Diwali Henna (Traditional Tattoo) Event","44522","","S","S136","Finance Code Directory (2019-22","597"
"2019-22","2664","Infrastructure & Construction Club","ExCo Onboarding Meeting","44497","","X","X421","Finance Code Directory (2019-22","598"
"2019-22","2663","Latam Club","PE/VC LATAM Trek","44495","44522","X","X151","Finance Code Directory (2019-22","599"
"2019-22","2662","Finance Club","Wall Street Prep - Financial and Valuation Modelling Seminar","44509","44507","X","X125","Finance Code Directory (2019-22","600"
"2019-22","2661","Brazil Club","Football Libertadores_with ExCo event","44527","","X","X291","Finance Code Directory (2019-22","601"
"2019-22","2660","Snow Club","Jr ExCo Kickoff","44489","","X","X185","Finance Code Directory (2019-22","602"
"2019-22","2659","Out in Business Club","Inequality Ball","44499","44530","S","S164","Finance Code Directory (2019-22","603"
"2019-22","2658","Art & Business Club","In Conversation with art Royal Opera House CEO","44508","","X","X269","Finance Code Directory (2019-22","604"
"2019-22","2657","Basketball Club","Women Basketball Kit Sale","44494","44523","X","X107","Finance Code Directory (2019-22","605"
"2019-22","2656","Football Club (Men's)","Rome Sports Tournament (All LBS Sports Clubs)","44492","44520","X","X127","Finance Code Directory (2019-22","606"
"2019-22","2655","Japan Club","Career Event Business - Paradigm","44506","","S","S146","Finance Code Directory (2019-22","607"
"2019-22","2654","Private Equity & Venture Capital Club","ExCo Drinks for Exco Kick Off 2021-22","44502","","S","S166","Finance Code Directory (2019-22","608"
"2019-22","2653","Private Equity & Venture Capital Club","My First Captial Raise - Redefining Thinking & Learning","44502","","X","X167","Finance Code Directory (2019-22","609"
"2019-22","2652","Women in Business Club","Exco - Equall Conference Kickoff","44487","","X","X199","Finance Code Directory (2019-22","610"
"2019-22","2651","Football Club (Women's)","Pitch Reservation from Men's Football Team","44574","","X","X129","Finance Code Directory (2019-22","611"
"2019-22","2650","Central","2021 Fall Festival","44507","","X","X101","Finance Code Directory (2019-22","612"
"2019-22","2649","Asia Club","Exploring Consulting Career in Asia","44516","","S","S102","Finance Code Directory (2019-22","613"
"2019-22","2648","Tennis Club","Tennis Club Rome Tournament","44510","44514","X","X221","Finance Code Directory (2019-22","614"
"2019-22","2647","Latam Club","LatAm Welcome DInner for ExCo 22/23","44488","","X","X151","Finance Code Directory (2019-22","615"
"2019-22","2646","Badminton Club","WIUC Rome 2021 Championship - Badminton","44510","44514","X","X207","Finance Code Directory (2019-22","616"
"2019-22","2645","Rugby Club (Men's)","Rome Sevens 2021","44510","44514","X","X177","Finance Code Directory (2019-22","617"
"2019-22","2644","Football Club (Women's)","Track Suit Order","44488","44490","S","S128","Finance Code Directory (2019-22","618"
"2019-22","2643","Football Club (Men's)","Charity Donation","44488","44489","X","X127","Finance Code Directory (2019-22","619"
"2019-22","2642","Sports & Business Club","Breaking into the Sports Business World","44501","","X","X275","Finance Code Directory (2019-22","620"
"2019-22","2641","Consulting Club","ExCO_Consulting Club Exco Kickoff","44489","","X","X115","Finance Code Directory (2019-22","621"
"2019-22","2640","Entrepreneurship Club","Entrepreneurship Club  ExCo Social","44490","","X","X121","Finance Code Directory (2019-22","622"
"2019-22","2639","Energy & Environment Club","Global Energy Summit November 2021","44515","44516","X","X119","Finance Code Directory (2019-22","623"
"2019-22","2638","Rugby Club (Women's)","Consulting Recruiting Panel","44515","","X","X201","Finance Code Directory (2019-22","624"
"2019-22","2637","Rugby Club (Women's)","Finance Recruiting Panel","44508","","X","X201","Finance Code Directory (2019-22","625"
"2019-22","2636","Rugby Club (Women's)","Disco Night with Hawaiians","44509","","S","S200","Finance Code Directory (2019-22","626"
"2019-22","2634","Central","SA Social drinks at Allsop Arms","44607","44608","X","X101","Finance Code Directory (2019-22","627"
"2019-22","2633","Rugby Club (Women's)","WTRC Short Tour - Barcelona","44518","44521","X","X201","Finance Code Directory (2019-22","628"
"2019-22","2632","Tech & Media Club","Talk with Laurie Davison, Head of TV&Film EMEA at YouTube","44512","","X","X213","Finance Code Directory (2019-22","629"
"2019-22","2631","Asia Club","ExCo Asia Club Kickoff Brunch","44485","","X","X103","Finance Code Directory (2019-22","630"
"2019-22","2630","Israel Club","Israel X SACH x Nord X Sundowners","44532","","X","X143","Finance Code Directory (2019-22","631"
"2019-22","2629","Rugby Club (Women's)","Windsor Cup Court 2021","44506","","X","X201","Finance Code Directory (2019-22","632"
"2019-22","2628","Turnaround Management and Restructuring Club","ExCo Kick-Off Meeting","44490","","X","X305","Finance Code Directory (2019-22","633"
"2019-22","2627","Australia and New Zealand Club","Bogan Bingo 2021","44518","44713","S","S348","Finance Code Directory (2019-22","634"
"2019-22","2626","Brazil Club","Brazilian Steakhouse Lunch","44490","","X","X291","Finance Code Directory (2019-22","635"
"2019-22","2625","Brazil Club","ExCo 21/22 First Meet up","44488","","X","X291","Finance Code Directory (2019-22","636"
"2019-22","2623","Real Estate Club","RE Financial Modeling - Training Series","44499","44535","X","X171","Finance Code Directory (2019-22","637"
"2019-22","2622","Finance Club","Investment Banking Competition 2020 Prize to Nicolo Rizzi","44162","","S","S124","Finance Code Directory (2019-22","638"
"2019-22","2621","Football Club (Men's)","Football Equipment","44482","44743","X","X127","Finance Code Directory (2019-22","639"
"2019-22","2620","Football Club (Men's)","Social Events for Football Men's teambuiding","44482","44743","S","S126","Finance Code Directory (2019-22","640"
"2019-22","2619","Football Club (Men's)","Match Referee Payment","44482","44378","X","X127","Finance Code Directory (2019-22","641"
"2019-22","2618","India Club","Teen Patti (Diwali Card Game) Night","44499","","S","S136","Finance Code Directory (2019-22","642"
"2019-22","2617","Consulting Club","Peer Leader interview Support","44452","44473","X","X115","Finance Code Directory (2019-22","643"
"2019-22","2616","Art & Business Club","In Conversation with art Deal Graham Steele","44488","","X","X269","Finance Code Directory (2019-22","644"
"2019-22","2615","Consulting Club","OC&C EC Networking Event","44488","","S","S114","Finance Code Directory (2019-22","645"
"2019-22","2614","Portugal Club","Selling Portugual Club Merchandise","44481","44773","S","S298","Finance Code Directory (2019-22","646"
"2019-22","2613","Infrastructure & Construction Club","Brookfield Asset Management - Infrastructure Group Speaker Event","44502","","X","X421","Finance Code Directory (2019-22","647"
"2019-22","2612","Partners Club","Transfer of yearly budget from the SA","44480","44500","X","X163","Finance Code Directory (2019-22","648"
"2019-22","2611","Sailing Club","Sailing Club Club Fair","44441","","X","X181","Finance Code Directory (2019-22","649"
"2019-22","2610","Rugby Club (Men's)","Short Tour 2021","44518","44521","X","X177","Finance Code Directory (2019-22","650"
"2019-22","2609","Art & Business Club","Christie's Auction House Tour","44489","","X","X269","Finance Code Directory (2019-22","651"
"2019-22","2607","Central","Payment for Eventcase","44480","44500","X","X101","Finance Code Directory (2019-22","652"
"2019-22","2606","Central","Yearly Partners club funding from the SA","44480","44773","X","X101","Finance Code Directory (2019-22","653"
"2019-22","2605","Central","SA debt forgiveness","44480","44773","X","X101","Finance Code Directory (2019-22","654"
"2019-22","2604","Central","Sundowners","44480","44773","X","X101","Finance Code Directory (2019-22","655"
"2019-22","2603","Central","SA ExCo Socials","44480","44773","X","X101","Finance Code Directory (2019-22","656"
"2019-22","2602","Out in Business Club","Eurout Board & ExCo Dinner","44504","","S","S164","Finance Code Directory (2019-22","657"
"2019-22","2601","Partners Club","Welcome MBA 2023 Drinks","44454","","X","X163","Finance Code Directory (2019-22","658"
"2019-22","2600","India Club","Diwali Ball 2021-22","44503","","S","S136","Finance Code Directory (2019-22","659"
"2019-22","2599","Rugby Club (Men's)","kit Sales 2021","44472","44743","S","S176","Finance Code Directory (2019-22","660"
"2019-22","2598","Women in Business Club","Fireside Chat with Mastercard's Ann Cairns","44522","","X","X199","Finance Code Directory (2019-22","661"
"2019-22","2597","Italian Club","ExCo Election Kick Off","44483","","X","X145","Finance Code Directory (2019-22","662"
"2019-22","2596","Japan Club","Sake Night","44525","","S","S146","Finance Code Directory (2019-22","663"
"2019-22","2595","Tennis Club","Tennis Indoor Practice for Fall 2021","44480","44536","X","X221","Finance Code Directory (2019-22","664"
"2019-22","2594","Rugby Club (Women's)","21-'22 Membership Top Ups","44475","44479","X","X201","Finance Code Directory (2019-22","665"
"2019-22","2593","Debate & Public Speaking Club","Debate Workshop Fall 2021","44487","44522","X","X169","Finance Code Directory (2019-22","666"
"2019-22","2592","Isreal Club","Club members BBQ kick-off event","44479","","X","X143","Finance Code Directory (2019-22","667"
"2019-22","2590","Football Club (Women's)","Trek_Rome Futsol","44511","44514","X","X129","Finance Code Directory (2019-22","668"
"2019-22","2589","Snow Club","Snow Trek Swag Sale","44475","44479","S","S184","Finance Code Directory (2019-22","669"
"2019-22","2588","Private Equity & Venture Capital Club","PE UK Mid Market Trek","44510","44512","S","S166","Finance Code Directory (2019-22","670"
"2019-22","2587","Sailing Club","Sailing Club Polos Sales","44470","44480","S","S180","Finance Code Directory (2019-22","671"
"2019-22","2586","Cricket Club","Last Man Stands - Regents Park Tournament","44256","44473","X","X111","Finance Code Directory (2019-22","672"
"2019-22","2585","Real Estate Club","RE Financial Modeling Training - Information Session","44473","","X","X171","Finance Code Directory (2019-22","673"
"2019-22","2584","Sailing Club","The Salty Dog Series","44485","","X","X181","Finance Code Directory (2019-22","674"
"2019-22","2583","Out in Business Club","OiB Exco Social","44499","","X","X165","Finance Code Directory (2019-22","675"
"2019-22","2582","Spanish Club","Social Launch","44477","","X","X187","Finance Code Directory (2019-22","676"
"2019-22","2581","Family Business Club","Tuesday Night Pub Club","44508","","X","X307","Finance Code Directory (2019-22","677"
"2019-22","2580","Snow Club","Sundowners","44539","","X","X185","Finance Code Directory (2019-22","678"
"2019-22","2579","Women in Business Club","WiB sponsored Sundowners","44490","","X","X199","Finance Code Directory (2019-22","679"
"2019-22","2578","Rugby Club (Men's)","kit Sales","44466","44713","S","S176","Finance Code Directory (2019-22","680"
"2019-22","2577","Family Business Club","FBC Kick-Off Call","44469","","X","X307","Finance Code Directory (2019-22","681"
"2019-22","2966","Acting Club","Acting Skills Classes","44621","44678","X","X231","Finance Code Directory (2019-22","682"
"2019-22","2575","Expedition Club","Ice Trek","44506","44596","X","X417","Finance Code Directory (2019-22","683"
"2019-22","2574","Latam Club","Latam Career Fair  2021","44522","44526","X","X151","Finance Code Directory (2019-22","684"
"2019-22","2573","Future of Mobility Club (Automotive)","Future of Mobility Club at private members club - Bike Shed","44482","","S","S446","Finance Code Directory (2019-22","685"
"2019-22","2572","Central","Teacher's Day Event for Sloans","44474","","X","X101","Finance Code Directory (2019-22","686"
"2019-22","2571","North America Club","KICKOFF 2021","44466","","X","X161","Finance Code Directory (2019-22","687"
"2019-22","2570","Women in Business Club","Winter Equality Ball (2021)","44525","44526","S","S198","Finance Code Directory (2019-22","688"
"2019-22","2569","Snow Club","Snow Trek 2021 - Returning Students Only","44541","18/9/21?","X","X185","Finance Code Directory (2019-22","689"
"2019-22","2567","Black in Business Club","BiB Brunch","44528","","S","S502","Finance Code Directory (2019-22","690"
"2019-22","2566","Japan Club","Japan Club Welcome Dinner","44473","","S","S146","Finance Code Directory (2019-22","691"
"2019-22","2565","Black in Business Club","BiB First Social","44475","","S","S502","Finance Code Directory (2019-22","692"
"2019-22","2564","Central","Coin Vote 2021/22","44462","","X","X101","Finance Code Directory (2019-22","693"
"2019-22","2563","Central","President's Dinner","44473","","X","X101","Finance Code Directory (2019-22","694"
"2019-22","2562","Women in Business Club","In Conversation with Indra Nooyi","44482","","S","S198","Finance Code Directory (2019-22","695"
"2019-22","2561","Brazil Club","Sundowners","44476","","X","X291","Finance Code Directory (2019-22","696"
"2019-22","2560","Retail & Luxury Goods Club","How to Nail the Walpole Application","44467","","X","X325","Finance Code Directory (2019-22","697"
"2019-22","2559","Impact Consulting Club","Bain Club Sponsorship","44461","44377","S","S386","Finance Code Directory (2019-22","698"
"2019-22","2558","Tennis Club","Tennis Social at Lighting House","44132","","X","X221","Finance Code Directory (2019-22","699"
"2019-22","2557","Tennis Club","Tennis & Padel Kick-Off","44466","44468","X","X221","Finance Code Directory (2019-22","700"
"2019-22","2556","Consulting Club","ExCo_Sr ExCo Meeting & Social","44463","","X","X115","Finance Code Directory (2019-22","701"
"2019-22","2555","Sports & Business Club","Sports Business Club Kick-Off","44467","","X","X275","Finance Code Directory (2019-22","702"
"2019-22","2554","India Club","ExCo Meet at London Shuffle Club","44464","","X","X137","Finance Code Directory (2019-22","703"
"2019-22","2553","Private Equity & Venture Capital Club","Wall Street Prep Private Equity Boot Camp (2/2","44513","44514","X","X167","Finance Code Directory (2019-22","704"
"2019-22","2552","Private Equity & Venture Capital Club","Wall Street Prep Private Equity Boot Camp (1/2)","44484","44485","X","X167","Finance Code Directory (2019-22","705"
"2019-22","2551","Retail & Luxury Goods Club","ExCo_2021 Planning Session & Retreat","44464","44465","X","X325","Finance Code Directory (2019-22","706"
"2019-22","2550","Rugby Club (Men's)","Hawaiians x Leopards Pub Crawl","44460","44743","S","S176","Finance Code Directory (2019-22","707"
"2019-22","2549","Central","Welcome Boat trip","44479","","X","X101","Finance Code Directory (2019-22","708"
"2019-22","2548","Latam Club","Latam Club Kick Off","44463","","X","X151","Finance Code Directory (2019-22","709"
"2019-22","2547","Consulting Club","Group Storytelling Workshop - Consulting Fit (Facilitated by a CaseCoach coach","44470","44228","S","S114","Finance Code Directory (2019-22","710"
"2019-22","2546","Italian Club","Italian Club Kick-Off 2021-2022","44461","","X","X145","Finance Code Directory (2019-22","711"
"2019-22","2545","Debate & Public Speaking Club","Debating Event Series","44105","44197","X","X169","Finance Code Directory (2019-22","712"
"2019-22","2544","Latam Club","Sundowners","44462","","X","X151","Finance Code Directory (2019-22","713"
"2019-22","2543","Rugby Club (Men's)","Hawaiians V Belsize Park 2021","44464","44713","X","X177","Finance Code Directory (2019-22","714"
"2019-22","2542","Rugby Club (Men's)","Windsor Cup 2021","44464","44805","X","X177","Finance Code Directory (2019-22","715"
"2019-22","2540","Korea Club","Kora Club Kick off (Korean BBQ)","44464","","X","X149","Finance Code Directory (2019-22","716"
"2019-22","2539","Consulting Club","Case Coach Group Workshop for Structuring","44463","44464","S","S114","Finance Code Directory (2019-22","717"
"2019-22","2538","Volleyball Club","Socials 2021/22","44457","44773","X","X223","Finance Code Directory (2019-22","718"
"2019-22","2537","Volleyball Club","Volleyball Club Kick-Off 2021/22","44447","","X","X223","Finance Code Directory (2019-22","719"
"2019-22","2536","Volleyball Club","Court Rental for practice 2021/22","44457","44814","X","X223","Finance Code Directory (2019-22","720"
"2019-22","2535","China Club","Mid-Autumn Festival Gatherin and Club Kick Off","44464","","S","S270","Finance Code Directory (2019-22","721"
"2019-22","2534","Badminton Club","Badminton Club 2021-22 Kick Off","44466","","X","X207","Finance Code Directory (2019-22","722"
"2019-22","2533","Music Club","Music Club Kick Off Meeting","44460","","X","X211","Finance Code Directory (2019-22","723"
"2019-22","2532","Tech & Media Club","TMC Elevat - Tech for Non-Tecehies","44473","44501","X","X213","Finance Code Directory (2019-22","724"
"2019-22","2531","India Club","India Club Kick-Off","44460","","X","X137","Finance Code Directory (2019-22","725"
"2019-22","2530","Retail & Luxury Goods Club","New York Virtul Trek 2021","44326","44329","X","X325","Finance Code Directory (2019-22","726"
"2019-22","2529","Art & Business Club","Art & Business Club Kick Off","44460","","X","X269","Finance Code Directory (2019-22","727"
"2019-22","2528","Badminton Club","Badminton Club Sessions","44458","44535","X","X207","Finance Code Directory (2019-22","728"
"2019-22","2527","Women in Business Club","WiB Social Kick Off","44461","","S","S198","Finance Code Directory (2019-22","729"
"2019-22","2526","Golf Club","LBS Golf Day @Farleigh GC","44465","","S","S134","Finance Code Directory (2019-22","730"
"2019-22","2525","Central","Tshirts for unknown club (Debt forgiveness for late invoice)","44451","","X","X101","Finance Code Directory (2019-22","731"
"2019-22","2524","Central","Valentine's Day 2021","44241","","X","X101","Finance Code Directory (2019-22","732"
"2019-22","2523","Tech & Media Club","Sundowners Event","44511","","X","X213","Finance Code Directory (2019-22","733"
"2019-22","2522","Australia and New Zealand Club","ANZ Welcome Drinks","44436","44440","X","X349","Finance Code Directory (2019-22","734"
"2019-22","2521","Debate & Public Speaking Club","2021-2022 Kick Off","44459","","X","X169","Finance Code Directory (2019-22","735"
"2019-22","2519","Cycling Club","LBSCC 2021 Fall/Winter Kit Sale","44488","44495","S","S350","Finance Code Directory (2019-22","736"
"2019-22","2518","Expedition Club","Expedition Club Kick Off","44453","","X","X417","Finance Code Directory (2019-22","737"
"2019-22","2517","Expedition Club","Three Peaks Challenge Trek","44477","44478","X","X417","Finance Code Directory (2019-22","738"
"2019-22","2516","Expedition Club","Bouldering Bash","44468","","X","X417","Finance Code Directory (2019-22","739"
"2019-22","2515","Real Estate Club","Real Estate Club Kick off Event 2021","44452","44469","X","X171","Finance Code Directory (2019-22","740"
"2019-22","2514","Infrastructure & Construction Club","Club Kick Off","44459","","X","X421","Finance Code Directory (2019-22","741"
"2019-22","2513","Black in Business Club","Black in Business Kick Off","44452","","X","X503","Finance Code Directory (2019-22","742"
"2019-22","2512","Investment Management Club","Fireside Chat with Hassan Elmasry","44487","","X","X229","Finance Code Directory (2019-22","743"
"2019-22","2511","Retail & Luxury Goods Club","Son of a tailor X RLGC Case Competition","44452","44453","X","X325","Finance Code Directory (2019-22","744"
"2019-22","2510","Retail & Luxury Goods Club","RLGV 2021 Kick Off","44452","","X","X325","Finance Code Directory (2019-22","745"
"2019-22","2509","Rugby Club (Women's)","Transfer from Men's Rugby Club settling 2020/21","44446","","X","X201","Finance Code Directory (2019-22","746"
"2019-22","2508","Asia Club","Welcome DimSum Brunch","44472","","X","X103","Finance Code Directory (2019-22","747"
"2019-22","2507","Future of Mobility Club (Automotive)","Future of Mobility Club Kick Off","44462","","X","X445","Finance Code Directory (2019-22","748"
"2019-22","2506","Private Equity & Venture Capital Club","PE Summer Intern Panel","44461","","X","X167","Finance Code Directory (2019-22","749"
"2019-22","2505","Private Equity & Venture Capital Club","Not set up - duplicate of 2506","","","","","Finance Code Directory (2019-22","750"
"2019-22","2504","Out in Business Club","OiB Kick Off","44461","","X","X165","Finance Code Directory (2019-22","751"
"2019-22","2503","Rugby Club (Men's)","Leopards Balances Outstanding","44445","44743","X","X177","Finance Code Directory (2019-22","752"
"2019-22","2502","People Strategy Club","ExCo Socials 2021-22","44516","44712","X","X491","Finance Code Directory (2019-22","753"
"2019-22","2501","Cycling Club","LBS Cycling Club Kick Off 2021","44452","","X","X351","Finance Code Directory (2019-22","754"
"2019-22","2500","Africa Club","EXCO Teams social events","44440","44673","X","X105","Finance Code Directory (2019-22","755"
"2019-22","2499","Africa Club","Club member social events","44445","44680","X","X105","Finance Code Directory (2019-22","756"
"2019-22","2498","Turnaround Management and Restructuring Club","Turnaround & Restructuring Club Kick-off Presentation 2021/22","44462","","X","X305","Finance Code Directory (2019-22","757"
"2019-22","2497","Impact Consulting Club","Fall Projects 2021-22","44451","44530","S","S386","Finance Code Directory (2019-22","758"
"2019-22","2496","Rugby Club (Women's)","WTRC Kick Off 21/22","44466","","X","X201","Finance Code Directory (2019-22","759"
"2019-22","2495","Entrepreneurship Club","Entrepreneurship Club Kickoff","44460","","X","X121","Finance Code Directory (2019-22","760"
"2019-22","2494","Rugby Club (Men's)","Kick Off Event 2021","44454","","X","X177","Finance Code Directory (2019-22","761"
"2019-22","2493","Rugby Club (Men's)","Early Careers Alumni Events","44454","44757","X","X177","Finance Code Directory (2019-22","762"
"2019-22","2492","Rugby Club (Women's)","Pitch Reservations 21/22","44460","44765","X","X201","Finance Code Directory (2019-22","763"
"2019-22","2491","Rugby Club (Women's)","WTRC Fall Bar Crawl w/ Hawaiians","44460","","S","S200","Finance Code Directory (2019-22","764"
"2019-22","2490","Rugby Club (Men's)","Game day food and beverage at the Windsor","44436","44744","X","X177","Finance Code Directory (2019-22","765"
"2019-22","3002","Acting Club","Hiring of The Playground for an acting club performance","44665","44666","S","S230","Finance Code Directory (2019-22","766"
"2019-22","3117","Acting Club","Lion King Trek","44706","44707","S","S230","Finance Code Directory (2019-22","767"
"2019-22","2487","Japan Club","Kick off 2021/22","44462","","X","X147","Finance Code Directory (2019-22","768"
"2019-22","2486","Football Club (Men's)","Subscription 2021/22","44441","44500","X","X127","Finance Code Directory (2019-22","769"
"2019-22","2485","Cycling Club","LBS to Paris Cycle Trek 2021","44477","44479","X","X351","Finance Code Directory (2019-22","770"
"2019-22","2484","Social Impact Club","Exco_Social for new joiners","44489","","X","X159","Finance Code Directory (2019-22","771"
"2019-22","2483","Out in Business Club","Rainbow PartyPoar","44461","","X","X165","Finance Code Directory (2019-22","772"
"2019-22","2482","Out in Business Club","Coming Out Week","44480","44484","X","X165","Finance Code Directory (2019-22","773"
"2019-22","2481","Out in Business Club","Eurout 2021","44518","44520","S","S164","Finance Code Directory (2019-22","774"
"2019-22","2480","Partners Club","Welcome BBQ MBA 2023","44429","","X","X163","Finance Code Directory (2019-22","775"
"2019-22","2479","Germany Switzerland & Austria Club","Oktoberfest: London Edition","44474","","X","X133","Finance Code Directory (2019-22","776"
"2019-22","2478","Rugby Club (Men's)","Sundowners","44455","44773","X","X177","Finance Code Directory (2019-22","777"
"2019-22","2477","Private Equity & Venture Capital Club","PE/VC Networking Drinks","44466","","S","S166","Finance Code Directory (2019-22","778"
"2019-22","2476","Central","Club Fair","44441","","X","X101","Finance Code Directory (2019-22","779"
"2019-22","2475","Central","Sponsoring first Sundowners","44441","","X","X101","Finance Code Directory (2019-22","780"
"2019-22","2474","Investment Management Club","Gunjan Kedia from US Bancorp","44442","","X","X229","Finance Code Directory (2019-22","781"
"2019-22","2472","Latam Club","Back to School Party","44463","","S","S150","Finance Code Directory (2019-22","782"
"2019-22","2471","Squash Club","Squash 2021 Kick Off","44467","","X","X189","Finance Code Directory (2019-22","783"
"2019-22","2470","Latam Club","LatAm Jackets and Fleece Sell","44427","44433","S","S150","Finance Code Directory (2019-22","784"
"2019-22","2469","Latam Club","Tattoo Presentation","44413","","S","S150","Finance Code Directory (2019-22","785"
"2019-22","2468","MMA Society","MMA Society Introductory Meeting","44449","","X","X499","Finance Code Directory (2019-22","786"
"2019-22","2467","Rugby Club (Women's)","Exco - Handoff Drinks","44431","","X","X201","Finance Code Directory (2019-22","787"
"2019-22","3118","Acting Club","Stand up and Improv Showcase","44665","44666","S","S230","Finance Code Directory (2019-22","788"
"2019-22","2464","Central","New admits stream socials","44426","","X","X101","Finance Code Directory (2019-22","789"
"2019-22","2463","Rugby Club (Women's)","Mixed Touch Rugby Summer League","44426","44468","X","X201","Finance Code Directory (2019-22","790"
"2019-22","2462","Australia and New Zealand Club","Tattoo 2022","44413","","S","S348","Finance Code Directory (2019-22","791"
"2019-22","2461","Retail & Luxury Goods Club","User your master's degree to transition into Retail, Luxury & FMCG","44431","","X","X325","Finance Code Directory (2019-22","792"
"2019-22","2460","India Club","India Club Mixer at Lord Wargrave","44436","","X","X137","Finance Code Directory (2019-22","793"
"2019-22","2459","Sundowners","Sundowners Sponsorship","44440","44804","X","X443","Finance Code Directory (2019-22","794"
"2019-22","2458","Sundowners","Event PO's","44389","","X","X443","Finance Code Directory (2019-22","795"
"2019-22","2457","Women in Business Club","WiB Kick-off 2021","44461","","X","X199","Finance Code Directory (2019-22","796"
"2019-22","2456","Sundowners","Exco - Uniforms for crew","44411","","X","X443","Finance Code Directory (2019-22","797"
"2019-22","2455","Sundowners","Exco - Roadmap Brunch","44408","","X","X443","Finance Code Directory (2019-22","798"
"2019-22","2454","Sundowners","Exco - Planning Kickoff Windsor drinks","44407","","X","X443","Finance Code Directory (2019-22","799"
"2019-22","2453","Rugby Club (Men's)","GAYE Donations - Sponsorship","44404","44377","S","S176","Finance Code Directory (2019-22","800"
"2019-22","2452","Latam Club","Final MBA 2021 Party","44407","","X","X151","Finance Code Directory (2019-22","801"
"2019-22","2451","Women in Business Club","WIB Tattoo Photo Booth","44413","","S","S198","Finance Code Directory (2019-22","802"
"2019-22","2450","Women in Business Club","WiB Initiations 2021/22","44394","","X","X199","Finance Code Directory (2019-22","803"
"2019-22","2449","Israel Club","Dan Ziv Speaker Event","44466","","X","X143","Finance Code Directory (2019-22","804"
"2019-22","2448","Central","Small Project Fund","44044","44408","X","X101","Finance Code Directory (2019-22","805"
"2019-22","2447","Central","Club Debt Forgiveness","44378","44408","X","X101","Finance Code Directory (2019-22","806"
"2019-22","2445","Basketball Club","Training","44317","44377","X","X107","Finance Code Directory (2019-22","807"
"2019-22","2444","Basketball Club","Equipment","44317","","X","X107","Finance Code Directory (2019-22","808"
"2019-22","2443","Investment Management Club","IMC Speaker Suni Harford","44412","","X","X229","Finance Code Directory (2019-22","809"
"2019-22","2442","Black in Business Club","Marketing Consultant Services","44348","44377","X","X503","Finance Code Directory (2019-22","810"
"2019-22","2441","Partners Club","Picnic","44359","","X","X163","Finance Code Directory (2019-22","811"
"2019-22","2439","Rugby Club (Men's)","Sale of Jerseys","44384","44408","S","S176","Finance Code Directory (2019-22","812"
"2019-22","2437","Black in Business Club","Marketing Consultant Services","44317","44347","X","X503","Finance Code Directory (2019-22","813"
"2019-22","2436","Central","Service Level Agreement","44044","44408","X","X101","Finance Code Directory (2019-22","814"
"2019-22","2435","Japan Club","Sponsorship Invoice (Axiom)","44287","44651","S","S146","Finance Code Directory (2019-22","815"
"2019-22","2434","Italian Club","Calcio and Pizza (pt 2)","44379","","S","S144","Finance Code Directory (2019-22","816"
"2019-22","2433","Central & Eastern Europe Club","CEE Club and Russia Club Social Sunday","44374","","X","X117","Finance Code Directory (2019-22","817"
"2019-22","2432","Family Business Club","FBC Merchandise Giveaway","44378","","X","X307","Finance Code Directory (2019-22","818"
"2019-22","2431","Central","S100","44377","44408","S","S100","Finance Code Directory (2019-22","819"
"2019-22","2430","French Club","French Trek 2020 late expense claim","43890","43892","X","X131","Finance Code Directory (2019-22","820"
"2019-22","2429","French Club","French Trek 2020 late expense claim","43890","43892","X","X131","Finance Code Directory (2019-22","821"
"2019-22","2428","Turnaround Management and Restructuring Club","Interpath Advisory Graduate Recruitment presentation","44375","","X","X305","Finance Code Directory (2019-22","822"
"2019-22","2427","Football Club (Men's)","Pitch rental","44368","44925","X","X127","Finance Code Directory (2019-22","823"
"2019-22","2426","Football Club (Men's)","Transport football equipment","44368","44925","X","X127","Finance Code Directory (2019-22","824"
"2019-22","2425","Snow Club","Team dinner","44342","","X","X185","Finance Code Directory (2019-22","825"
"2019-22","2424","Italian Club","Italy football match","44374","","S","S144","Finance Code Directory (2019-22","826"
"2019-22","2422","Rugby Club (Women's)","Summer Touch League","44368","44424","X","X201","Finance Code Directory (2019-22","827"
"2019-22","2421","Japan Club","Japanese Song Karaoke Night","44373","","X","X147","Finance Code Directory (2019-22","828"
"2019-22","2420","Brazil Club","ExCo Transition lunch","44343","","X","X291","Finance Code Directory (2019-22","829"
"2019-22","2419","Latam Club","Sundowners by Mertizo","44350","","X","X151","Finance Code Directory (2019-22","830"
"2019-22","2418","Latam Club","Networking LBS, Oxford and Cambridge","44338","","X","X151","Finance Code Directory (2019-22","831"
"2019-22","2417","Infrastructure & Construction Club","ExCo handover meeting","44361","","X","X421","Finance Code Directory (2019-22","832"
"2019-22","2416","Private Equity & Venture Capital Club","ETA - NCA ETA Prog","44399","","X","X167","Finance Code Directory (2019-22","833"
"2019-22","2415","Badminton Club","Weekly badminton club sessions","44612","44654","X","X207","Finance Code Directory (2019-22","834"
"2019-22","2414","Rugby Club (Women's)","WRTC Elections","44369","","X","X201","Finance Code Directory (2019-22","835"
"2019-22","2411","India Club","India Club Covid Fundraiser","44314","44343","X","X137","Finance Code Directory (2019-22","836"
"2019-22","2410","Squash Club","Squash 2021 Kick Off","44359","","X","X189","Finance Code Directory (2019-22","837"
"2019-22","2409","Football Club (Men's)","Southward Stars Disability FC yearly fundraiser","44354","44407","X","X127","Finance Code Directory (2019-22","838"
"2019-22","2408","Entrepreneurship Club","Guest speaker gift","44343","44374","X","X121","Finance Code Directory (2019-22","839"
"2019-22","2407","Black in Business Club","BiB picnic","44347","","S","S502","Finance Code Directory (2019-22","840"
"2019-22","2406","Board Games Club","Chess Tournament","44297","","X","X397","Finance Code Directory (2019-22","841"
"2019-22","2405","Black in Business Club","BiB picnic travel expenses","44347","","S","S502","Finance Code Directory (2019-22","842"
"2019-22","2403","Black in Business Club","BiB picnic","44347","","S","S502","Finance Code Directory (2019-22","843"
"2019-22","2402","Swimming Club","ExCo transition dinner","44336","","X","X193","Finance Code Directory (2019-22","844"
"2019-22","2401","Corporate Leadership Club","ExCo end of year social","44344","","X","X209","Finance Code Directory (2019-22","845"
"2019-22","2400","Israel Club","ExCo Social","44343","","X","X143","Finance Code Directory (2019-22","846"
"2019-22","2399","Tech & Media Club","Media Week belated drinks","44343","","X","X213","Finance Code Directory (2019-22","847"
"2019-22","2398","Foodie Club","Restaurant Series Indoor Edition at Noble Rot","44348","","S","S460","Finance Code Directory (2019-22","848"
"2019-22","2397","Australia and New Zealand Club","ANZ end of year brunch","44336","","X","X349","Finance Code Directory (2019-22","849"
"2019-22","2396","Private Equity & Venture Capital Club","Networking drinks","44355","","S","S166","Finance Code Directory (2019-22","850"
"2019-22","2395","Brazil Club","Graduation Party","44383","","S","S290","Finance Code Directory (2019-22","851"
"2019-22","2394","Tech & Media Club","Networking drinks","44344","","X","X213","Finance Code Directory (2019-22","852"
"2019-22","2393","Consulting Club","Digital Case Competition","44287","44346","X","X115","Finance Code Directory (2019-22","853"
"2019-22","2392","Tennis Club","Indoor Court Booking","44075","44141","X","X221","Finance Code Directory (2019-22","854"
"2019-22","2391","Central","Sundowners 2020/21","44409","44408","X","X101","Finance Code Directory (2019-22","855"
"2019-22","2390","Central","Mental Health Week","44332","44338","X","X101","Finance Code Directory (2019-22","856"
"2019-22","2389","Summer Ball 2021","Summer Ball 2021","44339","","S","S488","Finance Code Directory (2019-22","857"
"2019-22","2388","Women in Business Club","Mentorship Programme closing event","44371","","X","X199","Finance Code Directory (2019-22","858"
"2019-22","2387","Partners Club","Boot Camp Fitness in the Park","44331","","X","X162","Finance Code Directory (2019-22","859"
"2019-22","2386","Cycling Club","Box Hill ride","44303","","X","X351","Finance Code Directory (2019-22","860"
"2019-22","2385","Tattoo 2021","Tattoo 2021","44413","","S","S506","Finance Code Directory (2019-22","861"
"2019-22","2384","Spanish Club","Exco drinks","44335","","X","X187","Finance Code Directory (2019-22","862"
"2019-22","2383","Foodie Club","ExCo Social lunch","44335","","X","X459","Finance Code Directory (2019-22","863"
"2019-22","2382","Commodities Club","The start of a new super cycle","44342","","X","X409","Finance Code Directory (2019-22","864"
"2019-22","2381","Foodie Club","Sun's out Fun's out restaurant series Kanighka","44341","","S","S460","Finance Code Directory (2019-22","865"
"2019-22","2380","Japan Club","Sponsor Business - Paradigm","44287","44651","S","S146","Finance Code Directory (2019-22","866"
"2019-22","2379","Black in Business Club","Marketing Consultant Services","44287","44316","X","X503","Finance Code Directory (2019-22","867"
"2019-22","2376","Rugby Club (Women's)","ExCo social","44330","","X","X201","Finance Code Directory (2019-22","868"
"2019-22","2375","Social Impact Club","club socials (picnics)","44287","44331","X","X159","Finance Code Directory (2019-22","869"
"2019-22","2374","Black in Business Club","Style Guide & Asset Presentation","44323","","X","X503","Finance Code Directory (2019-22","870"
"2019-22","2373","Golf Club","Team Building","44329","","X","X135","Finance Code Directory (2019-22","871"
"2019-22","2372","Black in Business Club","Marketing Consultant Services","44287","44316","X","X503","Finance Code Directory (2019-22","872"
"2019-22","2371","Black in Business Club","BiB SVPS & MBA 22 meet up","44302","","X","X503","Finance Code Directory (2019-22","873"
"2019-22","2370","Latam Club","Taco Party","44336","","X","X151","Finance Code Directory (2019-22","874"
"2019-22","2368","Spanish Club","Ibiza Trek","44454","44458","X","X187","Finance Code Directory (2019-22","875"
"2019-22","2367","Private Equity & Venture Capital Club","ETA Conference","44348","44349","X","X167","Finance Code Directory (2019-22","876"
"2019-22","2366","Sailing Club","ExCo dinner","44340","","X","X181","Finance Code Directory (2019-22","877"
"2019-22","2365","Japan Club","Sponsor (Edogijyuku)","44287","44651","S","S146","Finance Code Directory (2019-22","878"
"2019-22","2364","Foodie Club","Restaurant Series Indoor Edition at Portland","44327","44336","S","S460","Finance Code Directory (2019-22","879"
"2019-22","2363","Australia and New Zealand Club","ANZ Brunch","44336","","X","X349","Finance Code Directory (2019-22","880"
"2019-22","2362","Private Equity & Venture Capital Club","LBO Modeling Workshop","44330","44331","X","X167","Finance Code Directory (2019-22","881"
"2019-22","2360","Entrepreneurship Club","ExCo First Team Event","44328","","X","X121","Finance Code Directory (2019-22","882"
"2019-22","2359","Entrepreneurship Club","Team Event - Founders Book","44282","","X","X121","Finance Code Directory (2019-22","883"
"2019-22","2358","Japan Club","Sake Furoshiki Event","44329","44330","S","S146","Finance Code Directory (2019-22","884"
"2019-22","2357","People Strategy Club","Graphic Faciliation in Business Workshop","44348","","X","X491","Finance Code Directory (2019-22","885"
"2019-22","2356","Japan Club","Sponsor (PWC)","44287","44651","S","S146","Finance Code Directory (2019-22","886"
"2019-22","2355","Japan Club","Sponsor (BCG)","44287","44651","S","S146","Finance Code Directory (2019-22","887"
"2019-22","2354","Italian Club","Exco Dinner","44313","44343","X","X145","Finance Code Directory (2019-22","888"
"2019-22","2353","Future of Mobility Club (Automotive)","VC Panel Event","44334","","X","X445","Finance Code Directory (2019-22","889"
"2019-22","2352","India Club","LinkedIn Photoshoot 2021","44338","","S","S136","Finance Code Directory (2019-22","890"
"2019-22","2351","Women in Business Club","Exco - WiB Brunch","44331","44332","X","X199","Finance Code Directory (2019-22","891"
"2019-22","2350","Foodie Club","Bingo Challenge","44232","44260","X","X459","Finance Code Directory (2019-22","892"
"2019-22","2349","Private Equity & Venture Capital Club","Entrepreneurship within the PE market","44329","","X","X167","Finance Code Directory (2019-22","893"
"2019-22","2348","North America Club","Sundowners hosted by NA Club","44357","44358","X","X161","Finance Code Directory (2019-22","894"
"2019-22","2347","North America Club","Exco Year End Social","44339","44366","X","X161","Finance Code Directory (2019-22","895"
"2019-22","2345","Consulting Club","Exco - Bubble Football Social","44336","44341","X","X115","Finance Code Directory (2019-22","896"
"2019-22","2344","Family Business Club","Virtual Wine Tasting with Marchesi Antonori - Allegra Antonori","44328","","S","S306","Finance Code Directory (2019-22","897"
"2019-22","2343","Foodie Club","LBS FoodTech Founders: First Steps","44329","","X","X459","Finance Code Directory (2019-22","898"
"2019-22","2342","Brazil Club","Brazil Club meeting with Exco Event","44336","","X","X291","Finance Code Directory (2019-22","899"
"2019-22","2341","Private Equity & Venture Capital Club","ETA Student Internal Panel","44320","","X","X167","Finance Code Directory (2019-22","900"
"2019-22","2340","Women in Business Club","Demystifying Finance : Black & Femail","44322","","X","X199","Finance Code Directory (2019-22","901"
"2019-22","2339","Infrastructure & Construction Club","The Future of Infrastructure","44321","","X","X421","Finance Code Directory (2019-22","902"
"2019-22","2338","Football Club (Men's)","Go Karting","44316","44328","S","S126","Finance Code Directory (2019-22","903"
"2019-22","2337","Football Club (Men's)","UK University Super League","44315","44408","X","X127","Finance Code Directory (2019-22","904"
"2019-22","2336","Central & Eastern Europe Club","CEE Club Spring catch up","44317","","X","X117","Finance Code Directory (2019-22","905"
"2019-22","2335","Military in Business Club","Speaker Event","44292","","X","X363","Finance Code Directory (2019-22","906"
"2019-22","2334","Private Equity & Venture Capital Club","Tel Aviv Trek","44298","","X","X167","Finance Code Directory (2019-22","907"
"2019-22","2333","French Club","French Trek","29/2/21","44285","X","X131","Finance Code Directory (2019-22","908"
"2019-22","2332","French Club","ExCo drinks","44301","","X","X131","Finance Code Directory (2019-22","909"
"2019-22","2331","Volleyball Club","Kit sales","44315","44321","S","S222","Finance Code Directory (2019-22","910"
"2019-22","2330","Portugal Club","Portugal Sailing Trek","44353","44359","X","X299","Finance Code Directory (2019-22","911"
"2019-22","2329","Private Equity & Venture Capital Club","Session with Luc de Leyvitz","44328","","X","X167","Finance Code Directory (2019-22","912"
"2019-22","2328","Private Equity & Venture Capital Club","Investing in Challenger Brands","44326","","X","X167","Finance Code Directory (2019-22","913"
"2019-22","2327","Private Equity & Venture Capital Club","ESG in VC","44357","","X","X167","Finance Code Directory (2019-22","914"
"2019-22","2326","Foodie Club","Foodie club dining @ El Pastor","44327","","S","S460","Finance Code Directory (2019-22","915"
"2019-22","2325","Travel & Hospitality Society","Virtual Trek","44315","44316","X","","Finance Code Directory (2019-22","916"
"2019-22","2323","Latam Club","Latam Business Forum Celebration","44310","","X","X151","Finance Code Directory (2019-22","917"
"2019-22","2322","Portugal Club","Dinner at Portuguese Restaurant","44313","","S","S298","Finance Code Directory (2019-22","918"
"2019-22","2321","Women in Business Club","ExCo Senior meeting","44316","","X","X199","Finance Code Directory (2019-22","919"
"2019-22","2320","Asia Club","ExCo dinner","44312","","X","X103","Finance Code Directory (2019-22","920"
"2019-22","2319","Out in Business Club","OiB ExCo social","44335","","X","X165","Finance Code Directory (2019-22","921"
"2019-22","2318","India Club","Covid Fundraiser - India Club 2021","44330","","X","X137","Finance Code Directory (2019-22","922"
"2019-22","2317","Wine & Spirit Club","Mate App Launch Event WSC","44357","","X","X225","Finance Code Directory (2019-22","923"
"2019-22","2316","Design & Innovation Club","Roger Martin token of appreciation","44312","44316","X","X425","Finance Code Directory (2019-22","924"
"2019-22","2315","Design & Innovation Club","LBS Build gift for external partners","44312","44314","X","X425","Finance Code Directory (2019-22","925"
"2019-22","2314","Design & Innovation Club","ExCo builds apprciation","44312","44314","X","X425","Finance Code Directory (2019-22","926"
"2019-22","2313","Private Equity & Venture Capital Club","Boats in the Canal social","44323","44337","X","X167","Finance Code Directory (2019-22","927"
"2019-22","2312","Japan Club","Pop Culture Event","44343","","X","X147","Finance Code Directory (2019-22","928"
"2019-22","2311","Wine & Spirit Club","WSET Level 2","44331","44352","S","S224","Finance Code Directory (2019-22","929"
"2019-22","2310","Wine & Spirit Club","WSET Level 1","44331","","S","S224","Finance Code Directory (2019-22","930"
"2019-22","2308","Black in Business Club","BIB SVPS & MBA 22 meet up","44302","","X","X503","Finance Code Directory (2019-22","931"
"2019-22","2307","Turnaround Management and Restructuring Club","Spec Situation Funds : Round Table","44314","","X","X305","Finance Code Directory (2019-22","932"
"2019-22","2306","Latam Club","Picnic - Summer 2021","44330","","X","X151","Finance Code Directory (2019-22","933"
"2019-22","2305","Foodie Club","LBS Cookbook sale","44310","44324","S","X459","Finance Code Directory (2019-22","934"
"2019-22","2304","Finance Club","Exco Meeting","44314","","X","X125","Finance Code Directory (2019-22","935"
"2019-22","2303","Rugby Club (Men's)","Alumni Day","44338","","X","X177","Finance Code Directory (2019-22","936"
"2019-22","2302","Central","Annual audit","","","X","X101","Finance Code Directory (2019-22","937"
"2019-22","2301","Consulting Club","Consulting to VC/Q&A Event","44318","44324","X","X115","Finance Code Directory (2019-22","938"
"2019-22","2299","Italian Club","Rome Virtual Tour","44309","","X","X145","Finance Code Directory (2019-22","939"
"2019-22","2298","Turnaround Management and Restructuring Club","Restruct Mod workshop with AMT","44312","","X","X305","Finance Code Directory (2019-22","940"
"2019-22","2297","Private Equity & Venture Capital Club","London PE Trek","44309","","X","X167","Finance Code Directory (2019-22","941"
"2019-22","2296","Cycling Club","Repair Stand","44309","","X","X351","Finance Code Directory (2019-22","942"
"2019-22","2295","Football Club (Men's)","Interstream 2021","44337","","X","X127","Finance Code Directory (2019-22","943"
"2019-22","2294","Women in Business Club","Chat with Barbara Sturm","44222","","X","X199","Finance Code Directory (2019-22","944"
"2019-22","2293","Japan Club","Sponsor (Round One Admissions Consulting)","44287","44651","S","S146","Finance Code Directory (2019-22","945"
"2019-22","2292","Healthcare Club","ExCo post HCC dinner","44302","","X","X109","Finance Code Directory (2019-22","946"
"2019-22","2291","Japan Club","Sponsor (John Couke)","44287","44651","S","S146","Finance Code Directory (2019-22","947"
"2019-22","2290","Private Equity & Venture Capital Club","PE/VC club socials","44305","44361","S","S166","Finance Code Directory (2019-22","948"
"2019-22","2289","Tech & Media Club","Tech for non techies","44324","","X","X213","Finance Code Directory (2019-22","949"
"2019-22","2288","Rugby Club (Women's)","Brunch with Alumni","44331","","X","X201","Finance Code Directory (2019-22","950"
"2019-22","2287","Rugby Club (Women's)","Beer Olympics","44313","","X","X201","Finance Code Directory (2019-22","951"
"2019-22","2286","Foodie Club","Portuguese Wine Tasting","44315","","S","S460","Finance Code Directory (2019-22","952"
"2019-22","2284","Portugal Club","Portugal Club CV book","44305","44309","X","X299","Finance Code Directory (2019-22","953"
"2019-22","2283","Tech & Media Club","Elevate ExCo social","44308","","X","X213","Finance Code Directory (2019-22","954"
"2019-22","2282","Foodie Club","Lunch Event","44315","","X","X459","Finance Code Directory (2019-22","955"
"2019-22","2261","Central & Eastern Europe Club","CEE speaker series - Gordon Bajnai","44263","","X","X117","Finance Code Directory (2019-22","956"
"2019-22","2281","Corporate Leadership Club","Exco - Jefferson Dinner","44294","","X","X209","Finance Code Directory (2019-22","957"
"2019-22","2280","Germany Switzerland & Austria Club","DACH Cultural Dinner (Stammtisch)","44314","","X","X133","Finance Code Directory (2019-22","958"
"2019-22","2279","Rugby Club (Women's)","Spring League","44305","44363","X","X201","Finance Code Directory (2019-22","959"
"2019-22","2278","Rugby Club (Women's)","Great Leap Off","44249","44271","X","X201","Finance Code Directory (2019-22","960"
"2019-22","2277","Rugby Club (Women's)","UK Tour","44342","44346","X","X201","Finance Code Directory (2019-22","961"
"2019-22","2276","Rugby Club (Men's)","Summer Tour","44342","44346","X","X177","Finance Code Directory (2019-22","962"
"2019-22","2275","Asia Club","Tech in Asia: Agoda Company Presentation","44306","","X","X103","Finance Code Directory (2019-22","963"
"2019-22","2300","Consulting Club","Consulting to PE/Q&A Event","44311","44317","X","X115","Finance Code Directory (2019-22","964"
"2019-22","2274","Consulting Club","club socials (picnics)","44297","44347","X","X115","Finance Code Directory (2019-22","965"
"2019-22","2273","Foodie Club","Zero-waste lunch with Foodie club and Junee","44298","44302","X","X459","Finance Code Directory (2019-22","966"
"2019-22","2272","Future of Mobility Club (Automotive)","Laka speaker Event","44313","","X","X445","Finance Code Directory (2019-22","967"
"2019-22","2271","Japan Club","Special Rakugo Show","44315","","X","X147","Finance Code Directory (2019-22","968"
"2019-22","2270","Women in Business Club","Personal Development Masterclass on Cultivating Your Personal Brand with Lea Stendahl","44305","","X","X199","Finance Code Directory (2019-22","969"
"2019-22","2269","Black in Business Club","Marketing Consultant Services","44256","44286","X","X503","Finance Code Directory (2019-22","970"
"2019-22","2268","Energy & Environment Club","2021 Cleantech Challenge Bootcamp Kickoff and Startup Panel","44309","","X","X119","Finance Code Directory (2019-22","971"
"2019-22","2267","Infrastructure & Construction Club","Project Finance Modelling: Basic Modelling (Day 3)","44310","","X","X421","Finance Code Directory (2019-22","972"
"2019-22","2265","Latam Club","Latin America Business Forum LABF 2021","44305","44306","X","X151","Finance Code Directory (2019-22","973"
"2019-22","2264","Entrepreneurship Club","Reimbursement for charging former eClub Co-President (squarespace membership)","44163","","X","X121","Finance Code Directory (2019-22","974"
"2019-22","2263","Healthcare Club","ExCo April team dinner","44297","","X","X109","Finance Code Directory (2019-22","975"
"2019-22","2262","Germany Switzerland & Austria Club","DACH Go Boat Tour","44318","","S","S132","Finance Code Directory (2019-22","976"
"2019-22","2260","Japan Club","sponsor (AT Kearney)","44287","44651","S","S146","Finance Code Directory (2019-22","977"
"2019-22","2259","Japan Club","sponsor (Career Incubation)","44287","44651","S","S146","Finance Code Directory (2019-22","978"
"2019-22","2258","Japan Club","sponsor (London-Tokyo Property Services)","44287","44651","S","S146","Finance Code Directory (2019-22","979"
"2019-22","2257","Hellenic Club","Greek Trek 2021","44443","44450","X","X267","Finance Code Directory (2019-22","980"
"2019-22","2256","Snow Club","Snow Club x Swim Club Present Dodgeball","44317","","X","X185","Finance Code Directory (2019-22","981"
"2019-22","2255","Wine & Spirit Club","Regent's Park Pub Crawl","44296","","X","X225","Finance Code Directory (2019-22","982"
"2019-22","2254","Foodie Club","Back to Basics Cooking Series","44260","","X","X459","Finance Code Directory (2019-22","983"
"2019-22","2253","Women in Business Club","HeForShe UN Women UK workshop","44309","","X","X199","Finance Code Directory (2019-22","984"
"2019-22","2252","Partners Club","Drinks at Windsor Castle pub","44328","","X","X162","Finance Code Directory (2019-22","985"
"2019-22","2251","Private Equity & Venture Capital Club","Case Interview session 2","44296","","X","X167","Finance Code Directory (2019-22","986"
"2019-22","2250","Private Equity & Venture Capital Club","Case Interview session 1","44292","","X","X167","Finance Code Directory (2019-22","987"
"2019-22","2249","Cycling Club","LBSCC Spring Kit","44285","44302","S","S350","Finance Code Directory (2019-22","988"
"2019-22","2248","Turnaround Management and Restructuring Club","Restructuring Markets","44292","","X","X305","Finance Code Directory (2019-22","989"
"2019-22","2247","Turnaround Management and Restructuring Club","Restructuring Case Study Kirkland & Ellis","44306","","X","X305","Finance Code Directory (2019-22","990"
"2019-22","2246","Rugby Club (Men's)","Summer Touch Rugby","44285","44408","X","X177","Finance Code Directory (2019-22","991"
"2019-22","2245","Turnaround Management and Restructuring Club","Alix Partners Case Study","44301","","X","X305","Finance Code Directory (2019-22","992"
"2019-22","2244","Japan Club","Sponsorship (Adam Markus)","44287","44651","S","S146","Finance Code Directory (2019-22","993"
"2019-22","2243","Japan Club","Sponsorship (Agos)","44287","44651","S","S146","Finance Code Directory (2019-22","994"
"2019-22","2242","Japan Club","Sponosrship (Antelope)","44287","44651","S","S146","Finance Code Directory (2019-22","995"
"2019-22","2241","Central","SA Scavenger Hunt","44256","44408","X","X101","Finance Code Directory (2019-22","996"
"2019-22","2240","Private Equity & Venture Capital Club","changing Landscape in VC","44301","","X","X167","Finance Code Directory (2019-22","997"
"2019-22","2239","Israel Club","Women in Tech - The Story of She Codes","44294","","X","X143","Finance Code Directory (2019-22","998"
"2019-22","2238","Turnaround Management and Restructuring Club","Mid Market Restructuring Case Study","44286","","X","X305","Finance Code Directory (2019-22","999"
"2019-22","2237","China Club","ExCo Social","44271","","X","X271","Finance Code Directory (2019-22","1000"
"2019-22","2236","Germany Switzerland & Austria Club","Fireside Chat Prof Dr. Hendrik Streeck","44292","","X","X133","Finance Code Directory (2019-22","1001"
"2019-22","2235","Portugal Club","Prof CV/Linkedin Photoshott","44285","44287","S","S298","Finance Code Directory (2019-22","1002"
"2019-22","2234","Retail & Luxury Goods Club","RLG conference 2021","44252","","X","X325","Finance Code Directory (2019-22","1003"
"2019-22","2233","Brazil Club","Brazil Club x Foodie Club: Niqyeca Cooking Class with Junior Menezes","44293","","X","X291","Finance Code Directory (2019-22","1004"
"2019-22","2232","Women in Business Club","Female VC mixer","44284","","X","X199","Finance Code Directory (2019-22","1005"
"2019-22","2231","Women in Business Club","Demystifying Finance","44285","","X","X199","Finance Code Directory (2019-22","1006"
"2019-22","2229","Art & Business Club","Artfair - Pottery workshop","44315","","S","S268","Finance Code Directory (2019-22","1007"
"2019-22","2228","Art & Business Club","Artfair - Embroidery Workshop","44314","","S","S268","Finance Code Directory (2019-22","1008"
"2019-22","2227","Future of Mobility Club (Automotive)","Internal Transfer re joint club event","44275","","X","X445","Finance Code Directory (2019-22","1009"
"2019-22","2226","North America Club","Sprint Picnic Swag sale","44275","44291","S","S160","Finance Code Directory (2019-22","1010"
"2019-22","2225","Japan Club","Sponsorship (Affinity)","44197","44286","S","S146","Finance Code Directory (2019-22","1011"
"2019-22","2223","Art & Business Club","Artfair Photography workshop","44316","","S","S268","Finance Code Directory (2019-22","1012"
"2019-22","2222","Design & Innovation Club","ExCo Build social","44288","","X","X425","Finance Code Directory (2019-22","1013"
"2019-22","2220","Design & Innovation Club","Exco Summer Socials","44298","44377","X","X425","Finance Code Directory (2019-22","1014"
"2019-22","2219","Art & Business Club","Artfair Exhibition","44313","","X","X269","Finance Code Directory (2019-22","1015"
"2019-22","2218","Private Equity & Venture Capital Club","ETA - Raising a Search Fund","44279","","X","X167","Finance Code Directory (2019-22","1016"
"2019-22","2217","Private Equity & Venture Capital Club","Challenges in ETA & How to Overcome Them","44285","","X","X167","Finance Code Directory (2019-22","1017"
"2019-22","2216","Spanish Club","CENA ExCo Madrid","44272","","X","X187","Finance Code Directory (2019-22","1018"
"2019-22","2215","Art & Business Club","Artfair Kick off","44312","","X","X269","Finance Code Directory (2019-22","1019"
"2019-22","2214","Foodie Club","The Future of Food","44287","","X","X459","Finance Code Directory (2019-22","1020"
"2019-22","2213","Running Club","Running Club Kit 2021","44256","44285","S","S178","Finance Code Directory (2019-22","1021"
"2019-22","2212","Latam Club","ExCo Boating","44311","","S","S150","Finance Code Directory (2019-22","1022"
"2019-22","2211","Volunteers Club","ExCo Events","44274","44377","X","X355","Finance Code Directory (2019-22","1023"
"2019-22","2210","North America Club","March Madness Bracket Competition","44270","44286","X","X161","Finance Code Directory (2019-22","1024"
"2019-22","2209","Investment Management Club","IMC Career Series Asset Allocators","44278","","X","X229","Finance Code Directory (2019-22","1025"
"2019-22","2208","Investment Management Club","IMC Speaker PIMCO","44280","","X","X229","Finance Code Directory (2019-22","1026"
"2019-22","2207","Germany Switzerland & Austria Club","Merchandise sales","44270","44277","S","S132","Finance Code Directory (2019-22","1027"
"2019-22","2205","Investment Management Club","IMC Investment Competition","44273","44365","S","S228","Finance Code Directory (2019-22","1028"
"2019-22","2204","Consulting Club","ExCo Wine Tasting","44266","44270","X","X115","Finance Code Directory (2019-22","1029"
"2019-22","2203","Corporate Leadership Club","Fireside Chat with Marnie Millard","44279","","X","X209","Finance Code Directory (2019-22","1030"
"2019-22","2202","North America Club","Financial Institution Inequality Panel","44263","44276","X","X161","Finance Code Directory (2019-22","1031"
"2019-22","2201","Private Equity & Venture Capital Club","M&A Legal Workstream on PE Aquisitions","44285","","X","X167","Finance Code Directory (2019-22","1032"
"2019-22","2200","Japan Club","Sorakami Sake Tasting","44275","","S","S146","Finance Code Directory (2019-22","1033"
"2019-22","2199","Wine & Spirit Club","Sake Tasting","44275","","S","S224","Finance Code Directory (2019-22","1034"
"2019-22","2198","Future of Mobility Club (Automotive)","Exbotica speaker Event","44336","","X","X445","Finance Code Directory (2019-22","1035"
"2019-22","2197","Future of Mobility Club (Automotive)","Tony Whitehort speaker","44299","","X","X445","Finance Code Directory (2019-22","1036"
"2019-22","2196","Future of Mobility Club (Automotive)","Bolt Speaker Event","44287","","X","X445","Finance Code Directory (2019-22","1037"
"2019-22","2195","Japan Club","Sponsor Jessica King","44287","44651","S","S146","Finance Code Directory (2019-22","1038"
"2019-22","2194","Japan Club","Sponsor Roland Berger","44287","44651","S","S146","Finance Code Directory (2019-22","1039"
"2019-22","2193","Women in Business Club","Website fees","44286","","X","X199","Finance Code Directory (2019-22","1040"
"2019-22","2192","Healthcare Club","Sponsor Novartis","44257","44439","S","S108","Finance Code Directory (2019-22","1041"
"2019-22","2191","Healthcare Club","Sanofi Speaker series","44256","","X","X109","Finance Code Directory (2019-22","1042"
"2019-22","2190","Football Club (Men's)","Training Kit sales","44258","","S","S126","Finance Code Directory (2019-22","1043"
"2019-22","2189","Infrastructure & Construction Club","Project Finance Modelling: Basic Modelling (Day 2)","44269","","X","X421","Finance Code Directory (2019-22","1044"
"2019-22","2188","Infrastructure & Construction Club","Project Finance Modelling: Basic Modelling (Day 1)","44268","","X","X421","Finance Code Directory (2019-22","1045"
"2019-22","2187","Tech & Media Club","TMX ExCo catch up","44256","","X","X213","Finance Code Directory (2019-22","1046"
"2019-22","2186","Asia Club","Tech Scene in SE Asia How Tech Leads Business","44264","","X","X103","Finance Code Directory (2019-22","1047"
"2019-22","2185","Central","General SA Operations","44044","44408","X","X101","Finance Code Directory (2019-22","1048"
"2019-22","2184","Consulting Club","2021 Socially distance Picnics","44292","44377","X","X115","Finance Code Directory (2019-22","1049"
"2019-22","2183","Private Equity & Venture Capital Club","HBS Global Case Comp","44249","","X","X167","Finance Code Directory (2019-22","1050"
"2019-22","2182","Impact Consulting Club","IMPACTathon 2021","44267","","X","X387","Finance Code Directory (2019-22","1051"
"2019-22","2181","Retail & Luxury Goods Club","Website","44044","44408","X","X325","Finance Code Directory (2019-22","1052"
"2019-22","2180","North America Club","Lulu Lemon Event","44258","","X","X161","Finance Code Directory (2019-22","1053"
"2019-22","2179","Asia Club","Lunar New Year Event Cohosting","44228","44255","X","X103","Finance Code Directory (2019-22","1054"
"2019-22","2178","Turnaround Management and Restructuring Club","Breaking into Finance","44265","","X","X305","Finance Code Directory (2019-22","1055"
"2019-22","2177","Tennis Club","2021 Kit Sales","44256","44277","S","S220","Finance Code Directory (2019-22","1056"
"2019-22","2176","Private Equity & Venture Capital Club","LBS Latam VC Panel","44271","","X","X167","Finance Code Directory (2019-22","1057"
"2019-22","2175","Private Equity & Venture Capital Club","Modex PE Certification","44268","","X","X167","Finance Code Directory (2019-22","1058"
"2019-22","2174","Japan Club","Bain & Co Sponsorship","44287","44651","S","S146","Finance Code Directory (2019-22","1059"
"2019-22","2173","Central","SA Treasury Infrastructure","44044","44408","X","X101","Finance Code Directory (2019-22","1060"
"2019-22","2172","Germany Switzerland & Austria Club","PE Workshop by amira","44256","","X","X133","Finance Code Directory (2019-22","1061"
"2019-22","2171","Sports & Business Club","Data Analytic with the sports industry","44252","","X","X275","Finance Code Directory (2019-22","1062"
"2019-22","2170","Partners Club","Online Escape room","44252","","X","X163","Finance Code Directory (2019-22","1063"
"2019-22","2169","Partners Club","Virtual Painting","44259","","X","X163","Finance Code Directory (2019-22","1064"
"2019-22","2168","Private Equity & Venture Capital Club","ETA: from the horse's mouth","44252","","X","X167","Finance Code Directory (2019-22","1065"
"2019-22","2167","Private Equity & Venture Capital Club","Speaker : Edtech SPAC","44259","","X","X167","Finance Code Directory (2019-22","1066"
"2019-22","2166","Spanish Club","Copas Exco Madrid","44240","","X","X187","Finance Code Directory (2019-22","1067"
"2019-22","2165","Private Equity & Venture Capital Club","Speaker : Sebastien Canderle","44249","","X","X167","Finance Code Directory (2019-22","1068"
"2019-22","2164","Private Equity & Venture Capital Club","VC in Space","44253","","X","X167","Finance Code Directory (2019-22","1069"
"2019-22","2163","Middle East Club","Middle East Conference","44267","44268","X","X157","Finance Code Directory (2019-22","1070"
"2019-22","2162","Foodie Club","Couples Challenge San Valentine","44239","44241","X","X459","Finance Code Directory (2019-22","1071"
"2019-22","2161","Art & Business Club","Lydia Fenet talk","44258","","X","X269","Finance Code Directory (2019-22","1072"
"2019-22","2160","Central & Eastern Europe Club","CEE & Foodie Club : Pieroji masterclass","44245","","X","X117","Finance Code Directory (2019-22","1073"
"2019-22","2158","Asia Club","Virtual Poker Tournament","44255","44262","S","S102","Finance Code Directory (2019-22","1074"
"2019-22","2157","Israel Club","Fireside Chat with LGBTech being LGBT in Tech","44256","","X","X143","Finance Code Directory (2019-22","1075"
"2019-22","2156","Private Equity & Venture Capital Club","How to write a thesis in Deep Tech","44251","","X","X167","Finance Code Directory (2019-22","1076"
"2019-22","2155","Private Equity & Venture Capital Club","Rewarding Talent : An ESOP primer","44294","","X","X167","Finance Code Directory (2019-22","1077"
"2019-22","2154","Family Business Club","Honoring the Past but Focusing on the Future","44271","","X","X307","Finance Code Directory (2019-22","1078"
"2019-22","2153","Portugal Club","Patagonai Sweater sale","44239","44242","S","S298","Finance Code Directory (2019-22","1079"
"2019-22","2152","Healthcare Club","Health & Care King's Fund subsidy","44249","44252","X","X109","Finance Code Directory (2019-22","1080"
"2019-22","2151","Energy & Environment Club","Global Energy Summit 2021","44249","44251","X","X119","Finance Code Directory (2019-22","1081"
"2019-22","2150","Future of Mobility Club (Automotive)","Abhijeet - speaker event","44238","","X","X445","Finance Code Directory (2019-22","1082"
"2019-22","2149","Rugby Club (Women's)","Espresso Martini Night","44245","","X","X201","Finance Code Directory (2019-22","1083"
"2019-22","2148","Wine & Spirit Club","WSET Level 1 Refund Processing","44230","44255","X","X225","Finance Code Directory (2019-22","1084"
"2019-22","2147","Rugby Club (Women's)","Kit","44256","44270","X","X201","Finance Code Directory (2019-22","1085"
"2019-22","2146","Private Equity & Venture Capital Club","Multiple X - PE Conference","44323","","X","X167","Finance Code Directory (2019-22","1086"
"2019-22","2145","Private Equity & Venture Capital Club","Multiple X - PE Panel","44274","","X","X167","Finance Code Directory (2019-22","1087"
"2019-22","2144","Private Equity & Venture Capital Club","Multiple X - VC Conference","44323","","X","X167","Finance Code Directory (2019-22","1088"
"2019-22","2143","Private Equity & Venture Capital Club","Multiple X - VC Panel","44307","","X","X167","Finance Code Directory (2019-22","1089"
"2019-22","2142","North America Club","Catan League","44232","44347","S","S160","Finance Code Directory (2019-22","1090"
"2019-22","2141","Private Equity & Venture Capital Club","KKR & GFC Workshop","44252","","X","X167","Finance Code Directory (2019-22","1091"
"2019-22","2140","Social Impact Club","SIIF Website","44234","44255","X","X159","Finance Code Directory (2019-22","1092"
"2019-22","2139","Investment Management Club","Asset Managment Workshop Denny Elliosn","44240","","X","X229","Finance Code Directory (2019-22","1093"
"2019-22","2138","North America Club","1619 podcast series","44253","44316","X","X161","Finance Code Directory (2019-22","1094"
"2019-22","2137","North America Club","Cooking with South Food Scholar","44246","","S","S160","Finance Code Directory (2019-22","1095"
"2019-22","2136","Music Club","LBS Sunset DJ party","44225","","X","X211","Finance Code Directory (2019-22","1096"
"2019-22","2135","Music Club","Music Club DJ party","44185","","X","X211","Finance Code Directory (2019-22","1097"
"2019-22","2134","Music Club","ExCo thankyou brunch","44169","44171","X","X211","Finance Code Directory (2019-22","1098"
"2019-22","2133","Turnaround Management and Restructuring Club","BCG TURN Case Comp Final presentation","44286","","X","X305","Finance Code Directory (2019-22","1099"
"2019-22","2132","Turnaround Management and Restructuring Club","BCG TURN competition Intro Day","44239","","X","X305","Finance Code Directory (2019-22","1100"
"2019-22","2131","Asia Club","Asia Club x LBS perspectives","44245","","X","X103","Finance Code Directory (2019-22","1101"
"2019-22","2130","Infrastructure & Construction Club","Rebel Group Co Presentation","44250","","X","X421","Finance Code Directory (2019-22","1102"
"2019-22","2129","Infrastructure & Construction Club","Allianz Emerging Trends in Infrastructure","44228","","X","X421","Finance Code Directory (2019-22","1103"
"2019-22","2128","Sports & Business Club","Breaking into the world of Sports Business","44235","","X","X275","Finance Code Directory (2019-22","1104"
"2019-22","2127","Italian Club","Speaker Cristina Scocchia","44217","","X","X145","Finance Code Directory (2019-22","1105"
"2019-22","2126","Volunteers Club","LBS4London","44197","44316","X","X355","Finance Code Directory (2019-22","1106"
"2019-22","2125","Retail & Luxury Goods Club","RLGC Luxury Stategy Series","44237","","X","X325","Finance Code Directory (2019-22","1107"
"2019-22","2124","Japan Club","Meet the star Flying Car startup Skydrive!!!","44209","","X","X147","Finance Code Directory (2019-22","1108"
"2019-22","2123","Turnaround Management and Restructuring Club","COVID-21 present & future of Corporate Turnaround","44229","","X","X305","Finance Code Directory (2019-22","1109"
"2019-22","2122","Germany Switzerland & Austria Club","Talk by Marco Adelt (Founder of CLARK)","44230","","X","X133","Finance Code Directory (2019-22","1110"
"2019-22","2121","Asia Club","Virtual Pho cooking session","44233","","S","S102","Finance Code Directory (2019-22","1111"
"2019-22","2120","Investment Management Club","LBS Asset Management Conference 2021","44328","44330","X","X229","Finance Code Directory (2019-22","1112"
"2019-22","2119","Portugal Club","Azores Trek Quiz - 1st place gift","44340","","X","X299","Finance Code Directory (2019-22","1113"
"2019-22","2118","Design & Innovation Club","Product Design 101 and Wiretraining","44228","44235","X","X425","Finance Code Directory (2019-22","1114"
"2019-22","2117","Private Equity & Venture Capital Club","IESE PE Competiton (IPEC)","44296","","X","X167","Finance Code Directory (2019-22","1115"
"2019-22","2115","Rugby Club (Women's)","All Star Rugby Panel: Black in Rugby","44218","","X","X201","Finance Code Directory (2019-22","1116"
"2019-22","2114","Partners Club","Pub Quiz","44223","","X","X162","Finance Code Directory (2019-22","1117"
"2019-22","2113","Partners Club","Career Session","44109","","X","X162","Finance Code Directory (2019-22","1118"
"2019-22","2112","Japan Club","Japanese Osechi-box dinner","44225","","S","S146","Finance Code Directory (2019-22","1119"
"2019-22","2111","Rugby Club (Men's)","Virtual 6 Nations watching party","44228","44286","X","X177","Finance Code Directory (2019-22","1120"
"2019-22","2110","Germany Switzerland & Austria Club","Corporate VC Panel","44244","","X","X133","Finance Code Directory (2019-22","1121"
"2019-22","2109","China Club","China & Asia Club CNY cela","44239","44241","S","S270","Finance Code Directory (2019-22","1122"
"2019-22","2108","Real Estate Club","Conference 2021","44336","44337","X","X171","Finance Code Directory (2019-22","1123"
"2019-22","2107","Consulting Club","LBS & Duke Fuqua Trivia Night","44256","44261","X","X115","Finance Code Directory (2019-22","1124"
"2019-22","2106","Tech & Media club","Elevate Skills Workshop","44217","44360","X","X213","Finance Code Directory (2019-22","1125"
"2019-22","2105","Consulting Club","2020 Club Survey & Prize","44185","","X","X115","Finance Code Directory (2019-22","1126"
"2019-22","2104","Art & Business Club","Insta Photo Contest","44210","","X","X269","Finance Code Directory (2019-22","1127"
"2019-22","2103","Partners Club","Virtual Xmas Party","44173","","X","X162","Finance Code Directory (2019-22","1128"
"2019-22","2102","Israel Club","Stories from Start up Nations","44210","","X","X143","Finance Code Directory (2019-22","1129"
"2019-22","2101","Private Equity & Venture Capital Club","VC Training with Prof Luisa Alemany","44225","","X","X167","Finance Code Directory (2019-22","1130"
"2019-22","2100","Women in Business Club","Coaching Tools for Mentoring Conversations","44208","","X","X199","Finance Code Directory (2019-22","1131"
"2019-22","2099","Entrepreneurship Club","Hackathon Team","44299","","X","X121","Finance Code Directory (2019-22","1132"
"2019-22","2098","Germany Switzerland & Austria Club","Performance Recovery & Ambitious People","44214","","X","X133","Finance Code Directory (2019-22","1133"
"2019-22","2097","Women in Business Club","RADA Bus confidence & Impact on virtual stage","44211","","X","X199","Finance Code Directory (2019-22","1134"
"2019-22","2095","Family Business Club","The Family business asset : Investing in publicly listed family firms","44211","","X","X307","Finance Code Directory (2019-22","1135"
"2019-22","2094","Consulting Club","How to deal with stress & rejection during interview process","44207","","X","X115","Finance Code Directory (2019-22","1136"
"2019-22","2093","Consulting Club","Mock Interview sessions","44204","","X","X115","Finance Code Directory (2019-22","1137"
"2019-22","2092","Investment Management Club","IMC Speaker Zak Summerscale","44208","","X","X229","Finance Code Directory (2019-22","1138"
"2019-22","2091","Commodities Club","the mysterious world of commodities","44211","","X","X409","Finance Code Directory (2019-22","1139"
"2019-22","2090","Black in Business Club","Amazon sponsorship","44202","","S","S502","Finance Code Directory (2019-22","1140"
"2019-22","2089","Private Equity & Venture Capital Club","PE breakfast club -session 4","44218","","X","X167","Finance Code Directory (2019-22","1141"
"2019-22","2088","Consulting Club","McKinsey Mock PEI Sessions for MBS 22s","44212","44218","X","X115","Finance Code Directory (2019-22","1142"
"2019-22","2087","Women in Business Club","LEK Networking session","44209","","X","X199","Finance Code Directory (2019-22","1143"
"2019-22","2086","Private Equity & Venture Capital Club","PE Breakfast Club - session 3","44211","","X","X167","Finance Code Directory (2019-22","1144"
"2019-22","2085","Women in Business Club","WIB Pharma Career Panel","44202","","X","X199","Finance Code Directory (2019-22","1145"
"2019-22","3119","Acting Club","Improv Show","44678","44679","S","S230","Finance Code Directory (2019-22","1146"
"2019-22","2083","Mindfulness & Yoga Society","New Year, New Mindful Me - 2021","44208","44222","X","X495","Finance Code Directory (2019-22","1147"
"2019-22","2082","Women in Business Club","Accenture Support Grant (donation)","44287","","X","X199","Finance Code Directory (2019-22","1148"
"2019-22","2081","China Club","Green Economy & Sustainable Dev Speaker","44184","","X","X271","Finance Code Directory (2019-22","1149"
"2019-22","2080","Private Equity & Venture Capital Club","LBS German PE Trek","44179","44182","X","X167","Finance Code Directory (2019-22","1150"
"2019-22","2079","Private Equity & Venture Capital Club","Madrid 2020 Virtual PE Trek","44161","44175","X","X167","Finance Code Directory (2019-22","1151"
"2019-22","2078","Wine & Spirit Club","Bartending & Margarita Event","44091","","X","X225","Finance Code Directory (2019-22","1152"
"2019-22","2077","China Club","China Club Team Social","44175","","X","X271","Finance Code Directory (2019-22","1153"
"2019-22","2076","Germany Switzerland & Austria Club","Germany PE Trek","44179","","X","X133","Finance Code Directory (2019-22","1154"
"2019-22","2075","Private Equity & Venture Capital Club","Emerging Secondary Equity Markets in Europ","44208","","X","X167","Finance Code Directory (2019-22","1155"
"2019-22","2074","Debate & Public Speaking Club","Public Speaking Workshops","44207","","X","X169","Finance Code Directory (2019-22","1156"
"2019-22","2073","Debate & Public Speaking Club","Debate Course","44109","","X","X169","Finance Code Directory (2019-22","1157"
"2019-22","2072","Design & Innovation Club","ExCo Xmas dinner","44179","","X","X425","Finance Code Directory (2019-22","1158"
"2019-22","2071","Art & Business Club","Social Speaker Event","44174","","X","X269","Finance Code Directory (2019-22","1159"
"2019-22","2070","China Club","Lesson for International Brands entering China","44177","","X","X271","Finance Code Directory (2019-22","1160"
"2019-22","2069","Japan Club","Sponsor Roland Berger","44170","","S","S146","Finance Code Directory (2019-22","1161"
"2019-22","2068","Japan Club","Sponsor Integrel Corp","44170","","S","S146","Finance Code Directory (2019-22","1162"
"2019-22","2067","North America Club","Trek Jefferies Financial Group","44179","","X","X161","Finance Code Directory (2019-22","1163"
"2019-22","2066","Basketball Club","Thunderdome court booking","44178","","X","X107","Finance Code Directory (2019-22","1164"
"2019-22","2065","Spanish Club","ExCo Xmas dinner","44170","","X","X187","Finance Code Directory (2019-22","1165"
"2019-22","2064","Healthcare Club","Future of Fitness Panel","44215","","X","X109","Finance Code Directory (2019-22","1166"
"2019-22","2063","Rugby Club (Women's)","WTRC holiday social","44180","","X","X201","Finance Code Directory (2019-22","1167"
"2019-22","2062","Investment Management Club","IMC Website Dev","44259","44273","X","X229","Finance Code Directory (2019-22","1168"
"2019-22","2061","Private Equity & Venture Capital Club","How to break into PE - student panetl","44173","","X","X167","Finance Code Directory (2019-22","1169"
"2019-22","2060","Private Equity & Venture Capital Club","VCIC Kick off","44174","","X","X167","Finance Code Directory (2019-22","1170"
"2019-22","2059","Tennis Club","Padel training","44105","","X","X221","Finance Code Directory (2019-22","1171"
"2019-22","2058","Central","Flower Exchange: Love for Love","44241","","S","S100","Finance Code Directory (2019-22","1172"
"2019-22","2057","Wine & Spirit Club","Exco Xmas drinks","44170","","X","X225","Finance Code Directory (2019-22","1173"
"2019-22","2056","Snow Club","Trek 2021 additional tickets","44276","","X","X185","Finance Code Directory (2019-22","1174"
"2019-22","2055","Energy & Environment Club","Project Finance Modelling course","44205","","X","X119","Finance Code Directory (2019-22","1175"
"2019-22","2054","Investment Management Club","2020 MBA SPC","44141","","X","X229","Finance Code Directory (2019-22","1176"
"2019-22","2053","Consulting Club","Case Prep What to do when you can't fit a conventional framework to a case","44176","","X","X115","Finance Code Directory (2019-22","1177"
"2019-22","2052","Swimming Club","October Olympics","44470","","X","X193","Finance Code Directory (2019-22","1178"
"2019-22","2051","Consulting Club","Recruiting Case Coach Prep session","44166","","X","X115","Finance Code Directory (2019-22","1179"
"2019-22","2050","North America Club","IB Virtual Coffee Chat","44169","","X","X161","Finance Code Directory (2019-22","1180"
"2019-22","2049","Wine & Spirit Club","Xmas Tasting box","44173","","S","S224","Finance Code Directory (2019-22","1181"
"2019-22","2048","Healthcare Club","Healthcare conference 2021","44266","44267","X","X109","Finance Code Directory (2019-22","1182"
"2019-22","2047","Rugby Club (Men's)","Scavenger Hunt","44169","","X","X177","Finance Code Directory (2019-22","1183"
"2019-22","2046","Finance Club","Alumni Panel","44168","","X","X125","Finance Code Directory (2019-22","1184"
"2019-22","2045","Investment Management Club","Chicago Booth Invest conference & competiton","44147","","X","X229","Finance Code Directory (2019-22","1185"
"2019-22","2044","Partners Club","Virtual Wine & Cheese tasting from home","44174","","S","S163","Finance Code Directory (2019-22","1186"
"2019-22","2043","Private Equity & Venture Capital Club","PE Breakfast Club session 2","44180","","X","X167","Finance Code Directory (2019-22","1187"
"2019-22","2042","Retail & Luxury Goods Club","Luxury Strategy FW20 conversation with Sarah Tam","44167","","X","X325","Finance Code Directory (2019-22","1188"
"2019-22","2041","Italian club","Xmas Panettone by the Italian Club","44178","","S","S144","Finance Code Directory (2019-22","1189"
"2019-22","2040","Consulting Club","Introduction case preparation session","44162","","X","X115","Finance Code Directory (2019-22","1190"
"2019-22","2039","Corporate Leadership Club","CLC Xmas pub quiz","44171","","X","X209","Finance Code Directory (2019-22","1191"
"2019-22","2038","Football Club (Men's)","Socials 20/21","44158","","X","X127","Finance Code Directory (2019-22","1192"
"2019-22","2037","Infrastructure & Construction Club","KKR Infrastructure","44224","","X","X421","Finance Code Directory (2019-22","1193"
"2019-22","2036","Sports & Business Club","Private Equity in Sports","44165","","X","X275","Finance Code Directory (2019-22","1194"
"2019-22","2035","Cycling Club","Exec LBS meetings","44132","","X","X351","Finance Code Directory (2019-22","1195"
"2019-22","2034","Investment Management Club","2020 Fall LBS Stock Pitch Comp","44161","","X","X229","Finance Code Directory (2019-22","1196"
"2019-22","2033","Israel Club","Holidays around the world Quiz night","44164","","S","S142","Finance Code Directory (2019-22","1197"
"2019-22","2032","Tennis Club","Tennis club merchandise sale","44158","","S","S220","Finance Code Directory (2019-22","1198"
"2019-22","2031","Israel Club","Holidays around the world Quiz night","44164","","S","S142","Finance Code Directory (2019-22","1199"
"2019-22","2030","Africa Club","EYP Diversity Event","44468","44469","S","S104","Finance Code Directory (2019-22","1200"
"2019-22","2029","Women in Business Club","Women in Finance","44161","","X","X199","Finance Code Directory (2019-22","1201"
"2019-22","2028","Women in Business Club","WIB Walk in the Park Connection Series","44158","","X","X199","Finance Code Directory (2019-22","1202"
"2019-22","2027","Art & Business Club","In Discussion with Olive Beer","44167","","X","X269","Finance Code Directory (2019-22","1203"
"2019-22","2026","Family Business Club","Pub night","44161","","X","X307","Finance Code Directory (2019-22","1204"
"2019-22","2025","North America Club","Swag roung 3","44156","","S","S160","Finance Code Directory (2019-22","1205"
"2019-22","2024","Tech & Media Club","Speaker Enrico Bruni","44161","","X","X213","Finance Code Directory (2019-22","1206"
"2019-22","2023","Healthcare Club","Healthtech Challenge","44337","","X","X109","Finance Code Directory (2019-22","1207"
"2019-22","2022","Healthcare Club","Sponsorship Illumina","44155","","S","S108","Finance Code Directory (2019-22","1208"
"2019-22","2021","Future of Mobility Club (Automotive)","Viavan speaker event","44166","","X","X445","Finance Code Directory (2019-22","1209"
"2019-22","2020","Infrastructure & Construction Club","RBC Infrastructure Investment Banking presentation","44161","","X","X421","Finance Code Directory (2019-22","1210"
"2019-22","2019","Impact Consulting Club","BAIN ICC Sponsorship","44223","","S","S386","Finance Code Directory (2019-22","1211"
"2019-22","2018","Portugal Club","Movember Raffle","44153","","X","S298","Finance Code Directory (2019-22","1212"
"2019-22","2017","Asia Club","Alumni Panel Breaking into Asia's Tech Industry","44165","","X","X103","Finance Code Directory (2019-22","1213"
"2019-22","2016","Asia Club","Breaking into Asia's Consulting Industry","44168","","X","X103","Finance Code Directory (2019-22","1214"
"2019-22","2015","Salsa Club","Dancing with LBS stars","44162","","X","X183","Finance Code Directory (2019-22","1215"
"2019-22","2014","Turnaround Management and Restructuring Club","BCG Turn presentation","44160","","X","X305","Finance Code Directory (2019-22","1216"
"2019-22","2011","Impact Consulting Club","ICC Fall  Project conference","44159","","X","X387","Finance Code Directory (2019-22","1217"
"2019-22","2009","Central","Annual Survery Prize award","44044","","X","X101","Finance Code Directory (2019-22","1218"
"2019-22","2008","Finance Club","Societe Generale Company presentation","44153","","X","X125","Finance Code Directory (2019-22","1219"
"2019-22","2007","Germany Switzerland & Austria Club","ExCo virtual DACH social","44157","","X","X133","Finance Code Directory (2019-22","1220"
"2019-22","2006","Snow Club","Snow Trek 2021","44275","","X","X185","Finance Code Directory (2019-22","1221"
"2019-22","2005","Snow Club","Snow Club 2019 Trek  movice","44154","","X","X185","Finance Code Directory (2019-22","1222"
"2019-22","2004","Wine & Spirit Club","Exco Wine2Wine Forum","44156","","X","X225","Finance Code Directory (2019-22","1223"
"2019-22","2003","Mindfulness & Yoga Society","Innovation in Mental Health","44158","","X","X495","Finance Code Directory (2019-22","1224"
"2019-22","2002","Foodie Club","Discussion with professionals on Food Tech","44158","","X","X459","Finance Code Directory (2019-22","1225"
"2019-22","2001","Turnaround Management and Restructuring Club","Recruiting in destressed & special situations","44160","","X","X305","Finance Code Directory (2019-22","1226"
"2019-22","2000","Women in Business Club","What to do with my salary","44155","","X","X199","Finance Code Directory (2019-22","1227"
"2019-22","1999","Board Games Club","LBS Poker tournament 2nd edition","44153","","S","S396","Finance Code Directory (2019-22","1228"
"2019-22","1998","Germany Switzerland & Austria Club","Virtual Apres Ski party","44159","","X","X133","Finance Code Directory (2019-22","1229"
"2019-22","1997","Family Business Club","Veni, Vidi, Vino winetasting","44154","","S","S306","Finance Code Directory (2019-22","1230"
"2019-22","1996","Women in Business Club","Equall Conference","44259","44260","X","X199","Finance Code Directory (2019-22","1231"
"2019-22","1995","Investment Management Club","Convertable Bond siminar","44152","","X","X229","Finance Code Directory (2019-22","1232"
"2019-22","1994","Private Equity & Venture Capital Club","Speaker series Ed Tech SPAC","44167","","X","X167","Finance Code Directory (2019-22","1233"
"2019-22","1993","Private Equity & Venture Capital Club","PE Breakfast club - session 1","44161","","X","X167","Finance Code Directory (2019-22","1234"
"2019-22","1992","Social Impact Club","Halloween Giveaway","44165","","X","X159","Finance Code Directory (2019-22","1235"
"2019-22","1991","Social Impact Club","Social Impact Conference","44263","","X","X159","Finance Code Directory (2019-22","1236"
"2019-22","1990","Spanish Club","La Tertulia - Josep Maria Bartromen","43980","","X","X187","Finance Code Directory (2019-22","1237"
"2019-22","1989","Spanish Club","La Tertulia - Luis Garicano","44153","","X","X187","Finance Code Directory (2019-22","1238"
"2019-22","1988","Snow Club","Gluhwein Making class & virtual Apres Ski","44159","","S","S184","Finance Code Directory (2019-22","1239"
"2019-22","1987","Turnaround Management and Restructuring Club","Intro to Turnaround Workshop KPMG Partner","44153","","X","X305","Finance Code Directory (2019-22","1240"
"2019-22","1986","Finance Club","Logo Creation","44148","","X","X125","Finance Code Directory (2019-22","1241"
"2019-22","1985","China Club","China & Japan club Ramen Cooking class","44154","","X","X271","Finance Code Directory (2019-22","1242"
"2019-22","1984","Consulting club","Crack your first case open to beginners","44148","","X","X115","Finance Code Directory (2019-22","1243"
"2019-22","1983","India Club","Virtual Escape Room 2021","44156","","S","S136","Finance Code Directory (2019-22","1244"
"2019-22","1981","Design & Innovation Club","Raffle draw for speaker series with RLGC","44159","","X","X425","Finance Code Directory (2019-22","1245"
"2019-22","1980","North America Club","Conquer your Career - Consulting","44168","","X","X161","Finance Code Directory (2019-22","1246"
"2019-22","1979","North America Club","Conquer your Career - Marketing","44154","","X","X161","Finance Code Directory (2019-22","1247"
"2019-22","1978","North America Club","Conquer your Career - Technology","44147","","X","X161","Finance Code Directory (2019-22","1248"
"2019-22","1977","Real Estate Club","Training first week upgrad","44149","","X","X171","Finance Code Directory (2019-22","1249"
"2019-22","1976","Private Equity & Venture Capital Club","VC Investing in blockchain","44155","","X","X167","Finance Code Directory (2019-22","1250"
"2019-22","1982","India Club","Rangolis & Sweets 2021","44146","","X","S136","Finance Code Directory (2019-22","1251"
"2019-22","1974","Consulting club","LBS Case Comp 2020","44162","","X","X115","Finance Code Directory (2019-22","1252"
"2019-22","1973","Private Equity & Venture Capital Club","Beginner LBS Modelling workshop #2","44146","","X","X167","Finance Code Directory (2019-22","1253"
"2019-22","1972","North America Club","Mixer 1 (Columbia)","44153","","X","X161","Finance Code Directory (2019-22","1254"
"2019-22","1971","Cycling Club","LBSCC climbing outg of lockdown November challenge","44140","","X","X351","Finance Code Directory (2019-22","1255"
"2019-22","1970","Cycling Club","LBSCC 20/21 kit sale","44141","","S","S350","Finance Code Directory (2019-22","1256"
"2019-22","1969","Israel Club","Stores from start up nation- cyber security & entrepreneurship","44150","","X","X143","Finance Code Directory (2019-22","1257"
"2019-22","1967","North America Club","Thanksgiving meal","44161","","X","X161","Finance Code Directory (2019-22","1258"
"2019-22","1966","Australia and New Zealand Club","ANZAC Day Lunch","44309","","X","X349","Finance Code Directory (2019-22","1259"
"2019-22","1965","Rugby Club (Women's)","Pub Quiz","44147","","S","S200","Finance Code Directory (2019-22","1260"
"2019-22","1964","Australia and New Zealand Club","Swag 21","44136","","S","S348","Finance Code Directory (2019-22","1261"
"2019-22","1962","Turnaround Management and Restructuring Club","diestressed Investing kick off","44152","","X","X305","Finance Code Directory (2019-22","1262"
"2019-22","1961","North America Club","Mixer 1 (MIT Sloan & Chicago Booth)","44147","","S","S160","Finance Code Directory (2019-22","1263"
"2019-22","1960","Finance Club","ExCo dinner","44126","","X","X125","Finance Code Directory (2019-22","1264"
"2019-22","1959","Military in Business Club","Calvary & Guards Club","44118","","X","X363","Finance Code Directory (2019-22","1265"
"2019-22","1958","Tech & Media Club","Mastercard Highlight Day","44159","","X","X213","Finance Code Directory (2019-22","1266"
"2019-22","1957","Finance Club","Deutsche Bank Research presentation","44141","","X","X125","Finance Code Directory (2019-22","1267"
"2019-22","1956","Women in Business Club","Thriving workshop with Bain","44139","","X","X199","Finance Code Directory (2019-22","1268"
"2019-22","1955","Football Club (Men's)","Equipment 2021","44145","","X","X127","Finance Code Directory (2019-22","1269"
"2019-22","1954","Portugal Club","Club dinner","44135","","X","X299","Finance Code Directory (2019-22","1270"
"2019-22","1952","China Club","Tangyuan cooking class","44147","","X","X271","Finance Code Directory (2019-22","1271"
"2019-22","1951","Art & Business Club","Paul Kneale Nicholas Kirkwood talk","44153","","X","X269","Finance Code Directory (2019-22","1272"
"2019-22","1950","Swimming Club","Apparel Fall/Winter 2020","44157","","S","S192","Finance Code Directory (2019-22","1273"
"2019-22","1949","Future of Mobility Club (Automotive)","Valerann speaker event","44152","","X","X445","Finance Code Directory (2019-22","1274"
"2019-22","1948","Tech & Media Club","The Future Media Service in conversaion with Rick Greenfield","44144","","X","X213","Finance Code Directory (2019-22","1275"
"2019-22","1947","Finance Club","European Business School Case Comp","44162","","X","X125","Finance Code Directory (2019-22","1276"
"2019-22","1946","Rugby Club (Men's)","Movember charity sales","44136","","S","S176","Finance Code Directory (2019-22","1277"
"2019-22","1945","Turnaround Management and Restructuring Club","Fin Restruct kick off workshop","44145","","X","X305","Finance Code Directory (2019-22","1278"
"2019-22","1944","Infrastructure & Construction Club","Angela Roshier - Covid 19 Impact","44168","","X","X421","Finance Code Directory (2019-22","1279"
"2019-22","1943","Tennis Club","Indoor Tennis Coaching","44156","","X","X221","Finance Code Directory (2019-22","1280"
"2019-22","1942","Snow Club","LBS x Snozone","44142","","X","X185","Finance Code Directory (2019-22","1281"
"2019-22","1941","Basketball Club","ThunderDome court booking","44136","","X","X107","Finance Code Directory (2019-22","1282"
"2019-22","1940","Tech & Media Club","TMC website","44135","","X","X213","Finance Code Directory (2019-22","1283"
"2019-22","1939","Tech & Media Club","Exco Welcome event","44106","","X","X213","Finance Code Directory (2019-22","1284"
"2019-22","1938","Foodie Club","Sotdough in Lockdown kick off","44150","","X","X459","Finance Code Directory (2019-22","1285"
"2019-22","1937","Foodie Club","Valentine's Day","44241","","X","X459","Finance Code Directory (2019-22","1286"
"2019-22","1936","Finance Club","Duffs & Phelps presentation","44134","","X","X125","Finance Code Directory (2019-22","1287"
"2019-22","1934","Expedition Club","Kit Sales","44137","","S","S416","Finance Code Directory (2019-22","1288"
"2019-22","1933","Consulting Club","BCG case comp sponsorship","44162","","S","S114","Finance Code Directory (2019-22","1289"
"2019-22","1932","Wine & Spirit Club","ExCo dinner","44141","","X","X225","Finance Code Directory (2019-22","1290"
"2019-22","1931","Brazil Club","Kick off","44112","","X","X291","Finance Code Directory (2019-22","1291"
"2019-22","1930","Rugby Club (Women's)","Windsor cup","44148","","X","X201","Finance Code Directory (2019-22","1292"
"2019-22","1929","Energy & Environment Club","Fin Modelling Workshop","44156","","X","X119","Finance Code Directory (2019-22","1293"
"2019-22","1928","Germany Switzerland & Austria Club","Armira Company presentation","44152","","X","X133","Finance Code Directory (2019-22","1294"
"2019-22","1926","Germany Switzerland & Austria Club","Fireside Chat christina Lang CEO Tech4Germany","44151","","X","X133","Finance Code Directory (2019-22","1295"
"2019-22","1925","Consulting Club","Organisation of Beyond Disruption case comp 2020","44044","","X","X115","Finance Code Directory (2019-22","1296"
"2019-22","1924","North America Club","Exco Onboarding social outing","44128","","X","X161","Finance Code Directory (2019-22","1297"
"2019-22","1923","Latam Club","Outdoor Equipment","44088","","X","X151","Finance Code Directory (2019-22","1298"
"2019-22","1922","Out in Business Club","Carer Panel for Tech Consulting","44137","","X","X165","Finance Code Directory (2019-22","1299"
"2019-22","1921","North America Club","Halloween Pub Crawl","44135","","X","X161","Finance Code Directory (2019-22","1300"
"2019-22","1920","Rugby Club (Men's)","Hawaiian T shirt sale","44126","","S","S176","Finance Code Directory (2019-22","1301"
"2019-22","1919","Italian Club","Wine Tasting","44165","","S","S144","Finance Code Directory (2019-22","1302"
"2019-22","1918","Infrastructure & Construction Club","Innoenergy battle of the Green Talent Comp","44137","","X","X421","Finance Code Directory (2019-22","1303"
"2019-22","1917","Tech & Media Club","Product Conference 2020","44143","","X","X213","Finance Code Directory (2019-22","1304"
"2019-22","1916","North America Club","Winter Swag","44127","","S","S160","Finance Code Directory (2019-22","1305"
"2019-22","3198","Acting Club","Sundowners afterparty on 19th May","44700","44700","S","S230","Finance Code Directory (2019-22","1306"
"2019-22","1914","Rugby Club (Women's)","Fitness Classes","44136","","X","X201","Finance Code Directory (2019-22","1307"
"2019-22","1913","Central","Coin Vote 2020","44044","","X","X101","Finance Code Directory (2019-22","1308"
"2019-22","1912","Corporate Leadership club","CLC Six Sigman Nov20","44163","","X","X209","Finance Code Directory (2019-22","1309"
"2019-22","1909","Central","Alumni Experience","44125","","X","X101","Finance Code Directory (2019-22","1310"
"2019-22","1908","Latam Club","Exco Canva Sub","44075","","X","X151","Finance Code Directory (2019-22","1311"
"2019-22","1907","Rugby Club (Women's)","Pitch bookings","44100","","X","X201","Finance Code Directory (2019-22","1312"
"2019-22","1906","Australia and New Zealand Club","ExCo handover","44046","","X","X349","Finance Code Directory (2019-22","1313"
"2019-22","1905","Australia and New Zealand Club","ExCo dinner","44105","","X","X349","Finance Code Directory (2019-22","1314"
"2019-22","1904","China Club","ExCo Dinner","44119","","X","X271","Finance Code Directory (2019-22","1315"
"2019-22","1903","Latam Club","Virtual Bartending","44089","","X","X151","Finance Code Directory (2019-22","1316"
"2019-22","1902","Football Club (Women's)","Purchase of equipment","44196","44212","X","X129","Finance Code Directory (2019-22","1317"
"2019-22","1901","Football Club (Men's)","Sunday League","44121","","X","X127","Finance Code Directory (2019-22","1318"
"2019-22","1899","Rugby Club (Women's)","Group Dates","44123","","X","X201","Finance Code Directory (2019-22","1319"
"2019-22","1898","Central","SA Comms","44105","","X","X101","Finance Code Directory (2019-22","1320"
"2019-22","1897","Investment Management Club","Behind the balance sheet workshop","44135","","X","X229","Finance Code Directory (2019-22","1321"
"2019-22","1896","Consulting Club","LBS Case competition","44162","","X","X115","Finance Code Directory (2019-22","1322"
"2019-22","1895","Finance Club","Finance & Valuation Mod Seminar","44135","","X","X125","Finance Code Directory (2019-22","1323"
"2019-22","1894","Consulting Club","ExCo Kickoff","44115","","X","X115","Finance Code Directory (2019-22","1324"
"2019-22","1893","Rugby Club (Women's)","Membership top up","44116","","X","X201","Finance Code Directory (2019-22","1325"
"2019-22","1892","Basketball Club","Equipment purchase","44116","","X","X107","Finance Code Directory (2019-22","1326"
"2019-22","1891","Women in Business Club","Fireside chat Ann Cairns (Mastercard)","44138","","X","X199","Finance Code Directory (2019-22","1327"
"2019-22","1890","Finance Club","Mid Careers prep training","44122","","X","X125","Finance Code Directory (2019-22","1328"
"2019-22","1889","Finance Club","Early Careers workshop","44119","","X","X125","Finance Code Directory (2019-22","1329"
"2019-22","1888","Tennis Club","Tournament","44141","","X","X221","Finance Code Directory (2019-22","1330"
"2019-22","1887","Black in Business Club","Black in the real world","44125","","X","X503","Finance Code Directory (2019-22","1331"
"2019-22","1886","Social Impact Club","Social Impact Week","44265","","X","X159","Finance Code Directory (2019-22","1332"
"2019-22","1885","Consulting Club","Mckinsey PEI coaching session","44118","","X","X115","Finance Code Directory (2019-22","1333"
"2019-22","1883","Golf club","Golf Day","44310","","X","X135","Finance Code Directory (2019-22","1334"
"2019-22","1882","Spanish Club","La tertulia speakers event","44124","","X","X187","Finance Code Directory (2019-22","1335"
"2019-22","1881","Consulting Club","Six person Consulting chats","44118","","X","X115","Finance Code Directory (2019-22","1336"
"2019-22","1880","Consulting Club","Yoga sessions","44119","","X","X115","Finance Code Directory (2019-22","1337"
"2019-22","1879","Consulting Club","Mindfulness session","44117","","X","X115","Finance Code Directory (2019-22","1338"
"2019-22","1878","Consulting Club","Mental Fitness session","44125","","X","X115","Finance Code Directory (2019-22","1339"
"2019-22","1877","Basketball Club","Membership fees","44110","","X","X107","Finance Code Directory (2019-22","1340"
"2019-22","1876","Golf club","knockout tournament","44110","","X","X135","Finance Code Directory (2019-22","1341"
"2019-22","1875","Real Estate Club","Training full package","44121","","X","X171","Finance Code Directory (2019-22","1342"
"2019-22","1874","Real Estate Club","Inters & Adv weekend pack","44149","","X","X171","Finance Code Directory (2019-22","1343"
"2019-22","1873","Real Estate Club","Training weekend 4x4","44177","","X","X171","Finance Code Directory (2019-22","1344"
"2019-22","1872","Real Estate Club","Training weekend 1x1","44121","","X","X171","Finance Code Directory (2019-22","1345"
"2019-22","1871","Real Estate Club","Training CRE401","44178","","X","X171","Finance Code Directory (2019-22","1346"
"2019-22","1870","Real Estate Club","Training CRE301","44177","","X","X171","Finance Code Directory (2019-22","1347"
"2019-22","1869","Real Estate Club","Training CRE202","44156","","X","X171","Finance Code Directory (2019-22","1348"
"2019-22","1868","Real Estate Club","Training CRE201","44149","","X","X171","Finance Code Directory (2019-22","1349"
"2019-22","1867","Real Estate Club","Training CRE101","44122","","X","X171","Finance Code Directory (2019-22","1350"
"2019-22","1866","Real Estate Club","Training FIN101","44121","","X","X171","Finance Code Directory (2019-22","1351"
"2019-22","1865","Basketball Club","Little Venice court booking","44111","","X","X107","Finance Code Directory (2019-22","1352"
"2019-22","1864","Cycling Club","Kick off","44117","","X","X351","Finance Code Directory (2019-22","1353"
"2019-22","1862","Sundowners","Sundowners 20-21","44109","","X","X443","Finance Code Directory (2019-22","1354"
"2019-22","1861","Women in Business Club","Kearney Inspiring Femal Leader Award","44105","","S","S198","Finance Code Directory (2019-22","1355"
"2019-22","1860","Latam Club","Pub Crawl","44113","","X","X151","Finance Code Directory (2019-22","1356"
"2019-22","1859","India Club","Merchandise sale","44111","","S","S136","Finance Code Directory (2019-22","1357"
"2019-22","1858","China Club","Fresh Water Sponsorship","44104","","S","S270","Finance Code Directory (2019-22","1358"
"2019-22","1857","Black in Business Club","BIB speaker - conversat with Wol Kolade","44104","","X","X503","Finance Code Directory (2019-22","1359"
"2019-22","1856","Basketball Club","Haverstock Booking Refund","44107","","X","X107","Finance Code Directory (2019-22","1360"
"2019-22","1855","Basketball Club","Sweatshirt sales","44109","","S","S106","Finance Code Directory (2019-22","1361"
"2019-22","1854","Rugby club (Women's)","Mixed Touch Rugby","44113","","X","X201","Finance Code Directory (2019-22","1362"
"2019-22","1853","Investment Management club","Careers in Credit Market","44142","","X","X229","Finance Code Directory (2019-22","1363"
"2019-22","1852","Mindfulness & Yoga Society","Improvers Vinigasa","44103","","X","X495","Finance Code Directory (2019-22","1364"
"2019-22","1851","Expedition Club","Improvers Vinigasa","44121","","X","X417","Finance Code Directory (2019-22","1365"
"2019-22","1850","Latam Club","Career Fair (LACF)","44145","","X","X151","Finance Code Directory (2019-22","1366"
"2019-22","1849","Women in Business Club","We Want Your Feedback survey","44051","","X","X199","Finance Code Directory (2019-22","1367"
"2019-22","1848","Consulting Club","Wonder Supervised Led Case Sessions","44094","","X","X115","Finance Code Directory (2019-22","1368"
"2019-22","1847","Future of Mobility Club (Automotive)","Tier Mobility speaker event","44117","","X","X445","Finance Code Directory (2019-22","1369"
"2019-22","1846","Rugby Club (Men's)","Kit sales","44096","","S","S176","Finance Code Directory (2019-22","1370"
"2019-22","1845","Central","LBS SA dinner series","44118","","S","S100","Finance Code Directory (2019-22","1371"
"2019-22","1844","Rugby Club (Men's)","Career Events 2020","44095","","X","X177","Finance Code Directory (2019-22","1372"
"2019-22","1843","Rugby club (Women's)","Autumn pub crawl","44110","","S","S200","Finance Code Directory (2019-22","1373"
"2019-22","1842","Central","Kick off","44095","","X","X101","Finance Code Directory (2019-22","1374"
"2019-22","1841","Rugby Club (Women's)","Team sports gear","44104","","X","X201","Finance Code Directory (2019-22","1375"
"2019-22","1839","Israel Club","Stories from start up nation - sports tech","44112","","X","X143","Finance Code Directory (2019-22","1376"
"2019-22","1838","Debate & Public Speaking Club","Comedy classes","44112","","S","S168","Finance Code Directory (2019-22","1377"
"2019-22","1837","Africa Club","Africa Business Summit 2021","44267","","X","X105","Finance Code Directory (2019-22","1378"
"2019-22","1836","Africa Club","Speaker & Boma chats","44094","","X","X105","Finance Code Directory (2019-22","1379"
"2019-22","1835","Africa Club","Career - Africa Club","44094","","X","X105","Finance Code Directory (2019-22","1380"
"2019-22","1834","Africa Club","Mentoring & Alumni club","44094","","X","X105","Finance Code Directory (2019-22","1381"
"2019-22","1833","Africa Club","Social","44094","","X","X105","Finance Code Directory (2019-22","1382"
"2019-22","1832","Africa Club","Africa ExCo","44094","","X","X105","Finance Code Directory (2019-22","1383"
"2019-22","1831","Commodities Club","Kick off","44095","","X","X409","Finance Code Directory (2019-22","1384"
"2019-22","1830","Spanish Club","Kick off","44091","","X","X187","Finance Code Directory (2019-22","1385"
"2019-22","1829","Spanish Club","Kick off Group C","44091","","X","X187","Finance Code Directory (2019-22","1386"
"2019-22","1828","Spanish Club","Kick off Group B","44091","","X","X187","Finance Code Directory (2019-22","1387"
"2019-22","1827","Basketball Club","Haverstock Court Booking","44107","","X","X107","Finance Code Directory (2019-22","1388"
"2019-22","1826","Spanish Club","Kick off Group A","44091","","X","X187","Finance Code Directory (2019-22","1389"
"2019-22","1825","Golf Club","Mechandise sale","44091","","S","S134","Finance Code Directory (2019-22","1390"
"2019-22","1824","Black in Business Club","Black at LBS","44104","","X","X503","Finance Code Directory (2019-22","1391"
"2019-22","1823","Black in Business Club","Kick off","44096","","X","X503","Finance Code Directory (2019-22","1392"
"2019-22","1822","Consulting Club","Merchandise sales","44088","","S","S114","Finance Code Directory (2019-22","1393"
"2019-22","1821","Private Equity & Venture Capital club","Search Fund Infor session","44139","","X","X167","Finance Code Directory (2019-22","1394"
"2019-22","1820","Rugby Club (Men's)","Social Distance Pub Crawl","44110","","X","X177","Finance Code Directory (2019-22","1395"
"2019-22","1819","Consulting Club","Supervisor Led Case prep","44094","","X","X115","Finance Code Directory (2019-22","1396"
"2019-22","1818","China Club","Kick off","44075","","X","X271","Finance Code Directory (2019-22","1397"
"2019-22","1817","Out in Business club","Career Alumni Panel","44131","44134","X","X165","Finance Code Directory (2019-22","1398"
"2019-22","1816","North America club","Call of Duty Tournaments","44088","","S","S160","Finance Code Directory (2019-22","1399"
"2019-22","1815","Art & Business Club","Philip Hoffman Talk","44117","","X","X269","Finance Code Directory (2019-22","1400"
"2019-22","1814","Badminton club","Equipment purchases","44044","44408","X","X207","Finance Code Directory (2019-22","1401"
"2019-22","1813","Badminton club","Membership","44044","44408","X","X207","Finance Code Directory (2019-22","1402"
"2019-22","1812","Football club (Men's)","Regents Pitch rental","44085","44392","X","X127","Finance Code Directory (2019-22","1403"
"2019-22","1811","Volunteers Club","Kick off","44096","","X","X355","Finance Code Directory (2019-22","1404"
"2019-22","1810","Volleyball Club","Training membership fees","44093","44324","X","X223","Finance Code Directory (2019-22","1405"
"2019-22","1809","Salsa Club","Classes","44096","44173","X","X183","Finance Code Directory (2019-22","1406"
"2019-22","1808","Consulting Club","Firm Sponsorship 20/21","44085","44378","S","S114","Finance Code Directory (2019-22","1407"
"2019-22","1807","Basketball Club","Thunder Dome Court Booking","44083","44100","X","X107","Finance Code Directory (2019-22","1408"
"2019-22","1806","North America club","Virtual Bar Tending","44092","","X","X161","Finance Code Directory (2019-22","1409"
"2019-22","1805","Consulting Club","Wonder Platform membership","44087","44377","X","X115","Finance Code Directory (2019-22","1410"
"2019-22","1804","Impact Consulting Club","ICC/BAIN answer seminar","44078","","X","X387","Finance Code Directory (2019-22","1411"
"2019-22","1803","Rugby Club (Men's)","Training 20/21","44089","44377","X","X177","Finance Code Directory (2019-22","1412"
"2019-22","1802","Rugby Club (Men's)","Matches 20/21","44089","44377","X","X177","Finance Code Directory (2019-22","1413"
"2019-22","1801","Latam Club","Latam swag","44098","","S","S150","Finance Code Directory (2019-22","1414"
"2019-22","1800","Latam Club","Kick off","44097","","X","X151","Finance Code Directory (2019-22","1415"
"2019-22","1799","Basketball Club","Kick off","44096","","X","X107","Finance Code Directory (2019-22","1416"
"2019-22","1798","Snow club","Swag sales","44078","","S","S184","Finance Code Directory (2019-22","1417"
"2019-22","1797","Finance Club","Welcome Zoom call","44098","","X","X125","Finance Code Directory (2019-22","1418"
"2019-22","1796","Badminton club","Court Booking 20-21","44094","44409","X","X207","Finance Code Directory (2019-22","1419"
"2019-22","1795","North America club","Kick off","44077","","X","X161","Finance Code Directory (2019-22","1420"
"2019-22","1794","Sailing Club","Exco Kick off","44169","","X","X181","Finance Code Directory (2019-22","1421"
"2019-22","1793","North America club","NA club swag","44081","/10/20","S","S160","Finance Code Directory (2019-22","1422"
"2019-22","1792","Energy & Environment Club","Kick off","44090","","X","X119","Finance Code Directory (2019-22","1423"
"2019-22","1791","Spanish Club","Kick off","44091","","X","X187","Finance Code Directory (2019-22","1424"
"2019-22","1790","Sports & Business Club","Kick off","44096","","X","X275","Finance Code Directory (2019-22","1425"
"2019-22","1789","Design & Innovation club","Exco Welcome lunch","44076","","X","X425","Finance Code Directory (2019-22","1426"
"2019-22","1788","Badminton club","Kick off","44085","","X","X207","Finance Code Directory (2019-22","1427"
"2019-22","1787","Retail & Luxury Goods Club","Kick off","44095","","X","X325","Finance Code Directory (2019-22","1428"
"2019-22","1775","Latam Club","Latam Secret Dinners","44060","","X","X151","Finance Code Directory (2019-22","1429"
"2019-22","1774","Future of Mobility Club (Automotive)","Kick off meeting","44076","","X","X445","Finance Code Directory (2019-22","1430"
"2019-22","1773","Impact Consulting Club","Kick off meeting","44078","","X","X387","Finance Code Directory (2019-22","1431"
"2019-22","1772","Wine & Spirit Club","Virural Wine Tasting with Wine Unearthed","44103","","S","S224","Finance Code Directory (2019-22","1432"
"2019-22","1771","Private Equity & Venture Capital Club","Break into PE workshop","44080","","X","X167","Finance Code Directory (2019-22","1433"
"2019-22","1770","Rugby Club (Men's)","New members kick off & membership","44069","","X","X177","Finance Code Directory (2019-22","1434"
"2019-22","1769","Private Equity & Venture Capital Club","PE/VC kick off","44076","","X","X167","Finance Code Directory (2019-22","1435"
"2019-22","1768","Consulting Club","Social 2020 drinks","44078","","X","X115","Finance Code Directory (2019-22","1436"
"2019-22","1767","China Club","ExCo team building","44030","","X","X271","Finance Code Directory (2019-22","1437"
"2019-22","1766","Consulting Club","Full time Recruit panel","44077","","X","X115","Finance Code Directory (2019-22","1438"
"2019-22","1765","Out in Business club","White Party","44256","","S","S164","Finance Code Directory (2019-22","1439"
"2019-22","1764","Out in Business club","Retreat Weekend","44105","","S","S164","Finance Code Directory (2019-22","1440"
"2019-22","1763","Out in Business club","Valentines Event Love is Love","44235","","X","X165","Finance Code Directory (2019-22","1441"
"2019-22","1761","Out in Business club","Coming Out Week","44109","","X","X165","Finance Code Directory (2019-22","1442"
"2019-22","1786","Private Equity & Venture Capital Club","How to Break into VC","44084","","X","X167","Finance Code Directory (2019-22","1443"
"2019-22","1785","Private Equity & Venture Capital Club","Speaker Series: Euro PE Breakdown by Pitchbank","44104","","X","X167","Finance Code Directory (2019-22","1444"
"2019-22","1784","Private Equity & Venture Capital Club","Cap Tables workshop with Wall Street Prep","44157","","X","X167","Finance Code Directory (2019-22","1445"
"2019-22","1783","Private Equity & Venture Capital Club","Advanced LBS Modelling workshop","44149","","X","X167","Finance Code Directory (2019-22","1446"
"2019-22","1782","Private Equity & Venture Capital Club","Hermes GPE Private Markets challenge 2020 Info session","44118","","X","X167","Finance Code Directory (2019-22","1447"
"2019-22","1781","Israel Club","Club kick off","44095","","X","X143","Finance Code Directory (2019-22","1448"
"2019-22","1780","Entrepreneurship Club","Eclub kick off","44081","","X","X121","Finance Code Directory (2019-22","1449"
"2019-22","1779","Sailing Club","Kick off meeting","44077","","X","X181","Finance Code Directory (2019-22","1450"
"2019-22","1778","Asia Club","kick off","44078","","X","X103","Finance Code Directory (2019-22","1451"
"2019-22","1777","Investment Management Club","IMC Kick off","44085","","X","X229","Finance Code Directory (2019-22","1452"
"2019-22","1776","Salsa club","Kick off","44090","","X","X183","Finance Code Directory (2019-22","1453"
"2019-22","1760","Out in Business club","Eurout 2020","44137","","X","X165","Finance Code Directory (2019-22","1454"
"2019-22","1758","Consulting Club","Consulting Case Study basice (full time recruitment)","44075","44084","X","X115","Finance Code Directory (2019-22","1455"
"2019-22","1757","Consulting Club","Fit Interview Introduction and Practice","44076","","X","X115","Finance Code Directory (2019-22","1456"
"2019-22","1756","Consulting Club","Case Coach Drill sessions","44075","","X","X115","Finance Code Directory (2019-22","1457"
"2019-22","1755","Consulting Club","Consulting Fit Interview Workshops","44089","","X","X115","Finance Code Directory (2019-22","1458"
"2019-22","1754","Germany Switzerland & Austria Club","Invest Bank Panel","44094","","X","X133","Finance Code Directory (2019-22","1459"
"2019-22","1753","Consulting Club","Boyond Disruption Scenario Planning Workshop","44055","","X","X115","Finance Code Directory (2019-22","1460"
"2019-22","1752","Middle East Club","Disaster Relief for our Beloved Lebanon","44048","","X","X157","Finance Code Directory (2019-22","1461"
"2019-22","1751","Partners Club","ExCo Annual Meeting","44037","","X","X162","Finance Code Directory (2019-22","1462"
"2019-22","1750","People Strategy Club","Overcoming Bureaucracy - new forms of management","44327","","X","X491","Finance Code Directory (2019-22","1463"
"2019-22","1748","Foodie Club","Gelato Giveaway","44006","","X","X459","Finance Code Directory (2019-22","1464"
"2019-22","1747","Social Impact Club","AEdmans speaker","44125","","X","X159","Finance Code Directory (2019-22","1465"
"2019-22","1746","Latam Club","Mestizo - home cooking class","43979","","X","X151","Finance Code Directory (2019-22","1466"
"2019-22","1745","Rugby Club (Men's)","Equipment/maintenance","44062","","X","X177","Finance Code Directory (2019-22","1467"
"2019-22","1744","Private Equity & Venture Capital Club","In conversation with Rajeev Misra, CEO Softbank","44014","","X","X167","Finance Code Directory (2019-22","1468"
"2019-22","1743","Latam Club","purchase replacement speaker","44009","","X","X151","Finance Code Directory (2019-22","1469"
"2019-22","1742","Out in Business club","Pride Day","44009","","X","X165","Finance Code Directory (2019-22","1470"
"2019-22","1740","Rugby Club (Men's)","Work out for Equal Rightts","44009","","X","X177","Finance Code Directory (2019-22","1471"
"2019-22","1739","Private Equity & Venture Capital Club","Virtual fireside chat with Michael Moore, director general, British Priovate Equity and Venture Capital Association","44006","44006","X","X167","Finance Code Directory (2019-22","1472"
"2019-22","1738","Latam Club","Fairwell Picnic to greet MBA2020s","44001","44001","X","X151","Finance Code Directory (2019-22","1473"
"2019-22","1737","Consulting Club","Consulting Club website renewal fee - 1 year","44013","44377","X","X115","Finance Code Directory (2019-22","1474"
"2019-22","1735","TEDx","TEDx LBS 2020","44148","","X","X399","Finance Code Directory (2019-22","1475"
"2019-22","1734","Central","Welcome Series 2020","44050","","X","X101","Finance Code Directory (2019-22","1476"
"2019-22","1733","Sailing Club","Trek - Global MBA Trophy","44134","44135","X","X181","Finance Code Directory (2019-22","1477"
"2019-22","1732","Japan Club","Sponsorship Moriyama","43998","","S","S146","Finance Code Directory (2019-22","1478"
"2019-22","1731","Japan Club","Sponsorship Mitsubishi Corp","43998","","S","S146","Finance Code Directory (2019-22","1479"
"2019-22","1730","Japan Club","Sponsorship BCG","43998","","S","S146","Finance Code Directory (2019-22","1480"
"2019-22","1729","Private Equity & Venture Capital Club","Modelandum Modeling Test","43991","","X","X167","Finance Code Directory (2019-22","1481"
"2019-22","1728","Turnaround Management and Restructuring Club","Bankruptcy / Restruct Mod Workshop","43995","","X","X305","Finance Code Directory (2019-22","1482"
"2019-22","1727","Sailing Club","Day Skipper Theory sponsorship","43975","","S","S180","Finance Code Directory (2019-22","1483"
"2019-22","1726","Rugby Club (Women's)","Leopard's push up challenge","43962","","X","X201","Finance Code Directory (2019-22","1484"
"2019-22","1725","Asia Club","Virtual Fireside chat - Tom Lembong","43984","","X","X103","Finance Code Directory (2019-22","1485"
"2019-22","1724","Turnaround Management and Restructuring Club","Bankruptcy / Restruct Mod Workshop","43988","","X","X305","Finance Code Directory (2019-22","1486"
"2019-22","1723","Latam Club","LATAM get together","43873","","X","X151","Finance Code Directory (2019-22","1487"
"2019-22","1721","Latam Club","LATAM get together","43901","","X","X151","Finance Code Directory (2019-22","1488"
"2019-22","1719","Future of Mobility Club (Automotive)","KPMG Speaker","43994","","X","X445","Finance Code Directory (2019-22","1489"
"2019-22","1718","Private Equity & Venture Capital Club","PEVC Alumni database","43889","","X","X167","Finance Code Directory (2019-22","1490"
"2019-22","1717","Italian Club","Virtual panel 'Carpe Diem'","43976","","X","X145","Finance Code Directory (2019-22","1491"
"2019-22","1716","Foodie Club","Cooking around the world","43974","","X","X459","Finance Code Directory (2019-22","1492"
"2019-22","1715","Central","Sponorship Info session","44154","","X","X101","Finance Code Directory (2019-22","1493"
"2019-22","1714","Energy & Environment Club","Plugged in renewal fee","43344","","X","X119","Finance Code Directory (2019-22","1494"
"2019-22","1713","Italian Club","Masterclass #5 Gnocchi & sauce","43967","","X","X145","Finance Code Directory (2019-22","1495"
"2019-22","1712","Israel Club","Virtual trip to Israel","43965","","X","X143","Finance Code Directory (2019-22","1496"
"2019-22","1711","Private Equity & Venture Capital Club","Future of Money - VC Panel","43972","","X","X167","Finance Code Directory (2019-22","1497"
"2019-22","1710","Social Impact Club","Impact Invest Workshop","43966","43980","X","X159","Finance Code Directory (2019-22","1498"
"2019-22","1708","Healthcare Club","Healthcare Trek 2020","43965","","X","X109","Finance Code Directory (2019-22","1499"
"2019-22","1707","Marketing Club","MAD(WO)MEN How tool ads get made","43957","","X","X155","Finance Code Directory (2019-22","1500"
"2019-22","1706","Turnaround Management and Restructuring Club","Finance Restructuring lunchtime lecture series","43962","43964","X","X305","Finance Code Directory (2019-22","1501"
"2019-22","1705","Sailing Club","Spinnaker purchase - new LBS logo","43955","","X","X181","Finance Code Directory (2019-22","1502"
"2019-22","1703","Private Equity & Venture Capital Club","Early Stage Funding in the age of Covid 19","43957","","X","X167","Finance Code Directory (2019-22","1503"
"2019-22","1702","Hellenic Club","Greek Trek 2021","44338","44345","X","X267","Finance Code Directory (2019-22","1504"
"2019-22","1701","Central","Meet You SA in person Zoom series","44407","44408","X","X101","Finance Code Directory (2019-22","1505"
"2019-22","1700","Italian Club","Sustainable Fashion/Branding /Innovation","43935","","X","X145","Finance Code Directory (2019-22","1506"
"2019-22","1699","Consulting Club","Flower Station invoice","43951","","X","X115","Finance Code Directory (2019-22","1507"
"2019-22","1698","Infrastructure & Construction Club","Financial Modelling workshop","43961","","X","X421","Finance Code Directory (2019-22","1508"
"2019-22","1697","Australia and New Zealand Club","Election & Zoom Quiz","43943","","X","X349","Finance Code Directory (2019-22","1509"
"2019-22","1696","Australia and New Zealand Club","Mid term dinner","43893","","X","X349","Finance Code Directory (2019-22","1510"
"2019-22","1695","Italian Club","Cookery Masterclass #4 Orecchiette Pasta","43953","","X","S144","Finance Code Directory (2019-22","1511"
"2019-22","1694","Spanish Club","Speaker : Josep Maria Bartomeu","43953","","X","X187","Finance Code Directory (2019-22","1512"
"2019-22","1693","Infrastructure & Construction Club","Project finance Modelling Workshop","43960","","X","X421","Finance Code Directory (2019-22","1513"
"2019-22","1692","Investment Management Club","2019 Cornell Stockpitch Challenge","43776","","X","X229","Finance Code Directory (2019-22","1514"
"2019-22","1691","China Club","Zoom meeting","43953","","X","X271","Finance Code Directory (2019-22","1515"
"2019-22","1690","Expedition Club","Exco dinner","43881","","X","X417","Finance Code Directory (2019-22","1516"
"2019-22","1689","Retail & Luxury Goods Club","Club overhead IT website","01/09/0196","","X","X325","Finance Code Directory (2019-22","1517"
"2019-22","1688","Retail & Luxury Goods Club","Club Overhead","43831","44012","X","X325","Finance Code Directory (2019-22","1518"
"2019-22","1687","Rugby Club (Women's)","Virtual workout - kickboxing","43946","","X","X201","Finance Code Directory (2019-22","1519"
"2019-22","1684","Real Estate Club","Exco social","43888","43888","X","X171","Finance Code Directory (2019-22","1520"
"2019-22","1683","Rugby Club (Men's)","Mental Health week","43966","","X","X177","Finance Code Directory (2019-22","1521"
"2019-22","1682","Private Equity & Venture Capital Club","chat on consumer soc investing Pippa Lamb - Sweet Capital","43949","","X","X167","Finance Code Directory (2019-22","1522"
"2019-22","1681","Spanish Club","Speaker Luis Garicano","43969","","X","X187","Finance Code Directory (2019-22","1523"
"2019-22","1680","Italian Club","Cookery Masterclass #3 - Tiramisu","43946","","S","S144","Finance Code Directory (2019-22","1524"
"2019-22","1679","Energy & Environment Club","CleanTech Challenge","43945","","X","X119","Finance Code Directory (2019-22","1525"
"2019-22","1678","Latam Club","LBS unplugged","43945","","X","X151","Finance Code Directory (2019-22","1526"
"2019-22","1677","Australia and New Zealand Club","ANZ Zoom Quiz","43943","","X","X349","Finance Code Directory (2019-22","1527"
"2019-22","1676","Rugby Club (Women's)","WTRC Pub Quiz","43949","","X","X201","Finance Code Directory (2019-22","1528"
"2019-22","1675","China Club","China Business Forum 2020","43959","","X","X271","Finance Code Directory (2019-22","1529"
"2019-22","1674","Italian Club","Cooking Masterclass Lesson #2 Spritz and Risootto","43939","","S","S144","Finance Code Directory (2019-22","1530"
"2019-22","1673","Italian Club","chat with Enrico Letta former Italian Prime Minister","43942","","X","X145","Finance Code Directory (2019-22","1531"
"2019-22","1672","Italian Club","Cooking Masterclass","43932","","S","S144","Finance Code Directory (2019-22","1532"
"2019-22","1671","Wine & Spirit Club","Virtual Wine Tasting with East London Wine School","43931","","S","S224","Finance Code Directory (2019-22","1533"
"2019-22","1670","Italian Club","Virtual speaker / chat with Aldo Uva","43929","","X","X145","Finance Code Directory (2019-22","1534"
"2019-22","1668","Private Equity & Venture Capital Club","LBO Modelling workshop 2020","43932","","X","X167","Finance Code Directory (2019-22","1535"
"2019-22","1667","Turnaround Management and Restructuring Club","Alvarez & Marsal virtual chat","43930","","X","X305","Finance Code Directory (2019-22","1536"
"2019-22","1665","Debate & Public Speaking Club","Virtual Pub Quiz","43917","","S","S168","Finance Code Directory (2019-22","1537"
"2019-22","1664","Rugby Club (Women's)","Exco Jackets","43908","","S","S200","Finance Code Directory (2019-22","1538"
"2019-22","1663","Portugal Club","Tattoo materials","43897","","S","S298","Finance Code Directory (2019-22","1539"
"2019-22","1661","Women in Business Club","FashTech Webinr Little Black Door Presentation and Q&A","43923","","X","X199","Finance Code Directory (2019-22","1540"
"2019-22","1660","Australia and New Zealand Club","Tattoo 2020","43897","","S","S348","Finance Code Directory (2019-22","1541"
"2019-22","1659","Central & Eastern Europe Club","Tattoo 2020","43897","","S","S116","Finance Code Directory (2019-22","1542"
"2019-22","1658","Tech & Media Club","Fintech Networking","43874","","X","X213","Finance Code Directory (2019-22","1543"
"2019-22","1657","Germany Switzerland & Austria Club","Tattoo 2020","43897","","S","S132","Finance Code Directory (2019-22","1544"
"2019-22","1656","Music Club","Replacing equipment","43899","44043","X","X211","Finance Code Directory (2019-22","1545"
"2019-22","1655","Asia Club","Tattoo 2020","43897","","S","S102","Finance Code Directory (2019-22","1546"
"2019-22","1654","India Club","Tattoo 2020","43897","","S","S136","Finance Code Directory (2019-22","1547"
"2019-22","1652","Africa Club","Alumni Event","43899","43913","X","X105","Finance Code Directory (2019-22","1548"
"2019-22","1651","Latam Club","Latin America Business Forum LABF 2020","43924","","X","X151","Finance Code Directory (2019-22","1549"
"2019-22","1650","Private Equity & Venture Capital Club","Hambro Perks","43922","","X","X167","Finance Code Directory (2019-22","1550"
"2019-22","1649","Latam Club","Tattoo","43897","","S","S150","Finance Code Directory (2019-22","1551"
"2019-22","1648","Impact Consulting Club","IMPACTathon with Exco","43925","","X","X387","Finance Code Directory (2019-22","1552"
"2019-22","1647","Rugby Club (Women's)","Mrch Pub Crawl","43899","","S","S200","Finance Code Directory (2019-22","1553"
"2019-22","1646","Summer Ball 2022","Summer Ball 2022","44751","","S","S488","Finance Code Directory (2019-22","1554"
"2019-22","1645","Hellenic Club","HBA PB Event","43909","","X","X267","Finance Code Directory (2019-22","1555"
"2019-22","1644","Central & Eastern Europe Club","Meeting regional cuisine","43941","","X","X117","Finance Code Directory (2019-22","1556"
"2019-22","1643","Central & Eastern Europe Club","Hungarian Dinner","43910","","X","X117","Finance Code Directory (2019-22","1557"
"2019-22","1642","Snow Club","Snow Trek video release","43906","","X","X185","Finance Code Directory (2019-22","1558"
"2019-22","1641","Sports & Business Club","Sports Business Club backpacks","43896","43901","S","S274","Finance Code Directory (2019-22","1559"
"2019-22","1640","Germany Switzerland & Austria Club","GSA Stammtisch","43900","","X","X133","Finance Code Directory (2019-22","1560"
"2019-22","1638","Italian Club","The Future of the European Union","43949","","X","X145","Finance Code Directory (2019-22","1561"
"2019-22","1637","Healthcare Club","Healthcare recruiting","43930","","X","X109","Finance Code Directory (2019-22","1562"
"2019-22","1636","Africa Club","Tattoo 2020","43897","","S","S104","Finance Code Directory (2019-22","1563"
"2019-22","1634","Out in Business Club","GiveOut Event Social Impact week","43901","","X","X165","Finance Code Directory (2019-22","1564"
"2019-22","1633","Middle East Club","Tattoo Food","43897","","S","S156","Finance Code Directory (2019-22","1565"
"2019-22","1632","Wine & Spirit Club","WSET Level 2 Training","43918","43932","X","X225","Finance Code Directory (2019-22","1566"
"2019-22","1631","Israel Club","Idan Ofer","43944","","X","X143","Finance Code Directory (2019-22","1567"
"2019-22","1630","China Club","Tattoo","43897","","S","S270","Finance Code Directory (2019-22","1568"
"2019-22","1629","Sailing Club","Slam Sailing Gear Sales","43896","37376","S","S180","Finance Code Directory (2019-22","1569"
"2019-22","1627","Investment Management Club","Asset Management Conference","43945","","X","X229","Finance Code Directory (2019-22","1570"
"2019-22","1626","Italian Club","Tattoo food","43897","","S","S144","Finance Code Directory (2019-22","1571"
"2019-22","1625","Spanish Club","Tattoo Food","43897","","S","S186","Finance Code Directory (2019-22","1572"
"2019-22","1624","Nordic Club","Tattoo Food","43897","","S","S360","Finance Code Directory (2019-22","1573"
"2019-22","1623","Portugal Club","Networking Portugal & Brazil","43886","","X","X299","Finance Code Directory (2019-22","1574"
"2019-22","1622","Japan Club","Tattoo Food","43897","","S","S146","Finance Code Directory (2019-22","1575"
"2019-22","1621","Korea Club","Tattoo Food","43897","","S","S148","Finance Code Directory (2019-22","1576"
"2019-22","1620","Portugal Club","Tattoo Food","43897","","S","S298","Finance Code Directory (2019-22","1577"
"2019-22","1619","Rugby Club (Men's)","Exco meetings","43678","44012","X","X177","Finance Code Directory (2019-22","1578"
"2019-22","1618","Italian Club","Italian Sundowners","43888","","X","X145","Finance Code Directory (2019-22","1579"
"2019-22","1617","Spanish Club","Tattoo costumes07/3/20","43898","","S","S186","Finance Code Directory (2019-22","1580"
"2019-22","1616","Rugby Club (Women's)","Terms 2 & 3 Fitness Events","43831","44043","X","X201","Finance Code Directory (2019-22","1581"
"2019-22","1615","Tech & Media Club","New York Trek","43955","43964","X","X213","Finance Code Directory (2019-22","1582"
"2019-22","1614","Entrepreneurship Club","Fireside chat with Wilbe Ventures","43879","","X","X121","Finance Code Directory (2019-22","1583"
"2019-22","1613","marketing Club","Activist Mkting with Aline Santos18/3/20","43908","","X","X155","Finance Code Directory (2019-22","1584"
"2019-22","1612","Wine & Spirit Club","WSET Level 1 Training","43912","","X","X225","Finance Code Directory (2019-22","1585"
"2019-22","1611","Retail & Luxury Goods Club","Selling Luxury Maserclasses","43899","43921","X","X325","Finance Code Directory (2019-22","1586"
"2019-22","1610","Snow Club","Lift Ticket Sales","43901","43905","X","X185","Finance Code Directory (2019-22","1587"
"2019-22","1609","Brazil Club","Tattoo 2020","43897","","S","S290","Finance Code Directory (2019-22","1588"
"2019-22","1608","Tech & Media Club","Exco TMC social 3","43907","","X","X213","Finance Code Directory (2019-22","1589"
"2019-22","1607","Hellenic Club","Tattoo 2020","43897","","S","S266","Finance Code Directory (2019-22","1590"
"2019-22","1606","Design & Innovation Club","Adobe Design Thinking workshop","43897","43899","X","X425","Finance Code Directory (2019-22","1591"
"2019-22","1605","Brazil Club","Brazil Portugal dinner","43889","","X","X291","Finance Code Directory (2019-22","1592"
"2019-22","1604","Wine & Spirit Club","Old World Wine Tastings","43900","43921","S","S224","Finance Code Directory (2019-22","1593"
"2019-22","1603","Impact Consulting Club","ICC Sundowners with Exco event","43895","","X","X387","Finance Code Directory (2019-22","1594"
"2019-22","1602","Energy & Environment Club","Tokamak Energy presentation","43948","","X","X119","Finance Code Directory (2019-22","1595"
"2019-22","1601","Energy & Environment Club","E&E Venture capital panel discussion","43900","","X","X119","Finance Code Directory (2019-22","1596"
"2019-22","1600","Africa Club","My Africa Speaker series","43891","44561","X","X105","Finance Code Directory (2019-22","1597"
"2019-22","1599","Spanish Club","Tattoo tickets for Sara Ortiz","43897","","S","S186","Finance Code Directory (2019-22","1598"
"2019-22","1598","cricket Club","Lords Cricket nets","43891","","X","X111","Finance Code Directory (2019-22","1599"
"2019-22","1597","Women in Business Club","Fem Tech Lessons from one of entrepreneurship's toughest lanscape","43906","","X","X199","Finance Code Directory (2019-22","1600"
"2019-22","1596","Real Estate Club","Prop Tech & Structured Finance Mar 20","43907","","X","X171","Finance Code Directory (2019-22","1601"
"2019-22","1595","Real Estate Club","RE Financial Medelling Mar 20","43904","43905","X","X171","Finance Code Directory (2019-22","1602"
"2019-22","1594","Expedition Club","Swiss Canyoning _Kayaking Trek 2020","43972","43975","X","X417","Finance Code Directory (2019-22","1603"
"2019-22","1593","India Club","Indian meal","43895","","S","S136","Finance Code Directory (2019-22","1604"
"2019-22","1592","Healthcare Club","LBS CBS MIT Healthcare Networking","43907","","X","X109","Finance Code Directory (2019-22","1605"
"2019-22","1591","Women in Business Club","WiB Tattoo Booth","43897","","S","S198","Finance Code Directory (2019-22","1606"
"2019-22","1590","Women in Business Club","CDC case workshop & networking social impact week","43901","","S","S198","Finance Code Directory (2019-22","1607"
"2019-22","1589","Future of Mobility club (Automotive)","Geneva Motor Show trek","43903","","X","X445","Finance Code Directory (2019-22","1608"
"2019-22","1588","Marketing Club","After hours session Intro to digital marketing","43899","","X","X155","Finance Code Directory (2019-22","1609"
"2019-22","1587","Board Games Club","Pocket Aces - Poker tournament","43892","","S","S396","Finance Code Directory (2019-22","1610"
"2019-22","1586","Retail & Luxury Goods Club","Milan RLGC Trek","43903","43907","X","X325","Finance Code Directory (2019-22","1611"
"2019-22","1585","Social Impact Club","Social Impact Careers Fair","43901","","X","X159","Finance Code Directory (2019-22","1612"
"2019-22","1584","Entrepreneurship Club","Launchpad","43906","","X","X121","Finance Code Directory (2019-22","1613"
"2019-22","1583","Latam Club","Latam club Alumni panel","43887","","X","X151","Finance Code Directory (2019-22","1614"
"2019-22","1582","Military in Business Club","Military in Business networking event","43887","","X","X363","Finance Code Directory (2019-22","1615"
"2019-22","1581","Rugby Club (Men's)","Mixed Pub Crawl","43899","43900","S","S176","Finance Code Directory (2019-22","1616"
"2019-22","1580","Art & Business Club","Kick off","44091","","X","X269","Finance Code Directory (2019-22","1617"
"2019-22","1579","Women in Business Club","WiB Innovation Mentor Mixer","43885","","X","X199","Finance Code Directory (2019-22","1618"
"2019-22","1578","Rugby Club (Women's)","Duke Tour bags","43880","43893","S","S200","Finance Code Directory (2019-22","1619"
"2019-22","1576","Investment Management Club","Spring Stock Pitch competition","43909","","X","X229","Finance Code Directory (2019-22","1620"
"2019-22","1575","Investment Management Club","Quant Investing with Luliia Shpak, Sarasin & Partners","43902","","X","X229","Finance Code Directory (2019-22","1621"
"2019-22","1574","Design & Innovation Club","ExCo Spring Semester planning meeting","43873","","X","X425","Finance Code Directory (2019-22","1622"
"2019-22","1573","Russian Club","Tattoo 20","43897","","S","S436","Finance Code Directory (2019-22","1623"
"2019-22","1572","Cricket Club","Lords Cricket nets","43881","","X","X111","Finance Code Directory (2019-22","1624"
"2019-22","1571","Expedition Club","Boxhill walk 2020","43891","","X","X417","Finance Code Directory (2019-22","1625"
"2019-22","1570","Expedition Club","FaroeIslands 2020 trek","43951","43955","X","X417","Finance Code Directory (2019-22","1626"
"2019-22","1569","Private Equity & Venture Capital Club","VC London Trek","43881","43888","X","X167","Finance Code Directory (2019-22","1627"
"2019-22","1568","Russian Club","2020 Moscow Trek","43875","43878","X","X435","Finance Code Directory (2019-22","1628"
"2019-22","1567","Football Club (Men's)","FIFA Tournament Football club","43882","43894","S","S126","Finance Code Directory (2019-22","1629"
"2019-22","1566","Private Equity & Venture Capital Club","Future of Tech by Benedict Evans","43894","","X","X167","Finance Code Directory (2019-22","1630"
"2019-22","1565","Energy & Environment Club","Global Energy Summit GES2020","43902","43903","X","X119","Finance Code Directory (2019-22","1631"
"2019-22","1564","Tech & Media Club","Voice AI in Media","43866","","X","X213","Finance Code Directory (2019-22","1632"
"2019-22","1563","Turnaround Management and Restructuring Club","BCG Turn","43773","","X","X305","Finance Code Directory (2019-22","1633"
"2019-22","1562","Tech & Media Club","GIS Workshop","43909","43910","X","X213","Finance Code Directory (2019-22","1634"
"2019-22","1561","Sailing Club","Trek - Alumni Business Cup - Hamburg","43972","43975","X","X181","Finance Code Directory (2019-22","1635"
"2019-22","1560","Tech & Media Club","SQL Workshops","43896","","X","X213","Finance Code Directory (2019-22","1636"
"2019-22","1559","Sailing Club","Trek LBS Global MBA Trophy - Athens","43944","43947","X","X181","Finance Code Directory (2019-22","1637"
"2019-22","1558","Sailing Club","Sailing Trek - Crusiing in Sicily","43972","43976","X","X181","Finance Code Directory (2019-22","1638"
"2019-22","1557","Tech & Media Club","Digital Bootcamp","43892","","X","X213","Finance Code Directory (2019-22","1639"
"2019-22","1556","Tech & Media Club","Python Workshop","43889","43891","X","X213","Finance Code Directory (2019-22","1640"
"2019-22","1555","Corporate Leadership Club","An Evening with Tim Brett Coca Cola","43901","","X","X209","Finance Code Directory (2019-22","1641"
"2019-22","1554","Expedition Club","3 Peaks 2020","44093","44095","X","X417","Finance Code Directory (2019-22","1642"
"2019-22","1553","Private Equity & Venture Capital Club","London PE Trek027/2/20","43888","43924","X","X167","Finance Code Directory (2019-22","1643"
"2019-22","1552","Marketing Club","How Airline Crisis Management Works","43886","","X","X155","Finance Code Directory (2019-22","1644"
"2019-22","1551","Marketing Club","Meet the Marketers 2020","43878","","X","X155","Finance Code Directory (2019-22","1645"
"2019-22","1550","Salsa Club","Tattoo Performance Prep Classes","43857","43897","X","X183","Finance Code Directory (2019-22","1646"
"2019-22","1549","Israel Club","Techniion UK - Stories from the Startup Nation","43913","","X","X143","Finance Code Directory (2019-22","1647"
"2019-22","1548","Tech & Media Club","Tech for non Techies","43862","","X","X213","Finance Code Directory (2019-22","1648"
"2019-22","1547","Private Equity & Venture Capital Club","LBO Workshop","43883","","X","X167","Finance Code Directory (2019-22","1649"
"2019-22","1546","Healthcare Club","VC Speaker Series - Hadean Ventures","43878","","X","X109","Finance Code Directory (2019-22","1650"
"2019-22","1545","Real Estate Club","Conference LBS_RE","43951","","X","X171","Finance Code Directory (2019-22","1651"
"2019-22","1544","Real Estate Club","Speaker PGIMEuropeanRealEstate","43878","","X","X171","Finance Code Directory (2019-22","1652"
"2019-22","1543","Spanish club","Granada Trek","43945","","X","X187","Finance Code Directory (2019-22","1653"
"2019-22","1542","Cricket Club","Lords Net","43870","","X","X111","Finance Code Directory (2019-22","1654"
"2019-22","1541","Family Business Club","Family Style dinner with Alberto Fraquelli","43893","","S","S306","Finance Code Directory (2019-22","1655"
"2019-22","1540","Out in Business Club","Tattoo 2020 - OiB Promotion","43871","","S","S164","Finance Code Directory (2019-22","1656"
"2019-22","1539","Australia and New Zealand Club","Australia/NZ stall Tattoo","43897","","S","S348","Finance Code Directory (2019-22","1657"
"2019-22","1538","Future of Mobility Club (Automotive)","Trek_F1 factory visit","43921","","X","X445","Finance Code Directory (2019-22","1658"
"2019-22","1537","Out in Business Club","White Party","43891","","S","S164","Finance Code Directory (2019-22","1659"
"2019-22","1536","Brazil Club","Breakfast with CI&T","43894","","X","X291","Finance Code Directory (2019-22","1660"
"2019-22","1535","Design & Innovation Club","Book launch The Invicible Company by A Osterwalder & David Bland","43869","","X","X425","Finance Code Directory (2019-22","1661"
"2019-22","1534","Asia Club","ExCo gathering Event","43867","","X","X103","Finance Code Directory (2019-22","1662"
"2019-22","1533","Out in Business Club","EUROUT 2020","43862","","S","S164","Finance Code Directory (2019-22","1663"
"2019-22","1532","Out in Business Club","Valentine's Event ""Love is Love""","43871","43876","X","X165","Finance Code Directory (2019-22","1664"
"2019-22","1531","Japan Club","Networking with Japanese VC Global Brain Europe Head","43878","","X","X147","Finance Code Directory (2019-22","1665"
"2019-22","1530","Investment Management Club","The Path to IO with Lucy Macdonald, Allianz","43887","","X","X229","Finance Code Directory (2019-22","1666"
"2019-22","1529","Italian Club","Venetian Masquerade Ball","43886","","S","S144","Finance Code Directory (2019-22","1667"
"2019-22","1528","Australia and New Zealand Club","AU-UK chamber of commercie membership","43891","44255","S","X349","Finance Code Directory (2019-22","1668"
"2019-22","1527","Spanish club","Sale of Spanish club gear","43868","","S","S186","Finance Code Directory (2019-22","1669"
"2019-22","1526","Energy & Environment Club","Modelling workshops 2020","43897","43918","X","X119","Finance Code Directory (2019-22","1670"
"2019-22","1525","Israel Club","Tattoo 2020","43897","","S","S142","Finance Code Directory (2019-22","1671"
"2019-22","1524","Entrepreneurship Club","STEP - Customer Development","43885","","X","X121","Finance Code Directory (2019-22","1672"
"2019-22","1523","Italian Club","Chat with Roberta Bazzo","43857","","X","X145","Finance Code Directory (2019-22","1673"
"2019-22","1522","Future of Mobility Club (Automotive)","Speaker event with Protean Electric","43894","","X","X445","Finance Code Directory (2019-22","1674"
"2019-22","1521","Expedition Club","Tourdumontblanc 2021 trek","44071","44079","X","X417","Finance Code Directory (2019-22","1675"
"2019-22","1520","Private Equity & Venture Capital Club","VCIC First round","43864","","X","X167","Finance Code Directory (2019-22","1676"
"2019-22","1519","Private Equity & Venture Capital Club","Global Cse Competion - Harvard","43945","43946","X","X167","Finance Code Directory (2019-22","1677"
"2019-22","1518","Foodie Club","Gelato making experience","43878","","S","S460","Finance Code Directory (2019-22","1678"
"2019-22","1517","Expedition Club","Scuba Eqypt Trek","43930","43934","X","X417","Finance Code Directory (2019-22","1679"
"2019-22","1516","Portugal Club","PT Trek Azores","43972","43975","X","X299","Finance Code Directory (2019-22","1680"
"2019-22","1515","Spanish club","Spanish Speaking Dinner","43871","","X","X187","Finance Code Directory (2019-22","1681"
"2019-22","1514","Cricket Club","Lords Practice Net","43863","","X","X111","Finance Code Directory (2019-22","1682"
"2019-22","1513","Central & Eastern Europe Club","Georgian dinner","43873","","X","X117","Finance Code Directory (2019-22","1683"
"2019-22","1511","Design & Innovation Club","Portugal Trek Information session","43860","43921","X","X425","Finance Code Directory (2019-22","1684"
"2019-22","1510","Africa Club","Africa Business Summit 2020 - After Party","43925","","S","S104","Finance Code Directory (2019-22","1685"
"2019-22","1509","Private Equity & Venture Capital Club","2020 Madrid PE Trek","43902","43903","X","X167","Finance Code Directory (2019-22","1686"
"2019-22","1508","Wine & Spirit Club","The Great English Wine Tour","43883","","X","X225","Finance Code Directory (2019-22","1687"
"2019-22","1507","Consulting Club","CaseCoach PEI session","43860","43889","X","X115","Finance Code Directory (2019-22","1688"
"2019-22","1506","Rugby Club (Men's)","Men's Rugby club 2020 social","43883","","S","S176","Finance Code Directory (2019-22","1689"
"2019-22","1505","Volunteers Club","ExCo LBSfor London","43897","43905","X","X355","Finance Code Directory (2019-22","1690"
"2019-22","1504","Private Equity & Venture Capital Club","VC Speakers Fireside Chat Tom Wilson from Seedcamp","43873","","X","X167","Finance Code Directory (2019-22","1691"
"2019-22","1503","Tech & Media Club","Exco SVP Meeting","43802","","X","X213","Finance Code Directory (2019-22","1692"
"2019-22","1502","Art & Business Club","Art, Territory and Belonging: Personalising the Workspace","43888","","X","X269","Finance Code Directory (2019-22","1693"
"2019-22","1501","Germany Switzerland & Austria Club","Workshop with PE Fund Armira","43878","","X","X133","Finance Code Directory (2019-22","1694"
"2019-22","1500","Football Club (Men's)","Half year membership","43857","43870","X","X127","Finance Code Directory (2019-22","1695"
"2019-22","1499","Social Impact Club","Social Impact ExCo Socials","43774","","X","X159","Finance Code Directory (2019-22","1696"
"2019-22","1498","Social Impact Club","MIINT","43787","","X","X159","Finance Code Directory (2019-22","1697"
"2019-22","1497","Germany Switzerland & Austria Club","G Stammtisch","43859","","X","X133","Finance Code Directory (2019-22","1698"
"2019-22","1496","Australia and New Zealand Club","NExCo dinner","43725","","X","X349","Finance Code Directory (2019-22","1699"
"2019-22","1495","Football Club (Men's)","IESE Spring games 2020","43854","43913","X","X127","Finance Code Directory (2019-22","1700"
"2019-22","1494","Private Equity & Venture Capital Club","Educational Trek to Berline VC Firms","43895","43896","X","X167","Finance Code Directory (2019-22","1701"
"2019-22","1493","Turnaround Management and Restructuring Club","Restructuing Workshop 1H20","43883","","X","X305","Finance Code Directory (2019-22","1702"
"2019-22","1492","Cycling Club","London-Paris Ride","43966","43968","X","X351","Finance Code Directory (2019-22","1703"
"2019-22","1489","Hellenic Club","Reload Greece Feb2020","43869","","X","X267","Finance Code Directory (2019-22","1704"
"2019-22","1488","Football Club (Men's)","Training Jersey sale","43851","43856","S","S126","Finance Code Directory (2019-22","1705"
"2019-22","1487","Badminton club","Weekly court booking","43678","44043","X","X207","Finance Code Directory (2019-22","1706"
"2019-22","1486","Brazil Club","Brazil Trek","43947","43952","X","X291","Finance Code Directory (2019-22","1707"
"2019-22","1485","Sailing Club","IESE Spring Games in Barcelona","43910","43912","X","X181","Finance Code Directory (2019-22","1708"
"2019-22","1484","Healthcare Club","Sundowners by Healthcare Club","43937","","X","X109","Finance Code Directory (2019-22","1709"
"2019-22","1483","Social Impact Club","Social Impact Week","43899","43903","X","X159","Finance Code Directory (2019-22","1710"
"2019-22","1482","Retail & Luxury Goods Club","Berlin Trek 2020","43940","44218","X","X325","Finance Code Directory (2019-22","1711"
"2019-22","1481","Cricket Club","Lords Cricket Nets","43856","","X","X111","Finance Code Directory (2019-22","1712"
"2019-22","1480","Retail & Luxury Goods Club","Exco Support","43846","","X","X325","Finance Code Directory (2019-22","1713"
"2019-22","1479","Rugby Club (Women's)","Alumnni Tournament","43883","","X","X201","Finance Code Directory (2019-22","1714"
"2019-22","1478","Africa Club","2nd term social with ExCo event","43865","","X","X105","Finance Code Directory (2019-22","1715"
"2019-22","1477","Sailing Club","Alumni Sailing Challenge","43924","44201","X","X181","Finance Code Directory (2019-22","1716"
"2019-22","1476","Entrepreneurship Club","Pizza, pint & Pitches night","43858","44196","X","X121","Finance Code Directory (2019-22","1717"
"2019-22","1475","Portugal Club","PT Club Alumni Dinner @ Lisbon","43818","","X","X299","Finance Code Directory (2019-22","1718"
"2019-22","1474","Private Equity & Venture Capital Club","PE Trek Italy","43881","43882","X","X167","Finance Code Directory (2019-22","1719"
"2019-22","1473","Central & Eastern Europe Club","Georgia Trek 2020","43986","43990","X","X117","Finance Code Directory (2019-22","1720"
"2019-22","1472","Central & Eastern Europe Club","Slovakia Trek 2020","43964","43969","X","X117","Finance Code Directory (2019-22","1721"
"2019-22","1471","Hellenic Club","New Year Meeting","43850","","X","X267","Finance Code Directory (2019-22","1722"
"2019-22","1470","Rugby Club (Men's)","Duke 2020 - Long Tour","43919","43927","X","X177","Finance Code Directory (2019-22","1723"
"2019-22","1469","Retail & Luxury Goods Club","RLGC Speaker Series: CEO Patrizia Pepe (Roberto Tribioli)","43866","","X","X325","Finance Code Directory (2019-22","1724"
"2019-22","1468","Partners Club","Valentine's Day","43874","","S","S163","Finance Code Directory (2019-22","1725"
"2019-22","1467","Partners Club","Brunch Series: Granger & Co","43891","","X","X163","Finance Code Directory (2019-22","1726"
"2019-22","1466","Partners Club","Brunch Series: Dishoom","43863","","X","X163","Finance Code Directory (2019-22","1727"
"2019-22","1465","Sailing Club","Practical Skipper Training South Coast UK (Salty Dog)","43938","43940","X","X181","Finance Code Directory (2019-22","1728"
"2019-22","1464","Investment Management Club","ExCo IMC Social","43868","","X","X229","Finance Code Directory (2019-22","1729"
"2019-22","1463","Investment Management Club","Investng in EM/LATAM Markets","43861","","X","X229","Finance Code Directory (2019-22","1730"
"2019-22","3218","Acting Club","ExCo_endofyearSocial_Gathering2022","44712","","S","S230","Finance Code Directory (2019-22","1731"
"2019-22","1461","Music Club","Conversation with Tiago Correia _ Warner Music Group","43854","","X","X211","Finance Code Directory (2019-22","1732"
"2019-22","1460","Football Club (Men's)","Pitch Rental - others","43845","44012","X","X127","Finance Code Directory (2019-22","1733"
"2019-22","1459","Private Equity & Venture Capital Club","Wharton MBA Buyout Case Comp 2020","43889","","X","X167","Finance Code Directory (2019-22","1734"
"2019-22","1458","Private Equity & Venture Capital Club","IESE PE Case Competition 2020","43910","","X","X167","Finance Code Directory (2019-22","1735"
"2019-22","1457","Israel Club","ExCo meetings 2020","43845","44012","X","X143","Finance Code Directory (2019-22","1736"
"2019-22","1455","Partners Club","Easter - Kids","43932","","S","S162","Finance Code Directory (2019-22","1737"
"2019-22","1454","Partners Club","Halloween Party","43758","","X","X163","Finance Code Directory (2019-22","1738"
"2019-22","1453","Entrepreneurship Club","STEP - Idetion","43859","","X","X121","Finance Code Directory (2019-22","1739"
"2019-22","1452","Retail & Luxury Goods Club","Luxury Brand Management: Dr. Sindy Liu","43853","43853","X","X325","Finance Code Directory (2019-22","1740"
"2019-22","1450","French Club","Tattoo 2020 - French Club","43897","","S","S130","Finance Code Directory (2019-22","1741"
"2019-22","1449","Wine & Spirit Club","French Trek 2020 with the French Club","43889","43863","X","X225","Finance Code Directory (2019-22","1742"
"2019-22","1448","Australia and New Zealand Club","Waitangi/Australia Day party 2020","43861","","S","S348","Finance Code Directory (2019-22","1743"
"2019-22","1447","China Club","Chinese New Year/Lunar New Year Party","43850","","S","S270","Finance Code Directory (2019-22","1744"
"2019-22","1446","Music Club","Faulty Equipment replacement","43770","43830","X","X211","Finance Code Directory (2019-22","1745"
"2019-22","1445","Private Equity & Venture Capital Club","Ent Through Acquisition- Becoming a CEO from an MBA","43886","43894","X","X167","Finance Code Directory (2019-22","1746"
"2019-22","1444","Tech & Media Club","ExCo TMC Social 2","43864","","X","X213","Finance Code Directory (2019-22","1747"
"2019-22","1443","Turnaround Management and Restructuring Club","TMRC - TMA Panel Discussion","43866","","X","X305","Finance Code Directory (2019-22","1748"
"2019-22","1442","Art & Business Club","Workshop","43868","","X","X269","Finance Code Directory (2019-22","1749"
"2019-22","1441","Nordic Club","Nordic Club New Years dinner","43845","","X","X361","Finance Code Directory (2019-22","1750"
"2019-22","1440","Future of Mobility club (Automotive)","Club Social","43859","","S","S446","Finance Code Directory (2019-22","1751"
"2019-22","1439","Snow Club","Snow Trek2020","43535","43539","X","X185","Finance Code Directory (2019-22","1752"
"2019-22","1438","Cricket Club","Cricket Nets","43846","","X","X111","Finance Code Directory (2019-22","1753"
"2019-22","1437","Golf Club","Recurring Golf lessons","43831","44196","X","X135","Finance Code Directory (2019-22","1754"
"2019-22","1435","Commodities Club","Real World Examples of Commodity Risk Mngt","43851","","X","X409","Finance Code Directory (2019-22","1755"
"2019-22","1434","Middle East Club","Middle East Club party","43523","43524","S","S156","Finance Code Directory (2019-22","1756"
"2019-22","1433","Finance Club","Website & Networking Cost","43831","44196","X","X125","Finance Code Directory (2019-22","1757"
"2019-22","1432","Finance Club","Wall Street Prep Fin & Val Mod Seminar","43785","43788","X","X125","Finance Code Directory (2019-22","1758"
"2019-22","1430","Military in Business Club","Networking Social","43836","","X","X363","Finance Code Directory (2019-22","1759"
"2019-22","1429","Healthcare Club","Healthcare Conference 2020","43888","","X","X109","Finance Code Directory (2019-22","1760"
"2019-22","1428","Healthcare Club","Intro to Consulting in Healthcare by BCG","43844","","X","X109","Finance Code Directory (2019-22","1761"
"2019-22","1427","Entrepreneurship Club","HackLBS","43882","43884","X","X121","Finance Code Directory (2019-22","1762"
"2019-22","1426","Private Equity & Venture Capital Club","Oxford Private Equity Challenge 2020","26/03/0520","43918","X","X167","Finance Code Directory (2019-22","1763"
"2019-22","1425","Salsa Club","Salsa Classes Spring 2020","43831","43921","X","X183","Finance Code Directory (2019-22","1764"
"2019-22","1424","Consulting Club","Healthcare Consulting Case Workshop","43844","","X","X115","Finance Code Directory (2019-22","1765"
"2019-22","1423","Consulting Club","ExCo social event","43784","","X","X115","Finance Code Directory (2019-22","1766"
"2019-22","1422","Hellenic Club","Greet Trek 2020","43975","43980","X","X267","Finance Code Directory (2019-22","1767"
"2019-22","1421","Women in Business Club","WiB Alumni Holiday Giving","43812","44012","X","X199","Finance Code Directory (2019-22","1768"
"2019-22","1420","Women in Business Club","Amex Coffee chats","43475","","S","S198","Finance Code Directory (2019-22","1769"
"2019-22","1419","Private Equity & Venture Capital Club","Alum Networking drinks","43866","","X","X167","Finance Code Directory (2019-22","1770"
"2019-22","1418","Private Equity & Venture Capital Club","Multiple X Conference Kickoff","43859","","X","X167","Finance Code Directory (2019-22","1771"
"2019-22","1417","Private Equity & Venture Capital Club","LBS - MIT PE VC Club Social","43798","","X","X167","Finance Code Directory (2019-22","1772"
"2019-22","1416","Japan Club","Sake Night","43865","","S","S146","Finance Code Directory (2019-22","1773"
"2019-22","1414","Consulting Club","Healthcare Consulting at BCG","43844","","X","X115","Finance Code Directory (2019-22","1774"
"2019-22","1413","French Club","Normandy Trek 2020","43579","43580","X","X131","Finance Code Directory (2019-22","1775"
"2019-22","1412","Debate & Public Speaking Club","Exco & member meetings & activities","43707","44022","X","X169","Finance Code Directory (2019-22","1776"
"2019-22","1411","Debate & Public Speaking Club","2019/20 Competitive Debate Tournaments","43707","44022","X","X169","Finance Code Directory (2019-22","1777"
"2019-22","1410","Central","Small Project Fund - Mindful me","43864","43890","X","X101","Finance Code Directory (2019-22","1778"
"2019-22","1409","Women in Business Club","WiB brand relaunch","43831","44043","X","X199","Finance Code Directory (2019-22","1779"
"2019-22","1408","Women in Business Club","WiB personal dev master class series","43878","43924","X","X199","Finance Code Directory (2019-22","1780"
"2019-22","1407","Italian Club","ExCo social event","43803","","X","X145","Finance Code Directory (2019-22","1781"
"2019-22","1406","Africa Club","Africa Business Summit 2020","43925","","X","X105","Finance Code Directory (2019-22","1782"
"2019-22","1405","Latam Club","Colombia Trek","43912","","X","X151","Finance Code Directory (2019-22","1783"
"2019-22","1404","Women in Business Club","Manbassador charity drive","43795","","X","X199","Finance Code Directory (2019-22","1784"
"2019-22","1403","Women in Business Club","EQUALL Women in Business Conference","43896","","X","X199","Finance Code Directory (2019-22","1785"
"2019-22","1402","Asia Club","Ex_Co year end gathering event","43801","","X","X103","Finance Code Directory (2019-22","1786"
"2019-22","1401","Volunteers Club","Toy Drive","","","X","X355","Finance Code Directory (2019-22","1787"
"2019-22","1400","French Club","French Trek 2020","43889","43892","X","X131","Finance Code Directory (2019-22","1788"
"2019-22","1399","Finance Club","Finance Club ExCo social meeting 1","43781","","X","X125","Finance Code Directory (2019-22","1789"
"2019-22","1398","Africa Club","Exco meetings series","43738","44043","X","X105","Finance Code Directory (2019-22","1790"
"2019-22","1397","Africa Club","Eco kick off drinks","43745","","X","X105","Finance Code Directory (2019-22","1791"
"2019-22","1396","Africa Club","Christmas gathering with Exco event","43802","","X","X105","Finance Code Directory (2019-22","1792"
"2019-22","1395","Healthcare Club","Alira Health competition","43790","","X","X109","Finance Code Directory (2019-22","1793"
"2019-22","1394","Rugby club (Women's)","Duke Long Tour","43921","43927","X","X201","Finance Code Directory (2019-22","1794"
"2019-22","1393","Rugby club (Women's)","Spray Jackets","43798","43806","S","S200","Finance Code Directory (2019-22","1795"
"2019-22","1392","Energy & Environment Club","ExCo Social Drinks at The Sir John Balcombe","43844","","X","X119","Finance Code Directory (2019-22","1796"
"2019-22","1391","Dubai","Virtual Quiz night 1","43992","","X","X441","Finance Code Directory (2019-22","1797"
"2019-22","1390","Investment Management club","UCLA 4th Credit Pitch Competition","43784","","X","X229","Finance Code Directory (2019-22","1798"
"2019-22","1389","Design & Innovation Club","Web Domain Registration & Management","43839","","X","X425","Finance Code Directory (2019-22","1799"
"2019-22","1388","Design & Innovation Club","Book Launch & tak by A Osterwalder & D. Bland","43887","","X","X425","Finance Code Directory (2019-22","1800"
"2019-22","1387","Middle East club","Middle East Conference 2020","43903","","X","X157","Finance Code Directory (2019-22","1801"
"2019-22","1386","Latam Club","Latam Intership Panel: Consulting","43803","","X","X151","Finance Code Directory (2019-22","1802"
"2019-22","1385","Latam Club","Latam Internship Panel: Invest Banking, PE &VC","43801","","X","X151","Finance Code Directory (2019-22","1803"
"2019-22","1383","Sports & Business Club","Portas Case Competition","43780","","X","X275","Finance Code Directory (2019-22","1804"
"2019-22","1382","Germany Switzerland & Austria Club","ExCo New onboarding dinner","43782","","X","X133","Finance Code Directory (2019-22","1805"
"2019-22","1381","Latam Club","Trek Peru 2020 - GBE","43988","","X","X151","Finance Code Directory (2019-22","1806"
"2019-22","1380","Real Estate Club","Trek - Real Estate club","43888","43889","X","X171","Finance Code Directory (2019-22","1807"
"2019-22","1379","Swimming Club","100x100 Swim Event","43804","","X","X193","Finance Code Directory (2019-22","1808"
"2019-22","1378","Design & Innovation Club","Workshop hosted by Jesper Rhodes from Hyper Island","43797","43799","X","X425","Finance Code Directory (2019-22","1809"
"2019-22","1377","Tennis Club","ExCo Welcome Tennis Try Outs","43723","","X","X221","Finance Code Directory (2019-22","1810"
"2019-22","1376","Investment Management club","Fall Stock Pitch Competition","43797","","X","X229","Finance Code Directory (2019-22","1811"
"2019-22","1375","Football Club (Women's)","Jerseys","43788","43795","S","S128","Finance Code Directory (2019-22","1812"
"2019-22","1374","Investment Management club","Fidelity Management & Research Info Session","43797","43798","X","X229","Finance Code Directory (2019-22","1813"
"2019-22","1373","North America Club","Halloween Party","43775","","S","S160","Finance Code Directory (2019-22","1814"
"2019-22","1372","Middle East club","Belly Dance Class","43795","","X","X157","Finance Code Directory (2019-22","1815"
"2019-22","1371","Impact Consulting Club","ExCo Socials","43689","44043","X","X387","Finance Code Directory (2019-22","1816"
"2019-22","1370","Impact Consulting Club","Impact Consulting projects with ExCo event","43738","43799","X","X387","Finance Code Directory (2019-22","1817"
"2019-22","1367","Africa Club","ExCo Social bonding trip to Oxford","43785","","X","X105","Finance Code Directory (2019-22","1818"
"2019-22","1366","Football Club (Men's)","International Friendly matches","43791","43792","X","X127","Finance Code Directory (2019-22","1819"
"2019-22","1365","Hellenic Club","Christmas event","43801","","X","X267","Finance Code Directory (2019-22","1820"
"2019-22","1364","Africa Club","Trek_PE London","43791","","X","X105","Finance Code Directory (2019-22","1821"
"2019-22","1363","Energy & Environment Club","ExCo Club Social at The Volunteer","43780","","X","X119","Finance Code Directory (2019-22","1822"
"2019-22","1362","Energy & Environment Club","Boston Consulting Group WEF Climate Change","43796","","X","X119","Finance Code Directory (2019-22","1823"
"2019-22","1361","Art & Business Club","Tate Late","43798","","X","X269","Finance Code Directory (2019-22","1824"
"2019-22","1360","Consulting Club","Supervised Case Practice","43770","44074","X","X115","Finance Code Directory (2019-22","1825"
"2019-22","1359","Consulting Club","FastMath Session","43785","43786","X","X115","Finance Code Directory (2019-22","1826"
"2019-22","1358","Germany Switzerland & Austria Club","GSA Back to School party","43842","","S","S132","Finance Code Directory (2019-22","1827"
"2019-22","1356","Energy & Environment Club","Origami Energy presentation","43795","","X","X119","Finance Code Directory (2019-22","1828"
"2019-22","1355","Israel Club","Israel Trek 2020","43588","43595","X","X143","Finance Code Directory (2019-22","1829"
"2019-22","1354","Snow Club","Snow Party","43788","","S","S184","Finance Code Directory (2019-22","1830"
"2019-22","1353","Private Equity & Venture Capital Club","Pizza, Beer and VC speaker series Jonathan Hay Delin Ventures","43753","","X","X167","Finance Code Directory (2019-22","1831"
"2019-22","1352","Women in Business Club","Demystifying Finance Panel","43790","","X","X199","Finance Code Directory (2019-22","1832"
"2019-22","1351","Future of Mobility club (Automotive)","Germany Trak","43852","43855","X","X445","Finance Code Directory (2019-22","1833"
"2019-22","1350","Asia Club","Asia Clb #2 Asian Food Series","43795","","S","S102","Finance Code Directory (2019-22","1834"
"2019-22","1349","China Club","Purchase of Sundowner Goods","43783","43790","X","X271","Finance Code Directory (2019-22","1835"
"2019-22","1348","Brazil Club","Entrepreneurship in the UK","43799","","X","X291","Finance Code Directory (2019-22","1836"
"2019-22","1347","Partners Club","Bottomless Boozy Brunch","43793","","S","S162","Finance Code Directory (2019-22","1837"
"2019-22","1346","Tech & Media Club","Meet Product Insider Lindsey Keighley","43795","","X","X213","Finance Code Directory (2019-22","1838"
"2019-22","1345","Cricket Club","Lords Tour","43856","","X","X111","Finance Code Directory (2019-22","1839"
"2019-22","1344","Foodie Club","Trek Lisbon 2020","43889","43891","X","X459","Finance Code Directory (2019-22","1840"
"2019-22","1343","Spanish Club","Back to School party reimbursement","43734","","S","S186","Finance Code Directory (2019-22","1841"
"2019-22","1342","Real Estate Club","Panel 20 Nov LogisticsInv with ExCo event","43789","","X","X171","Finance Code Directory (2019-22","1842"
"2019-22","1340","Real Estate Club","Speaker Series 12 Nov GSMBD with ExCo event","43781","","X","X171","Finance Code Directory (2019-22","1843"
"2019-22","1339","Japan Club","Trek Japan 2020","43913","43919","X","X147","Finance Code Directory (2019-22","1844"
"2019-22","1338","Volunteers Club","LBS for London wesite with ExCo Event","43891","43905","X","X355","Finance Code Directory (2019-22","1845"
"2019-22","1337","Family Business Club","Family Pub Quiz night","43790","","S","S306","Finance Code Directory (2019-22","1846"
"2019-22","1336","Consulting Club","LEK Event","43782","43789","X","X115","Finance Code Directory (2019-22","1847"
"2019-22","1335","Tech & Media Club","LBS Elevate","43744","43966","X","X213","Finance Code Directory (2019-22","1848"
"2019-22","1334","Family Business Club","Back to School Dinner","43843","","S","S306","Finance Code Directory (2019-22","1849"
"2019-22","1333","Tech & Media Club","ExCo First social","43741","","X","X213","Finance Code Directory (2019-22","1850"
"2019-22","1332","Asia Club","Trek - Indonesia","43955","43961","X","X103","Finance Code Directory (2019-22","1851"
"2019-22","1331","Asia Club","Trek - Thailand","43912","43918","X","X103","Finance Code Directory (2019-22","1852"
"2019-22","1330","Asia Club","Trek - Singapore Corporate Trek 2019","43815","43817","X","X103","Finance Code Directory (2019-22","1853"
"2019-22","1328","Turnaround Management and Restructuring Club","Turnaround Management & Restruct Trek","43790","","X","X305","Finance Code Directory (2019-22","1854"
"2019-22","1327","Real Estate Club","ExCo First meeting drinks","43775","","X","X171","Finance Code Directory (2019-22","1855"
"2019-22","1326","Latam Club","Room to rad (donation)","43658","","X","X151","Finance Code Directory (2019-22","1856"
"2019-22","1325","Private Equity & Venture Capital Club","PE Trek Germany","43816","43817","X","X167","Finance Code Directory (2019-22","1857"
"2019-22","1324","Finance Club","5G, now you seet it! Now you don't! How to make the ost of it through equity derivatives","43789","","X","X125","Finance Code Directory (2019-22","1858"
"2019-22","1323","Healthcare Club","Sponsorship J&J 19/20","43775","","S","S108","Finance Code Directory (2019-22","1859"
"2019-22","1322","Corporate Leadership Club","Lean Six Sigma Green Belt Training","43904","43905","X","X209","Finance Code Directory (2019-22","1860"
"2019-22","1321","Cricket Club","Lords Nets","43787","","X","X111","Finance Code Directory (2019-22","1861"
"2019-22","1320","Salsa Club","Autumn Salsa Party","43790","","S","S182","Finance Code Directory (2019-22","1862"
"2019-22","1319","Rugby Club (Women's)","Post-/saturday-Training social","43785","","X","X201","Finance Code Directory (2019-22","1863"
"2019-22","1318","Women in Business Club","Women in Tech with Mastercard's Anne Cairns","43781","","X","X199","Finance Code Directory (2019-22","1864"
"2019-22","1317","Central & Eastern Europe Club","CEE dinner #1","43782","","X","X117","Finance Code Directory (2019-22","1865"
"2019-22","1316","Women in Business Club","WiB ExCo lunch social","43783","","X","X199","Finance Code Directory (2019-22","1866"
"2019-22","1315","Asia Club","Trek - Pakistan Trek","43918","43926","X","X103","Finance Code Directory (2019-22","1867"
"2019-22","1314","Out in Business club","LGBTQ+ Career Fairs","43774","43982","X","X165","Finance Code Directory (2019-22","1868"
"2019-22","1313","China Club","Sponsorship Dreambig Career Ltd","43775","","S","S270","Finance Code Directory (2019-22","1869"
"2019-22","1312","Italian Club","Italian Pizza Making Masterclass","43794","","S","S144","Finance Code Directory (2019-22","1870"
"2019-22","1311","Entrepreneurship Club","Startup Bootcamp","43798","","X","X121","Finance Code Directory (2019-22","1871"
"2019-22","1310","Middle East Club","ExCo Social welcome","43746","","X","X157","Finance Code Directory (2019-22","1872"
"2019-22","1309","Rugby Club (Women's)","WTRC Mentorship Speed Dating","43780","","S","S200","Finance Code Directory (2019-22","1873"
"2019-22","1308","Design & Innovation Club","ExCo welcome drinks","43747","","X","X425","Finance Code Directory (2019-22","1874"
"2019-22","1307","Asia Club","Asia Tech Internship panel","43789","","X","X103","Finance Code Directory (2019-22","1875"
"2019-22","1306","Cycling club","Club jersey, gillet, cap & jacket sales","43775","43789","S","S350","Finance Code Directory (2019-22","1876"
"2019-22","1305","Foodie Club","Evening Dinner - Cheese Bar 2019","43788","","X","X459","Finance Code Directory (2019-22","1877"
"2019-22","1304","Israel Club","The EISP accelerator panel","43782","","X","X143","Finance Code Directory (2019-22","1878"
"2019-22","1303","Marketing Club","ExCo monthly meetings","43739","44012","X","X155","Finance Code Directory (2019-22","1879"
"2019-22","1302","Consulting Club","FastMath Session 2019","43785","43787","X","X115","Finance Code Directory (2019-22","1880"
"2019-22","1301","Asia Club","Asia Club mentoring prog 2019","43782","","X","X103","Finance Code Directory (2019-22","1881"
"2019-22","1300","India Club","Mehendi party","43774","","S","S136","Finance Code Directory (2019-22","1882"
"2019-22","1299","Consulting Club","Training & Development Events","43777","44012","X","X115","Finance Code Directory (2019-22","1883"
"2019-22","1298","Rugby Club (Men's)","Date Auction and merchandise for Movember and HeforShe","43770","43799","X","X177","Finance Code Directory (2019-22","1884"
"2019-22","1297","Israel Club","March of the living registration","43572","43577","X","X143","Finance Code Directory (2019-22","1885"
"2019-22","1296","Israel Club","Holocaust Survivor Testimony","43801","","X","X143","Finance Code Directory (2019-22","1886"
"2019-22","1295","Sailing Club","Sailing Club Polo Sles","43769","43784","S","S180","Finance Code Directory (2019-22","1887"
"2019-22","1294","Finance Club","Python Training - Part II","43792","43793","X","X125","Finance Code Directory (2019-22","1888"
"2019-22","1293","Investment Management Club","ExCo Social event 1st social 2019","43770","","X","X229","Finance Code Directory (2019-22","1889"
"2019-22","1292","Rugby Club (Women's)","Alumni Tournament","43883","","X","X201","Finance Code Directory (2019-22","1890"
"2019-22","1291","Cycling club","Winter Cycling Challenge","43775","43777","X","X351","Finance Code Directory (2019-22","1891"
"2019-22","1290","Italian Club","Consulting in Italy","43781","","X","X145","Finance Code Directory (2019-22","1892"
"2019-22","1289","Latam Club","ExCo kickoff","43747","","X","X151","Finance Code Directory (2019-22","1893"
"2019-22","1288","Social Impact Club","Consumers for Change: Social Impact Conference 2020","43906","43910","X","X159","Finance Code Directory (2019-22","1894"
"2019-22","1287","Social Impact Club","Social Impact club kickoff meeting","43747","","X","X159","Finance Code Directory (2019-22","1895"
"2019-22","1286","Snow Club","ExCo Planning Session","43733","","X","X185","Finance Code Directory (2019-22","1896"
"2019-22","1285","Snow Club","ExCo Dinners","43768","","X","X185","Finance Code Directory (2019-22","1897"
"2019-22","1284","Israel Club","The Melabes Dinner","43803","","S","S142","Finance Code Directory (2019-22","1898"
"2019-22","1283","Private Equity & Venture Capital Club","Hermes GPE Priv Market Challenge 2020 Info Session","43775","","X","X167","Finance Code Directory (2019-22","1899"
"2019-22","1282","Private Equity & Venture Capital Club","Singapore Trek 2019","43815","43817","X","X167","Finance Code Directory (2019-22","1900"
"2019-22","1281","Asia Club","ExCo Welcome dinner event","43746","","X","X103","Finance Code Directory (2019-22","1901"
"2019-22","1281","Asia Club","ExXo Welcome Dinner Event","43746","","X","X103","Finance Code Directory (2019-22","1902"
"2019-22","1279","Rugby Club (Women's)","Short Tour Strategy","43782","","X","X201","Finance Code Directory (2019-22","1903"
"2019-22","1278","Private Equity & Venture Capital Club","LBS Private Equity Brazil Trek 2020","43913","43917","X","X167","Finance Code Directory (2019-22","1904"
"2019-22","1277","Healthcare Club","Exco Dinner_201910","43767","","X","X109","Finance Code Directory (2019-22","1905"
"2019-22","1275","Sports & Business Club","Football Agent & Business Summit","43799","","X","X275","Finance Code Directory (2019-22","1906"
"2019-22","1272","China Club","Sponsorship - Lockin China","43768","43782","S","S270","Finance Code Directory (2019-22","1907"
"2019-22","1271","Turnaround Management and Restructuring Club","Bankruptcy/Restructuring Modelling Workshop","43792","43793","X","X305","Finance Code Directory (2019-22","1908"
"2019-22","1270","Sports & Business Club","Trek Manchester","43795","43796","X","X275","Finance Code Directory (2019-22","1909"
"2019-22","1269","Brazil Club","Brazil Party","43795","","S","S290","Finance Code Directory (2019-22","1910"
"2019-22","1268","Investment Management Club","Investing in Emerging Markets","43776","","X","X229","Finance Code Directory (2019-22","1911"
"2019-22","1267","Investment Management Club","Conversation with Nikhil Srinivasan","43791","","X","X229","Finance Code Directory (2019-22","1912"
"2019-22","1265","Women in Business Club","SQL Training event with WIB Innovation","43777","","X","X199","Finance Code Directory (2019-22","1913"
"2019-22","1264","Wine & Spirit Club","Champagne Tasting","43780","","S","S224","Finance Code Directory (2019-22","1914"
"2019-22","1263","Salsa Club","Salsa Classes Autumn 2019","43717","43787","X","X183","Finance Code Directory (2019-22","1915"
"2019-22","1262","Wine & Spirit Club","ExCo_kickoff dinner","43767","","X","X225","Finance Code Directory (2019-22","1916"
"2019-22","1261","Partners Club","Windsor Wednesday","43747","","X","X163","Finance Code Directory (2019-22","1917"
"2019-22","1260","Partners Club","Three Falcons Social","43762","","X","X163","Finance Code Directory (2019-22","1918"
"2019-22","1259","India Club","Kit Sales","43767","43773","S","S136","Finance Code Directory (2019-22","1919"
"2019-22","1258","Investment Management Club","Speaker Event with Yash Sidana","43769","","X","X229","Finance Code Directory (2019-22","1920"
"2019-22","1257","Private Equity & Venture Capital Club","Workshop_Advanced LBO Workshop with Wall Street Prep 2019","43792","43793","X","X167","Finance Code Directory (2019-22","1921"
"2019-22","1256","Rugby Club (Women's)","Kit Sales","43758","44043","S","S200","Finance Code Directory (2019-22","1922"
"2019-22","1255","Foodie Club","Cook for a Cause 2019","43772","43799","X","X459","Finance Code Directory (2019-22","1923"
"2019-22","1254","Foodie Club","Noma Trek 2020","43904","","X","X459","Finance Code Directory (2019-22","1924"
"2019-22","1253","Consulting Club","Bain & co : Social Impact Cases","43773","43774","X","X115","Finance Code Directory (2019-22","1925"
"2019-22","1252","Foodie Club","Simple Dinner","43767","","X","X459","Finance Code Directory (2019-22","1926"
"2019-22","1251","Australia and New Zealand Club","ANZ Reception at NZ House","43775","","X","X349","Finance Code Directory (2019-22","1927"
"2019-22","1250","Retail & Luxury Goods Club","BCG x Threads Styling speaker","40144","","X","X325","Finance Code Directory (2019-22","1928"
"2019-22","1249","North America Club","Kit Sales","43766","43769","S","S160","Finance Code Directory (2019-22","1929"
"2019-22","1248","Foodie Club","Cheese Lecture with Wine Club","43782","","X","X459","Finance Code Directory (2019-22","1930"
"2019-22","1246","Rugby Club (Women's)","Pub Golf","43753","","X","X201","Finance Code Directory (2019-22","1931"
"2019-22","1245","Private Equity & Venture Capital Club","ExCo - On Boarding and Welcome","43752","","X","X167","Finance Code Directory (2019-22","1932"
"2019-22","1243","Investment Management Club","how to prepare for buy side equity research interviews workshop","43771","","X","X229","Finance Code Directory (2019-22","1933"
"2019-22","1242","Private Equity & Venture Capital Club","INSEAD Competition 2019","43763","43794","X","X167","Finance Code Directory (2019-22","1934"
"2019-22","1241","Asia Club","Asia Consulting Internship panel","43775","","X","X103","Finance Code Directory (2019-22","1935"
"2019-22","1240","Asia Club","Asia Club #1 Asian Food Series","43774","","S","S102","Finance Code Directory (2019-22","1936"
"2019-22","1239","Healthcare Club","club kick off event","43704","","X","X109","Finance Code Directory (2019-22","1937"
"2019-22","1238","Future of Mobility club (Automotive)","A talk with Tony Whitehorn former CEO Hyundai UK","43783","","X","X445","Finance Code Directory (2019-22","1938"
"2019-22","1236","Art & Business Club","Watercolour Workshop","43772","","X","X269","Finance Code Directory (2019-22","1939"
"2019-22","1235","Running Club","Triathlong training trek","43887","43891","X","X179","Finance Code Directory (2019-22","1940"
"2019-22","1234","Portugal Club","networking Portual Club","43698","","X","X299","Finance Code Directory (2019-22","1941"
"2019-22","1233","Portugal Club","Pt Club kick off dinner","43747","","X","X299","Finance Code Directory (2019-22","1942"
"2019-22","1232","Israel Club","Guest speaker - sotries fro start up nation with Eze Vidra","43762","","X","X143","Finance Code Directory (2019-22","1943"
"2019-22","1231","Energy & Environment Club","Guyana's Oil Discovery and its Green Future","43794","","X","X119","Finance Code Directory (2019-22","1944"
"2019-22","1230","Rugby Club (Women's)","Career discussion groups","43754","44043","X","X201","Finance Code Directory (2019-22","1945"
"2019-22","1229","Hellenic Club","Ignite Reload Event","43774","","X","X267","Finance Code Directory (2019-22","1946"
"2019-22","1228","Foodie Club","exco kick off dinner","43753","","X","X459","Finance Code Directory (2019-22","1947"
"2019-22","1227","Latam Club","Latam Career Fair","43784","43785","S","S150","Finance Code Directory (2019-22","1948"
"2019-22","1226","Germany Switzerland & Austria Club","Club kick off","43726","","X","X133","Finance Code Directory (2019-22","1949"
"2019-22","1225","India Club","Fireside chat with Sukand Ramchandran","43774","","X","X137","Finance Code Directory (2019-22","1950"
"2019-22","1224","Women In Business Club","Amex Speed Dating Networking Event","43787","","X","X199","Finance Code Directory (2019-22","1951"
"2019-22","1223","Emerging Markets Club","Decoding CEEMEA with JP Morgan's David Aserkoff","43745","","X","X329","Finance Code Directory (2019-22","1952"
"2019-22","1222","Latam Club","2d ExCo meeting Nov 13","43782","","X","X151","Finance Code Directory (2019-22","1953"
"2019-22","1221","India Club","Sale of Jackets","43755","43760","S","S136","Finance Code Directory (2019-22","1954"
"2019-22","1220","Latam Club","Dia de muerts & Halloween party","43775","43776","S","S150","Finance Code Directory (2019-22","1955"
"2019-22","1219","Rugby Club (Women's)","Short Tour","43791","43793","X","X201","Finance Code Directory (2019-22","1956"
"2019-22","1218","Foodie Club","Tattoo","43897","","S","S460","Finance Code Directory (2019-22","1957"
"2019-22","1217","Spanish Club","Spanish speaking dinners","11/.11/19","43781","S","S186","Finance Code Directory (2019-22","1958"
"2019-22","1216","Consulting Club","Crack a Case Portal yearly maintenance","43752","","X","X115","Finance Code Directory (2019-22","1959"
"2019-22","1215","Tech & Media Club","Learn Digital Marketing from Google","43780","","X","X213","Finance Code Directory (2019-22","1960"
"2019-22","1214","Football Club (Men's)","FBB Partnership","43754","43756","X","X127","Finance Code Directory (2019-22","1961"
"2019-22","1213","Africa Club","Dinner with Shingai Mutasa","43754","","X","X105","Finance Code Directory (2019-22","1962"
"2019-22","1212","Women In Business Club","2019 Rebranding exercise","43738","","X","X199","Finance Code Directory (2019-22","1963"
"2019-22","1211","Running Club","Running Club SWAG","43752","43764","S","S178","Finance Code Directory (2019-22","1964"
"2019-22","1209","Energy & Environment Club","Energy Project Fin Modelling Master Class 2 (Advanced)","43764","","X","X119","Finance Code Directory (2019-22","1965"
"2019-22","1208","Energy & Environment Club","EY Decommissioning","43754","","X","X119","Finance Code Directory (2019-22","1966"
"2019-22","1206","Snow Club","Snow Trek 2019","43807","43813","X","X185","Finance Code Directory (2019-22","1967"
"2019-22","1205","Central","Peer Support Group for Mental Health & Wellbeing","43789","43994","X","X101","Finance Code Directory (2019-22","1968"
"2019-22","1204","Consulting Club","Roland Berger Case Competition (2018-19) with briefing presentation and networking session","43753","43782","S","S114","Finance Code Directory (2019-22","1969"
"2019-22","1203","Future of Mobility club (Automotive)","Automotive Social","43757","","X","X445","Finance Code Directory (2019-22","1970"
"2019-22","1202","Healthcare Club","Healthtech Challenge 2020","43965","","X","X109","Finance Code Directory (2019-22","1971"
"2019-22","1201","Investment Management Club","Primary Research with Ramesh Rajagopalan","43752","","X","X229","Finance Code Directory (2019-22","1972"
"2019-22","1200","Retail & Luxury Goods Club","Retail and Luxury Good Conference 2020","43882","","X","X325","Finance Code Directory (2019-22","1973"
"2019-22","1199","Rugby Club (Men's)","Short Tour 2019","43791","43793","X","X177","Finance Code Directory (2019-22","1974"
"2019-22","1198","Military In Business Club","Military in Business Consulting Project Kickoff","43747","","X","X363","Finance Code Directory (2019-22","1975"
"2019-22","1197","Football Club (Men's)","Football Exco Dinner - Kick Off","43749","44013","X","X127","Finance Code Directory (2019-22","1976"
"2019-22","1195","North America Club","Exco First Meeting","43741","","X","X161","Finance Code Directory (2019-22","1977"
"2019-22","1194","Healthcare Club","GIANT Health Conference","43753","43754","X","X109","Finance Code Directory (2019-22","1978"
"2019-22","1193","Women In Business Club","WiB ATK Inspriring Femal Leader Award Grant","43739","44044","S","S198","Finance Code Directory (2019-22","1979"
"2019-22","1192","Out in Business Club","Club Fair","43745","44043","X","X165","Finance Code Directory (2019-22","1980"
"2019-22","1191","Social Impact Club","New Exco Brunch","43737","","X","X159","Finance Code Directory (2019-22","1981"
"2019-22","1190","Brazil Club","ExCo_2021 members reception","43742","","X","X291","Finance Code Directory (2019-22","1982"
"2019-22","1187","Out in Business Club","Welcome Drinks for School ear 19/20","43687","","X","X165","Finance Code Directory (2019-22","1983"
"2019-22","1186","Middle East Club","UAE Career Trek 2019","43758","43743","X","X157","Finance Code Directory (2019-22","1984"
"2019-22","1184","Italian Club","Truffle&Bubbles Trek in Milan 2019","43784","43786","X","X145","Finance Code Directory (2019-22","1985"
"2019-22","1182","Football Club (Men's)","Interstream Football Tournament 19","43770","43785","X","X127","Finance Code Directory (2019-22","1986"
"2019-22","1181","Football Club (Men's)","Regents Pitch rentals 2019/20","43678","44013","X","X127","Finance Code Directory (2019-22","1987"
"2019-22","1180","Football Club (Men's)","Football club Uniforms 2019/20","43709","","S","S126","Finance Code Directory (2019-22","1988"
"2019-22","1179","Football Club (Men's)","Football Tracksuit Sales 2019","43740","","S","S126","Finance Code Directory (2019-22","1989"
"2019-22","1178","Rugby Club (Men's)","First rugby Social","43753","","X","X177","Finance Code Directory (2019-22","1990"
"2019-22","1177","Rugby Club (Women's)","Windsor Cup","43750","","X","X201","Finance Code Directory (2019-22","1991"
"2019-22","1176","Israel Club","Dan Ziv Talk","43732","","X","X143","Finance Code Directory (2019-22","1992"
"2019-22","1175","Energy & Environment Club","Renewable Energy Recruiting with Mint Selections","43761","","X","X119","Finance Code Directory (2019-22","1993"
"2019-22","1174","Out in Business Club","SoHo Tour for OiB Members","43777","43799","X","X165","Finance Code Directory (2019-22","1994"
"2019-22","1173","Brazil Club","Chat with Claudio Konarzewski from Estater","43748","","X","X291","Finance Code Directory (2019-22","1995"
"2019-22","1172","Public Speaking Club","Stand up for Mental Health","43963","","S","S168","Finance Code Directory (2019-22","1996"
"2019-22","1171","Squash Club","Nike kit sales","43751","","S","S188","Finance Code Directory (2019-22","1997"
"2019-22","1170","Rugby Club (Women's)","Exco Social Events","43709","44043","X","X201","Finance Code Directory (2019-22","1998"
"2019-22","1169","Rugby Club (Women's)","Fitness Events Autumn Term","43739","43830","X","X201","Finance Code Directory (2019-22","1999"
"2019-22","1168","Football Club (Men's)","LAFL Football Club Demons League","43709","44013","X","X127","Finance Code Directory (2019-22","2000"
"2019-22","1167","Retail & Luxury Goods Club","ExCo RLG Welcome Lunch","43741","","X","X325","Finance Code Directory (2019-22","2001"
"2019-22","1165","India Club","Diwali 2019","43777","","S","S136","Finance Code Directory (2019-22","2002"
"2019-22","1164","Women in Business Club","WiB x level 20 Women in PE 2019","43752","","S","S198","Finance Code Directory (2019-22","2003"
"2019-22","1162","Brazil Club","Kick off Brazil Club","43732","","X","X291","Finance Code Directory (2019-22","2004"
"2019-22","1161","Brazil Club","Rio de Janero - Happy Hourwith MBA2021 class","43652","","X","X291","Finance Code Directory (2019-22","2005"
"2019-22","1160","Brazil Club","Sao Paulo - Happy Hour with MBA2021 class","43658","","X","X291","Finance Code Directory (2019-22","2006"
"2019-22","1159","Private Equity & Venture Capital Club","New York PE Trek","43759","43763","X","X167","Finance Code Directory (2019-22","2007"
"2019-22","1158","Out in Business Club","ROMBA","43759","43764","X","X165","Finance Code Directory (2019-22","2008"
"2019-22","1157","Africa Club","Harambeans: Social Impart & Ent in Africa","43739","","X","X105","Finance Code Directory (2019-22","2009"
"2019-22","1156","Women in Business Club","Accenture WiB working parents gratn 2019","43709","44074","S","S198","Finance Code Directory (2019-22","2010"
"2019-22","1155","Latam Club","LBS Jackets kit sales","43735","43740","S","S150","Finance Code Directory (2019-22","2011"
"2019-22","1154","Rugby Club (Men's)","2019/20 rugby matches","43736","44012","X","X177","Finance Code Directory (2019-22","2012"
"2019-22","1153","Football Club (Men's)","LAFL Referees","43709","44013","X","X127","Finance Code Directory (2019-22","2013"
"2019-22","1152","Russian Club","Kick off drinks with ExCo","43735","","X","X435","Finance Code Directory (2019-22","2014"
"2019-22","1151","Out in Business Club","Retreat","43736","43737","S","S164","Finance Code Directory (2019-22","2015"
"2019-22","1150","Rugby Club (Women's)","Pitch Booking","43733","44043","X","X201","Finance Code Directory (2019-22","2016"
"2019-22","1149","Future of Mobility club (Automotive)","Go-Karting event","43753","","S","S446","Finance Code Directory (2019-22","2017"
"2019-22","1146","Real Estate Club","Real Estate modeling trianing","43779","","X","X171","Finance Code Directory (2019-22","2018"
"2019-22","1145","Partners Club","Partner's networking event - Pergola","43733","","X","X163","Finance Code Directory (2019-22","2019"
"2019-22","1143","China Club","2019 August welcome drinks","43687","","X","X271","Finance Code Directory (2019-22","2020"
"2019-22","1142","Out in Business Club","Coming out week","43776","43780","S","S164","Finance Code Directory (2019-22","2021"
"2019-22","1141","Football Club (Men's)","Social activities re training & matches","43678","44043","X","X127","Finance Code Directory (2019-22","2022"
"2019-22","1140","Rugby Club (Women's)","BCG sponsorship","43723","","S","S200","Finance Code Directory (2019-22","2023"
"2019-22","1139","Rugby Club (Women's)","Club social - meet & greet","43739","","X","X201","Finance Code Directory (2019-22","2024"
"2019-22","1138","Squash Club","Kick off","43733","","X","X189","Finance Code Directory (2019-22","2025"
"2019-22","1137","Foodie Club","ExCo dinner","43626","","X","X459","Finance Code Directory (2019-22","2026"
"2019-22","1136","Africa Club","EY-Parthenon Diversit as Strategy","43752","","X","X105","Finance Code Directory (2019-22","2027"
"2019-22","1135","Football Club (Women's)","League 2019","43724","43794","X","X129","Finance Code Directory (2019-22","2028"
"2019-22","1134","Healthcare Club","GSK annual sponsorship","43726","44091","S","S108","Finance Code Directory (2019-22","2029"
"2019-22","1133","Middle East Club","Strategy & Sponsorship","43727","43983","S","S156","Finance Code Directory (2019-22","2030"
"2019-22","1132","Australia and New Zealand Club","ExCo new Exco dinner","43725","","X","X349","Finance Code Directory (2019-22","2031"
"2019-22","1131","Golf Club","European BSchool open","43757","","X","X135","Finance Code Directory (2019-22","2032"
"2019-22","1130","Wine & Spirit Club","Chapel Down Winery Visit","43784","","S","S224","Finance Code Directory (2019-22","2033"
"2019-22","1128","Rugby Club (Women's)","Career panel","43732","","X","X201","Finance Code Directory (2019-22","2034"
"2019-22","1127","Latam Club","Exco Farewell","43627","","X","X151","Finance Code Directory (2019-22","2035"
"2019-22","1125","Latam Club","Back to School party","43734","","S","S150","Finance Code Directory (2019-22","2036"
"2019-22","1124","Marketing Club","Neuroscience pael: New applic for marketing strategy","43745","","X","X155","Finance Code Directory (2019-22","2037"
"2019-22","1123","Cycling Club","Trek Cambridge 2019","43750","43751","X","X351","Finance Code Directory (2019-22","2038"
"2019-22","1122","Football Club (Men's)","Equipment","43678","44043","X","X127","Finance Code Directory (2019-22","2039"
"2019-22","1120","Private Equity & Venture Capital Club","LBO modeling training for students","43732","","X","X167","Finance Code Directory (2019-22","2040"
"2019-22","1119","Partners Club","Welome event","43725","","X","X163","Finance Code Directory (2019-22","2041"
"2019-22","1118","Rugby Club (Men's)","Super Sunday Session 2019","43730","","X","X177","Finance Code Directory (2019-22","2042"
"2019-22","3223","Acting Club","Tramp Event Post Sundowners","44700","44701","X","X231","Finance Code Directory (2019-22","2043"
"2019-22","1116","Out in Business Club","Annual We Transfer Subscription","43709","44074","X","X165","Finance Code Directory (2019-22","2044"
"2019-22","1115","Football Club (Men's)","Turf Pitch Rentals (Westway)","43678","44043","X","X127","Finance Code Directory (2019-22","2045"
"2019-22","1114","Healthcare Club","Sponsorship Illumnia","43719","44084","S","S108","Finance Code Directory (2019-22","2046"
"2019-22","1113","Sailing Club","Sundowners Sponsorship","43755","","X","X181","Finance Code Directory (2019-22","2047"
"2019-22","1111","Women in Business Club","WiB Equality Ball 2019","43794","","S","S198","Finance Code Directory (2019-22","2048"
"2019-22","1110","Rugby Club (Men's)","2019 kit sales","43718","43738","S","S176","Finance Code Directory (2019-22","2049"
"2019-22","1109","Impact Consulting Club","Bain Sponsorship","43678","44023","S","S386","Finance Code Directory (2019-22","2050"
"2019-22","1108","Family Business Club","Welcome drinks","43719","","X","X307","Finance Code Directory (2019-22","2051"
"2019-22","1107","Rugby Club (Men's)","membership fees and kick off","43717","","X","X177","Finance Code Directory (2019-22","2052"
"2019-22","1106","Investment Management Club","Value Invest Speaker series: Coverse with Guy Spier","43734","","X","X229","Finance Code Directory (2019-22","2053"
"2019-22","1105","Energy & Environment Club","Shell Event - speaker from Shell","43734","","X","X119","Finance Code Directory (2019-22","2054"
"2019-22","1104","Women in Business Club","WiB hosted 2019 with Exco","43819","","X","X199","Finance Code Directory (2019-22","2055"
"2019-22","1103","Women in Business Club","WiB x Bumble panel event 2019","43733","","X","X199","Finance Code Directory (2019-22","2056"
"2019-22","1102","Debate & Public Speaking Club","Comedy Classs Showcase","43781","","S","S168","Finance Code Directory (2019-22","2057"
"2019-22","1101","Debate & Public Speaking Club","Comedy Classes","43739","43774","S","S168","Finance Code Directory (2019-22","2058"
"2019-22","1100","Debate & Public Speaking Club","Coaching Series","43740","43775","S","S168","Finance Code Directory (2019-22","2059"
"2019-22","1099","Energy & Environment Club","Energy Project Fin Modelling Master Class 1","43736","","X","X119","Finance Code Directory (2019-22","2060"
"2019-22","1098","Consulting Club","Crack a Case Hosting fee","43718","44074","X","X115","Finance Code Directory (2019-22","2061"
"2019-22","1097","Israel Club","Kick off 2019/20","43719","","X","X143","Finance Code Directory (2019-22","2062"
"2019-22","1096","Entrepreneurship Club","Kick off 2019/20 (2)","43711","","X","X121","Finance Code Directory (2019-22","2063"
"2019-22","1095","Entrepreneurship Club","Kick off 2019/20 (1)","43706","","X","X121","Finance Code Directory (2019-22","2064"
"2019-22","1094","Australia and New Zealand Club","Bain Sponsorship","43715","44056","S","S348","Finance Code Directory (2019-22","2065"
"2019-22","1093","Corporate Leadership Club","Club launch","43726","","X","X209","Finance Code Directory (2019-22","2066"
"2019-22","1091","Tennis Club","Kick off","43723","","X","S220","Finance Code Directory (2019-22","2067"
"2019-22","1090","Summer Ball","Summer Ball 2021","44387","","S","S486","Finance Code Directory (2019-22","2068"
"2019-22","1089","Private Equity & Venture Capital Club","Membership fees","43709","44049","S","S166","Finance Code Directory (2019-22","2069"
"2019-22","1088","Tech & Media Club","Product Conference - TMC","43773","","X","X213","Finance Code Directory (2019-22","2070"
"2019-22","1087","Football Club (Men's)","Trek Buchrest Demons","43742","43744","X","X127","Finance Code Directory (2019-22","2071"
"2019-22","1086","Spanish Club","Kick off","43718","","X","X187","Finance Code Directory (2019-22","2072"
"2019-22","1085","Out in Business Club","OIB Retreat","43736","43737","S","S164","Finance Code Directory (2019-22","2073"
"2019-22","1084","Out in Business Club","Eurout","43770","43771","X","X165","Finance Code Directory (2019-22","2074"
"2019-22","1083","Women in Business Club","Bain x Oib x WiB Welcome event 2019","43725","","X","X199","Finance Code Directory (2019-22","2075"
"2019-22","1082","Commodities Club","Intro to Commodity Risk - Guest Speaker session","43739","","X","X409","Finance Code Directory (2019-22","2076"
"2019-22","1081","Women in Business Club","Amazon x WiB Women's Breakfast 2019","43733","","X","X199","Finance Code Directory (2019-22","2077"
"2019-22","1080","Women in Business Club","Kick off 19/20","43727","","X","X199","Finance Code Directory (2019-22","2078"
"2019-22","1079","Finance Club","Membership 19/20","43678","44043","S","S124","Finance Code Directory (2019-22","2079"
"2019-22","1078","Squash Club","Membership 19/20","43692","44027","X","X189","Finance Code Directory (2019-22","2080"
"2019-22","1077","Wine & Spirit Club","Kick off 2019/20","43739","","X","X225","Finance Code Directory (2019-22","2081"
"2019-22","1076","Investment Management Club","membership","43556","43983","S","S228","Finance Code Directory (2019-22","2082"
"2019-22","1075","Real Estate Club","Kick off","43732","","X","X171","Finance Code Directory (2019-22","2083"
"2019-22","1074","Consulting Club","Membership","43678","43677","S","S114","Finance Code Directory (2019-22","2084"
"2019-22","1073","Military in Business Club","MIB Kick off","43710","","X","X363","Finance Code Directory (2019-22","2085"
"2019-22","1072","Energy & Environment Club","kick off","43727","","X","X119","Finance Code Directory (2019-22","2086"
"2019-22","1071","Basketball Club","Kick off","43725","","X","X107","Finance Code Directory (2019-22","2087"
"2019-22","1070","Basketball Club","Weekly Open Run Sessions","43712","44027","X","X107","Finance Code Directory (2019-22","2088"
"2019-22","1069","Impact Consulting Club","Co hosted Sundowners March","43895","","X","X387","Finance Code Directory (2019-22","2089"
"2019-22","1068","Salsa Club","Autumn Salsa classes","43707","43799","X","X183","Finance Code Directory (2019-22","2090"
"2019-22","1067","Snow Club","Sundowners","43748","","X","X185","Finance Code Directory (2019-22","2091"
"2019-22","1066","Consulting Club","CaseCoach Subscription","43707","","X","X115","Finance Code Directory (2019-22","2092"
"2019-22","1065","Rugby Club (Men's)","Sundowners","43727","","X","X177","Finance Code Directory (2019-22","2093"
"2019-22","1064","Latam Club","Kick off drinks","43719","","X","X151","Finance Code Directory (2019-22","2094"
"2019-22","1063","Retail & Luxury Goods Club","RLG hosted with ExCo 2019/20","43725","","X","X325","Finance Code Directory (2019-22","2095"
"2019-22","1062","Latam Club","Back to School party","43734","","S","S150","Finance Code Directory (2019-22","2096"
"2019-22","1061","Latam Club","Latam & Spanish club sundowners","43734","","X","X151","Finance Code Directory (2019-22","2097"
"2019-22","1060","Rugby Club (Women's)","Sundowners","43727","","X","X201","Finance Code Directory (2019-22","2098"
"2019-22","1059","Brazil Club","Speaker - Angela Hirata","43736","","X","X291","Finance Code Directory (2019-22","2099"
"2019-22","1057","Commodities Club","kick off","43731","","X","X409","Finance Code Directory (2019-22","2100"
"2019-22","1056","Social Impact Club","Sundowners","43895","","X","X159","Finance Code Directory (2019-22","2101"
"2019-22","1055","Rugby Club (Women's)","Membership","43704","","X","X201","Finance Code Directory (2019-22","2102"
"2019-22","1054","Australia and New Zealand Club","End of year networking","43628","","X","X349","Finance Code Directory (2019-22","2103"
"2019-22","1053","China Club","Sundowners Nov19","43783","","X","X271","Finance Code Directory (2019-22","2104"
"2019-22","1052","Africa Club","Kick off and speaker","43710","","X","X105","Finance Code Directory (2019-22","2105"
"2019-22","1051","India Club","India Trek 2019","43813","43820","X","X137","Finance Code Directory (2019-22","2106"
"2019-22","1050","Brazil Club","Brazilian Sundowners 2020","43944","","X","X291","Finance Code Directory (2019-22","2107"
"2019-22","1049","Japan Club","Japan club Sundowner Nov 2019","43783","","X","X147","Finance Code Directory (2019-22","2108"
"2019-22","1048","Korea Club","Korea club dinner","43701","","X","X149","Finance Code Directory (2019-22","2109"
"2019-22","1047","Football Club (Men's)","Football kick off 2019/20","43711","","X","X127","Finance Code Directory (2019-22","2110"
"2019-22","1046","Spanish Club","Spansh & Latam Sundowners","43734","","X","X187","Finance Code Directory (2019-22","2111"
"2019-22","1045","Tech & Media Club","TMC Kick off","43720","","X","X213","Finance Code Directory (2019-22","2112"
"2019-22","1044","Tech & Media Club","Deliveroo CEO Speaker","43634","","X","X213","Finance Code Directory (2019-22","2113"
"2019-22","1043","Volleyball Club","2019/20 Volleyball kick off club","43729","","X","X223","Finance Code Directory (2019-22","2114"
"2019-22","1042","Volleyball Club","Indoor Court Practice sessions","43729","43995","X","X223","Finance Code Directory (2019-22","2115"
"2019-22","1041","Volleyball Club","2019/2020 Membership cards","43729","43995","X","X223","Finance Code Directory (2019-22","2116"
"2019-22","1040","Portugal Club","Portugal Sundowners 19th March","43909","","X","X299","Finance Code Directory (2019-22","2117"
"2019-22","1039","Brazil Club","GP Investments Talk - Fersen Lambranho","43553","","X","X291","Finance Code Directory (2019-22","2118"
"2019-22","1038","Australia and New Zealand Club","Bogan Bingo","43742","","S","S348","Finance Code Directory (2019-22","2119"
"2019-22","1037","Australia and New Zealand Club","New Student Welcome","43688","","X","X349","Finance Code Directory (2019-22","2120"
"2019-22","1036","Impact Consulting Club","Welcome drinks","43696","","X","X387","Finance Code Directory (2019-22","2121"
"2019-22","1035","Central","Sloan 2019/20 dinner series","43723","44012","X","X101","Finance Code Directory (2019-22","2122"
"2019-22","1034","Social Impact Club","Drinks at the Conduit","43685","","X","X159","Finance Code Directory (2019-22","2123"
"2019-22","1033","Social Impact Club","Welcome drinks","43696","","X","X159","Finance Code Directory (2019-22","2124"
"2019-22","1032","Badminton Club","Membership","43688","44073","X","X207","Finance Code Directory (2019-22","2125"
"2019-22","1031","Football Club (Women's)","Club Presentation - social","43717","","X","X129","Finance Code Directory (2019-22","2126"
"2019-22","1030","Foodie Club","Dinner Series: Greyhound Cafe - Thai Food","43720","","X","X459","Finance Code Directory (2019-22","2127"
"2019-22","1029","Foodie Club","Dinner Series: Royal China Baker Street","43706","","X","X459","Finance Code Directory (2019-22","2128"
"2019-22","1028","Foodie Club","Foodie Club Kickoff Presentation","43704","","X","X459","Finance Code Directory (2019-22","2129"
"2019-22","1027","Central","SA Fee collection 2019/20 - IEP","43678","43677","X","X101","Finance Code Directory (2019-22","2130"
"2019-22","1026","Central","SA Communication Costs 2019/20","43678","43677","X","X101","Finance Code Directory (2019-22","2131"
"2019-22","1025","Central","Annual Survey Prize Award 2019/20","43678","44043","X","X101","Finance Code Directory (2019-22","2132"
"2019-22","1024","Central","SA Team Building 2019/20","43678","44043","X","X101","Finance Code Directory (2019-22","2133"
"2019-22","1024","Central","SA Team Building 2019/20","43678","44043","X","X101","Finance Code Directory (2019-22","2134"
"2019-22","1023","Central","SA Audit Fee 2019/20","43678","44043","X","X101","Finance Code Directory (2019-22","2135"
"2019-22","1022","Central","Management Fee 2019/20","43678","43677","X","X101","Finance Code Directory (2019-22","2136"
"2019-22","1021","Central","SA Operations - Onborading & Operations","43678","44043","X","X101","Finance Code Directory (2019-22","2137"
"2019-22","1020","Central","General SA Operations","43678","44043","X","X101","Finance Code Directory (2019-22","2138"
"2019-22","1019","Central","Treasury Onboarding & Operations 2019/20","43678","44043","X","X101","Finance Code Directory (2019-22","2139"
"2019-22","1018","Central","SLE-SA Collaboration Funding","43678","44043","X","X101","Finance Code Directory (2019-22","2140"
"2019-22","1017","Central","Small Projects funding 2019/20","43678","44043","X","X101","Finance Code Directory (2019-22","2141"
"2019-22","1016","Sundowners","Sundowners 2019/20","43678","44043","X","X483","Finance Code Directory (2019-22","2142"
"2019-22","1015","Central","LBS for London 2020","43891","43921","X","X101","Finance Code Directory (2019-22","2143"
"2019-22","1014","Central","LBS Familes 2019/20","43710","44043","X","X101","Finance Code Directory (2019-22","2144"
"2019-22","1013","Central","Diso Week","44013","44023","S","S100","Finance Code Directory (2019-22","2145"
"2019-22","1012","Central","Diso Trek 2020","44013","44022","X","X101","Finance Code Directory (2019-22","2146"
"2019-22","1011","Summer Ball 2020","Summer Ball 2020","44023","","S","S480","Finance Code Directory (2019-22","2147"
"2019-22","1010","Tattoo 2020","Tattoo 2020","43897","","S","S478","Finance Code Directory (2019-22","2148"
"2019-22","1009","Central","Fall Festival 2019","43743","","S","S100","Finance Code Directory (2019-22","2149"
"2019-22","1008","MBAT 2020","MBAT 2020","43957","43964","X","X481","Finance Code Directory (2019-22","2150"
"2019-22","1007","Central","SA Grant for Dubai","43678","","X","X101","Finance Code Directory (2019-22","2151"
"2019-22","1006","Central","Phd Transatlantic Conference 2020","43954","43981","X","X101","Finance Code Directory (2019-22","2152"
"2019-22","1005","Central","Coin Vote 2019-2020","43678","","X","X101","Finance Code Directory (2019-22","2153"
"2019-22","1004","Central","Club Relief/Wind down","43678","44043","X","X101","Finance Code Directory (2019-22","2154"
"2019-22","1003","Central","Welcome Boat Cruise 2019","43729","43729","S","S100","Finance Code Directory (2019-22","2155"
"2019-22","1001","Central","Welcome Week","43691","43722","S","S100","Finance Code Directory (2019-22","2156"
"2018-19",".","Brazil Club","EVENT","Start Date","Finish Date (if relevant)","VAT STATUS","COST CENTRE","Finance Code Directory (2018-19","8"
"2018-19","8893","Consulting Club","Managementconsulted Subscription","43667","43921","O","X115","Finance Code Directory (2018-19","9"
"2018-19","8890","Africa Club","Sloan Victor Williams Talk","43640","","O","X105","Finance Code Directory (2018-19","10"
"2018-19","8889","Hellenic club","Young Entrepreneurs Prog pitch event by Reload Greece","43650","","X","X267","Finance Code Directory (2018-19","11"
"2018-19","8888","Hellenic club","Reload Greece Young Entrpreneurs Prog","43646","","O","X267","Finance Code Directory (2018-19","12"
"2018-19","8887","Sports Business Club","Club Admin Costs","43281","43646","O","X275","Finance Code Directory (2018-19","13"
"2018-19","8886","Sports Business Club","Manchester Trek","43535","43537","O","X275","Finance Code Directory (2018-19","14"
"2018-19","8885","Japan Interest Club","Japanese MBA admission Tokyo Sessions","43681","","O","X147","Finance Code Directory (2018-19","15"
"2018-19","8884","Brazil Club","Parent's dinner for 2019 class","43657","","O","X291","Finance Code Directory (2018-19","16"
"2018-19","8883","Responsible Business Club (Formally Net Impact)","Social Impact Week Catering","43539","","O","X159","Finance Code Directory (2018-19","17"
"2018-19","8882","Responsible Business Club (Formally Net Impact)","Social Impact Week Communications","43630","","O","X159","Finance Code Directory (2018-19","18"
"2018-19","8881","Salsa Club","Salsa Classes","43563","43584","S","S182","Finance Code Directory (2018-19","19"
"2018-19","8880","Central","Welcome Boat Cruise 2019","43729","","S","S100","Finance Code Directory (2018-19","20"
"2018-19","8879","Football Club (Womens)","White Party","43627","","S","S128","Finance Code Directory (2018-19","21"
"2018-19","8878","Health Care Club","ExCo dinner April 2019","43584","","O","X109","Finance Code Directory (2018-19","22"
"2018-19","8877","Energy Club","Energy Club communications","43635","","O","X119","Finance Code Directory (2018-19","23"
"2018-19","8876","Rugby Club (mens)","Rugby equipment maintenance 2019/20","43591","","O","X177","Finance Code Directory (2018-19","24"
"2018-19","8874","Brazil Club","End of term celebration - made in Brazil","43658","","O","X291","Finance Code Directory (2018-19","25"
"2018-19","8873","Women in Business","Year end social","43626","","O","X199","Finance Code Directory (2018-19","26"
"2018-19","8872","Football Club (Womens)","IESE Spring Games Kit","43562","","S","S128","Finance Code Directory (2018-19","27"
"2018-19","8871","Public Speaking club","Toastmasters annual dinner","43651","","S","S168","Finance Code Directory (2018-19","28"
"2018-19","8870","Central","Sloan Dinner series","43649","43677","O","X101","Finance Code Directory (2018-19","29"
"2018-19","8869","Australia New Zealand Club","End of year drinks","43628","","O","X349","Finance Code Directory (2018-19","30"
"2018-19","8868","Hellenic club","Hellenic club reunion","43599","","O","X267","Finance Code Directory (2018-19","31"
"2018-19","8867","Art Connection Club","Christian Dior: Designer of Dreams at the V&A","43615","","S","S268","Finance Code Directory (2018-19","32"
"2018-19","8866","Rugby Club (Women)","Summer League","43640","","O","X201","Finance Code Directory (2018-19","33"
"2018-19","8864","Consulting Club","Website domain","43647","44012","O","X115","Finance Code Directory (2018-19","34"
"2018-19","8863","Brazil Club","Women's Networking Breakfast","43624","","O","X291","Finance Code Directory (2018-19","35"
"2018-19","8862","Investment Management Club","Reserach analyst to CEO conv with Graham Shircore","43621","","O","X229","Finance Code Directory (2018-19","36"
"2018-19","8860","Football Club (Mens)","Football Pool - Copa America","43631","43653","S","S126","Finance Code Directory (2018-19","37"
"2018-19","8858","Consulting Club","BCG - Maximising Value of Summer Internship","43615","","O","X115","Finance Code Directory (2018-19","38"
"2018-19","8857","Portugal Club","Sundowners","43622","","O","X299","Finance Code Directory (2018-19","39"
"2018-19","8856","Responsible Business Club (Formally Net Impact)","Social Impact - Let's Be Social","43629","","O","X159","Finance Code Directory (2018-19","40"
"2018-19","8855","Health Care Club","HCC ExCo Swag Sales","43611","43616","S","S108","Finance Code Directory (2018-19","41"
"2018-19","8854","Foodie Club","Year End Ice Cream Party","43622","43626","O","X459","Finance Code Directory (2018-19","42"
"2018-19","8853","Foodie Club","Milan trek to meet Chef Davide Olandi (for luxury strategy students only)","43645","43646","O","X459","Finance Code Directory (2018-19","43"
"2018-19","8852","Central","Bain Student Impact Award 2019","43619","","S","S100","Finance Code Directory (2018-19","44"
"2018-19","8851","Consulting Club","Feedback Survey","43466","43646","O","X115","Finance Code Directory (2018-19","45"
"2018-19","8850","Rugby Club (Women)","ExCo Social term 3","43549","","O","X201","Finance Code Directory (2018-19","46"
"2018-19","8849","Investment Management Club","LBS Stock Pitch Competition 2019","43608","","O","X229","Finance Code Directory (2018-19","47"
"2018-19","8848","Rugby club (Women)","WTRC End of heat prom","43629","","S","S200","Finance Code Directory (2018-19","48"
"2018-19","8844","retail & Luxury Goods Club","In Conversation with Guia Ricci & Simone Gentili 2019","43615","","O","X325","Finance Code Directory (2018-19","49"
"2018-19","8843","Spanish Club","Closing Dinner Spanish Club ExCo","43606","","O","X187","Finance Code Directory (2018-19","50"
"2018-19","8842","Central","SA Patagonias","43605","","S","S100","Finance Code Directory (2018-19","51"
"2018-19","8841","Investment Management Club","Conversation with Ned Salter, head of Equity, Fidelity International","43605","","O","X229","Finance Code Directory (2018-19","52"
"2018-19","8840","Salsa Club","Salsa Classes","43627","","S","S182","Finance Code Directory (2018-19","53"
"2018-19","8839","Salsa Club","Salsa classes","43563","43584","O","X183","Finance Code Directory (2018-19","54"
"2018-19","8836","Asia Club","Asia Club Exco thank you dinner","43593","","O","X103","Finance Code Directory (2018-19","55"
"2018-19","8835","Investment Management Club","Conversation with Mohnish Pabrai","43599","","O","X229","Finance Code Directory (2018-19","56"
"2018-19","8833","Tech & Media Club","SQL Coding Course 26/4/19","43581","","O","X213","Finance Code Directory (2018-19","57"
"2018-19","8832","Tech & Media Club","GIS Workshop","43603","","O","X213","Finance Code Directory (2018-19","58"
"2018-19","8831","Entrepreneurship Club","e-club end of year picnic","43630","","S","S120","Finance Code Directory (2018-19","59"
"2018-19","8830","Rugby Club (Women)","Pitch cost term 3","43556","43677","O","X201","Finance Code Directory (2018-19","60"
"2018-19","8829","Rugby Club (Women)","Exco Swag","43591","","S","S200","Finance Code Directory (2018-19","61"
"2018-19","8827","Cricket Club","Purchse of cricket balls","43593","","O","X111","Finance Code Directory (2018-19","62"
"2018-19","8826","Finance Club","Merger Consequences Modeling Seminar","43585","","O","X125","Finance Code Directory (2018-19","63"
"2018-19","8825","Foodie Club","Foodie Club end of year meeting","43598","","O","X459","Finance Code Directory (2018-19","64"
"2018-19","8824","Africa Club","Africa Club Sundowners 2019","43552","","O","X105","Finance Code Directory (2018-19","65"
"2018-19","8823","Rugby Club (mens)","Men's Rugby end of year  Social","43599","43629","S","S176","Finance Code Directory (2018-19","66"
"2018-19","8822","Rugby Club (Women)","WTRC Election","43592","","O","X201","Finance Code Directory (2018-19","67"
"2018-19","8818","Snow Club","2018 handover dinner","43495","","O","X185","Finance Code Directory (2018-19","68"
"2018-19","8817","Rugby Club (Women)","ExCo jackets","43591","","S","S200","Finance Code Directory (2018-19","69"
"2018-19","8816","Health Care Club","Health Tech challenge 2019","43599","","O","X109","Finance Code Directory (2018-19","70"
"2018-19","8815","Israel Club","A runner with soul","43605","","O","X143","Finance Code Directory (2018-19","71"
"2018-19","8814","Health Care Club","Health Tech challenge 2019","43599","","O","X109","Finance Code Directory (2018-19","72"
"2018-19","8813","Investment Management Club","Berkshire Hathaway AGM live streaming","43589","","O","X229","Finance Code Directory (2018-19","73"
"2018-19","8812","Retail & Luxury Goods Club","RlGC in conversation with Matteo Luoni 2019","43592","","O","X325","Finance Code Directory (2018-19","74"
"2018-19","8811","Entrepreneurship Club","LBS Launchpad Final Pitch night","43599","","O","X121","Finance Code Directory (2018-19","75"
"2018-19","8809","Investment Management Club","A o Capital Allocat and Hedge Funds","43587","","O","X229","Finance Code Directory (2018-19","76"
"2018-19","8808","Responsible Business Club (Formally Net Impact)","MINT thank you drinks","43585","","O","X159","Finance Code Directory (2018-19","77"
"2018-19","8807","Israel Club","Euroision final screening","43603","","O","X143","Finance Code Directory (2018-19","78"
"2018-19","8806","Central","Phd Transatlantic Conference 2019","43601","43603","O","X101","Finance Code Directory (2018-19","79"
"2018-19","8805","Football Club (Mens)","Nations Tournament May 2019","43602","","O","X127","Finance Code Directory (2018-19","80"
"2018-19","8804","Retail & Luxury Goods Club","RLG Speakers Series - CEO Aesop 2019","43593","","O","X325","Finance Code Directory (2018-19","81"
"2018-19","8803","Out in Business Club (formerly GLN club)","Eurovision Broadcast 2019","43603","","O","X165","Finance Code Directory (2018-19","82"
"2018-19","8801","Music Club","New equipment 2019 part 2","43497","43636","O","X211","Finance Code Directory (2018-19","83"
"2018-19","8800","Brazil Club","Invest 4 Good Brazil 2019","43601","","O","X291","Finance Code Directory (2018-19","84"
"2018-19","8799","Expedition Club","Mt Kili Trek 2019","43716","43725","O","X417","Finance Code Directory (2018-19","85"
"2018-19","8797","Italian Club","Italian ball 2019","43578","","O","X145","Finance Code Directory (2018-19","86"
"2018-19","8796","Women in Business","Gender Equality Workshop","43606","","O","X199","Finance Code Directory (2018-19","87"
"2018-19","8795","Women in Business","Mental Health Workshop","43599","","O","X199","Finance Code Directory (2018-19","88"
"2018-19","8794","Cricket Club","Regent's Park Pitch match","43588","","O","X111","Finance Code Directory (2018-19","89"
"2018-19","8793","Cricket Club","Cricket bats","43570","","O","X111","Finance Code Directory (2018-19","90"
"2018-19","8792","Acting Club","Acting Level 3 : Acting for film","43592","43596","S","S230","Finance Code Directory (2018-19","91"
"2018-19","8791","Design & Innovation club","D Club Banner pring","43580","43585","O","X425","Finance Code Directory (2018-19","92"
"2018-19","8790","Design & Innovation club","How IBM Uses Design thinking","43487","","O","X425","Finance Code Directory (2018-19","93"
"2018-19","8789","Health Care Club","Biotech VC Eveneing - Arix and IP","43573","","O","X109","Finance Code Directory (2018-19","94"
"2018-19","8788","Design & Innovation club","At More than Human","43610","","O","X425","Finance Code Directory (2018-19","95"
"2018-19","8787","Foodie Club","LBS Master Chef","43586","","S","S460","Finance Code Directory (2018-19","96"
"2018-19","8786","Central","Welcome Series 2019","43689","43753","O","X101","Finance Code Directory (2018-19","97"
"2018-19","8783","Automotive Club","Go Karting","43600","","O","X445","Finance Code Directory (2018-19","98"
"2018-19","8782","Spanish Club","Spanish Sarao!","43600","","S","S186","Finance Code Directory (2018-19","99"
"2018-19","8780","Out in Business Club (formerly GLN club)","White Party 2019","43627","","O","S164","Finance Code Directory (2018-19","100"
"2018-19","8779","Out in Business Club (formerly GLN club)","Team Building 2018-19","43346","43644","O","X165","Finance Code Directory (2018-19","101"
"2018-19","8778","Music Club","Olivier Robert Murphy  a Brand new World","43580","","O","X211","Finance Code Directory (2018-19","102"
"2018-19","8777","Music Club","Music club Industry Series - Davy Denke","43566","","O","X211","Finance Code Directory (2018-19","103"
"2018-19","8776","Out in Business Club (formerly GLN club)","tattoo 2019","43533","","S","S164","Finance Code Directory (2018-19","104"
"2018-19","8775","Brazil Club","Carnival party 2019","43612","","S","S290","Finance Code Directory (2018-19","105"
"2018-19","8774","Tech & Media Club","TMC Excos Social Mai 19","43608","","O","X213","Finance Code Directory (2018-19","106"
"2018-19","8773","Tech & Media Club","Learn Digital Marketing from a Googler","43608","","O","X213","Finance Code Directory (2018-19","107"
"2018-19","8772","Australia New Zealand Club","Inspiring Women Reflect : Keryn James","43579","","O","X349","Finance Code Directory (2018-19","108"
"2018-19","8769","Investment Management Club","Regular IMC social meeting","43525","","O","X229","Finance Code Directory (2018-19","109"
"2018-19","8768","Israel Club","Malabes restaurant event","43584","","S","S142","Finance Code Directory (2018-19","110"
"2018-19","8767","Israel Club","Holocause Survivor Testimony","43591","","O","X143","Finance Code Directory (2018-19","111"
"2018-19","8766","French club","French Trek Accom & beverages","43530","","O","X131","Finance Code Directory (2018-19","112"
"2018-19","8765","Brazil Club","Welcome 2021s April 2019","43572","","S","S290","Finance Code Directory (2018-19","113"
"2018-19","8763","Infrastructure & Construction Society","EY Infrastructure & Energy Event","43593","","O","X421","Finance Code Directory (2018-19","114"
"2018-19","8762","Design & Innovation club","IDEO Talk","43585","","O","X425","Finance Code Directory (2018-19","115"
"2018-19","8761","Photography Club","photography Awards","43593","43597","O","X385","Finance Code Directory (2018-19","116"
"2018-19","8760","Wine & Cheese","CRATE Brewery Tour & Tasting","43608","","S","S224","Finance Code Directory (2018-19","117"
"2018-19","8759","Private Equity Club","Asante Capital present: Breaking into Private Equity","43572","","O","X167","Finance Code Directory (2018-19","118"
"2018-19","8758","India Club","Bollywood Pub Quiz","43575","","S","S136","Finance Code Directory (2018-19","119"
"2018-19","8757","Family Business Club","Family Business Trek to Barcelona","43589","43591","O","X307","Finance Code Directory (2018-19","120"
"2018-19","8756","Retail & Luxury Goods Club","Retail and Luxury Good Conference 2019","43600","","O","X325","Finance Code Directory (2018-19","121"
"2018-19","8755","Dubai Chapter","April Event 2019","43577","","O","X441","Finance Code Directory (2018-19","122"
"2018-19","8754","Family Business Club","Family Business Conference 2019","43586","","O","X307","Finance Code Directory (2018-19","123"
"2018-19","8753","Turnaround Management Club","London Turnaround & Restructuring Trek","43565","","O","X305","Finance Code Directory (2018-19","124"
"2018-19","8751","Sailing club","Porto Cervo 2019","43727","43730","O","X181","Finance Code Directory (2018-19","125"
"2018-19","8750","Football Club (Mens)","Football Tracksuits","43525","43585","S","S126","Finance Code Directory (2018-19","126"
"2018-19","8749","Public Speaking club","LBS Comedy Night - Cheer on your classmates","43605","","S","S168","Finance Code Directory (2018-19","127"
"2018-19","8747","Golf Club","European Business School Open 2019","43617","","S","S134","Finance Code Directory (2018-19","128"
"2018-19","8746","Investment Management Club","Conversation Will Morgan","43565","","O","X229","Finance Code Directory (2018-19","129"
"2018-19","8745","Salsa Club","Salsa Instructor payment","43525","43555","O","X183","Finance Code Directory (2018-19","130"
"2018-19","8744","Salsa Club","Tattoo Classes","43511","","S","S182","Finance Code Directory (2018-19","131"
"2018-19","8743","Israel Club","Independence Day","43604","","S","S142","Finance Code Directory (2018-19","132"
"2018-19","8742","Expedition Club","Mount Elbrus Trek 2019","43715","43722","O","X417","Finance Code Directory (2018-19","133"
"2018-19","8741","Energy Club","Project Finance Fin Modelling Master class - Renewable Energy","43603","","O","X119","Finance Code Directory (2018-19","134"
"2018-19","8740","Investment Management Club","Conversation with El-Shaer","43564","","O","X229","Finance Code Directory (2018-19","135"
"2018-19","8739","Health Care Club","Admits Welcome weekend","43561","","O","X109","Finance Code Directory (2018-19","136"
"2018-19","8738","Health Care Club","Health Tech Networking & Recruiting Evening","43571","","O","X109","Finance Code Directory (2018-19","137"
"2018-19","8737","Japan Interest Club","Mitsubishi Corp sponsorship","43556","43921","S","S146","Finance Code Directory (2018-19","138"
"2018-19","8736","Real Estate Club","RE Club speaker Series - alumni Career panel","43578","","O","X171","Finance Code Directory (2018-19","139"
"2018-19","8735","Central","Diso Trek (MIM  programme)","43640","43643","O","X101","Finance Code Directory (2018-19","140"
"2018-19","8734","German Swiss Austrian Club","Oktoberfest Trek","43741","43744","O","X133","Finance Code Directory (2018-19","141"
"2018-19","8733","Energy Club","YPN Distributed energy event","43566","","O","X119","Finance Code Directory (2018-19","142"
"2018-19","8732","Italian Club","NOVA Conference 2019","43603","","O","X145","Finance Code Directory (2018-19","143"
"2018-19","8731","Retail & Luxury Goods Club","In Conversation with Stuart Weitzmab","43585","","O","X325","Finance Code Directory (2018-19","144"
"2018-19","8730","Rugby Club (mens)","Mixed Touch League 2019","43578","","O","X177","Finance Code Directory (2018-19","145"
"2018-19","8729","German Swiss Austrian Club","Cycling Charity Ride","43545","","O","X133","Finance Code Directory (2018-19","146"
"2018-19","8728","Cycling Club","Regent's park laps","43531","43684","O","X351","Finance Code Directory (2018-19","147"
"2018-19","8727","Africa Club","East Africa Trek 2019","43584","","O","X105","Finance Code Directory (2018-19","148"
"2018-19","8726","Infrastructure & Construction Society","Meridiam Event","43609","","O","X421","Finance Code Directory (2018-19","149"
"2018-19","8725","Retail & Luxury Goods Club","RLGC Sustainable Fashion System 2019","43543","","O","X325","Finance Code Directory (2018-19","150"
"2018-19","8724","Retail & Luxury Goods Club","RLGC Zara trek","43566","43567","O","X325","Finance Code Directory (2018-19","151"
"2018-19","8723","Health Care Club","Boston Healhcare Trek","43579","43583","O","X109","Finance Code Directory (2018-19","152"
"2018-19","8723","Health Care Club","Boston healthcare trek","43579","43583","O","X109","Finance Code Directory (2018-19","153"
"2018-19","8722","Public Speaking Club","World Debating Championships","43625","","S","S168","Finance Code Directory (2018-19","154"
"2018-19","8722","Public Speaking club","World Debating Championships","43625","","S","S168","Finance Code Directory (2018-19","155"
"2018-19","8721","Foodie Club","Thai Cooking class","43519","","S","S460","Finance Code Directory (2018-19","156"
"2018-19","8721","Foodie Club","Thai Cooking class","43519","","S","S460","Finance Code Directory (2018-19","157"
"2018-19","8720","Sailing Club","Day Skipper Theory sponsorship spring2019","43495","43548","S","S180","Finance Code Directory (2018-19","158"
"2018-19","8719","Industry club","Admitted Students Weekend club fair","43562","","O","X209","Finance Code Directory (2018-19","159"
"2018-19","8719","Football Club (Mens)","Ultimate FIFA Tournaments","43536","43538","O","X127","Finance Code Directory (2018-19","160"
"2018-19","8718","Football Club (Mens)","Ultimate FIFA Tournament","43536","43538","O","X127","Finance Code Directory (2018-19","161"
"2018-19","8715","Public Speaking Club","Comedy Lessons","43521","","S","S168","Finance Code Directory (2018-19","162"
"2018-19","8714","Brazil Club","Sundowners","43573","","O","X291","Finance Code Directory (2018-19","163"
"2018-19","8712","Entrepreneurship Club","Sales training with Bill Morrison","43519","","O","X121","Finance Code Directory (2018-19","164"
"2018-19","8711","Squash Club","Squash racquets","43554","43561","S","S188","Finance Code Directory (2018-19","165"
"2018-19","8710","Central","Mental Health week sponsorship","43597","","O","X101","Finance Code Directory (2018-19","166"
"2018-19","8709","Investment Management Club","MFS Workshop","43480","","O","X229","Finance Code Directory (2018-19","167"
"2018-19","8708","Japan Interest Club","J Moriyama sponsorship","43551","","S","S146","Finance Code Directory (2018-19","168"
"2018-19","8707","Energy Club","Energy club entrant in cycling event","43545","","O","X119","Finance Code Directory (2018-19","169"
"2018-19","8706","Sports Business Club","Manchester Trek","43535","43537","O","X275","Finance Code Directory (2018-19","170"
"2018-19","8705","Consulting Club","Crack a Case Refreshment reimbursement","43450","43646","O","X115","Finance Code Directory (2018-19","171"
"2018-19","8703","Tech & Media Club","T&M club alumni event","43566","","S","S212","Finance Code Directory (2018-19","172"
"2018-19","8702","Energy Club","Inroduction to BBOXX","43592","","O","X119","Finance Code Directory (2018-19","173"
"2018-19","8701","Out in Business Club (formerly GLN club)","Faculty Drink Jan 2019","43479","","O","X165","Finance Code Directory (2018-19","174"
"2018-19","8700","Women in Business","Women innovators Prog kickoff","43552","","O","X199","Finance Code Directory (2018-19","175"
"2018-19","8699","Private Equity Club","Qhubeka Cycling at Sundowners","43545","","O","X167","Finance Code Directory (2018-19","176"
"2018-19","8698","Music Club","Battle of the Bands 2019","43543","","O","X211","Finance Code Directory (2018-19","177"
"2018-19","8697","Tech & Media Club","The Future of Retail Investing and Wealth Tech","43551","","O","X213","Finance Code Directory (2018-19","178"
"2018-19","8696","Squash Club","Rolapalooza sponsorship","43545","","O","X189","Finance Code Directory (2018-19","179"
"2018-19","8695","Football Club (Mens)","Rollapaluza - Football team","43545","","O","X127","Finance Code Directory (2018-19","180"
"2018-19","8694","Nordic Club","Tattoo 2019","43533","","S","S360","Finance Code Directory (2018-19","181"
"2018-19","8693","Korea Club","Tattoo 201","43533","","O","X149","Finance Code Directory (2018-19","182"
"2018-19","8692","Australia New Zealand Club","ANZ Tattoo 2019","43533","","S","S348","Finance Code Directory (2018-19","183"
"2018-19","8691","Expedition Club","fundraiser rollapalooza","43545","","O","X417","Finance Code Directory (2018-19","184"
"2018-19","8690","Eastern Europe / CIS Club","Tattoo 2019","43533","","S","S116","Finance Code Directory (2018-19","185"
"2018-19","8689","Central","Stream Survey Prizes 18/19","43466","43677","O","X101","Finance Code Directory (2018-19","186"
"2018-19","8688","Rugby Club (mens)","mental Health Awareness week","43598","","S","S176","Finance Code Directory (2018-19","187"
"2018-19","8686","Latin American Club","Latam Exco get together","43538","","O","X151","Finance Code Directory (2018-19","188"
"2018-19","8685","Africa Club","Tattoo 2019","43533","","S","S104","Finance Code Directory (2018-19","189"
"2018-19","8683","Portugal Club","Networking Portugal Club","43536","","O","X299","Finance Code Directory (2018-19","190"
"2018-19","8682","Israel Club","Exco meeting","43535","","O","X143","Finance Code Directory (2018-19","191"
"2018-19","8680","Music Club","new equipment","43525","43546","O","X211","Finance Code Directory (2018-19","192"
"2018-19","8679","Asia Club","Asia Club mentoring programme","43549","","O","X103","Finance Code Directory (2018-19","193"
"2018-19","8678","Investment Management Club","Ethics in Investing Journey for a Hedge Fund Analyst","43542","","O","X229","Finance Code Directory (2018-19","194"
"2018-19","8677","Cycling Club","Rollapaluza","43545","","O","X351","Finance Code Directory (2018-19","195"
"2018-19","8676","Latin American Club","Rollapalooza LATAM","43545","","O","X151","Finance Code Directory (2018-19","196"
"2018-19","8675","Investment Management Club","Banks' analysis and valuation workshop","43541","","O","X229","Finance Code Directory (2018-19","197"
"2018-19","8674","North American Club","Tattoo 2019","43533","","S","S160","Finance Code Directory (2018-19","198"
"2018-19","8673","Golf Club","Ryder Cup 2019","17/03/0199","","S","S134","Finance Code Directory (2018-19","199"
"2018-19","8672","Public Speaking Club","Sponsorship income","43549","","S","S168","Finance Code Directory (2018-19","200"
"2018-19","8671","Investment Management Club","Value Inveesting Speaker Series : Massmo","43538","","O","X229","Finance Code Directory (2018-19","201"
"2018-19","8670","Japan Interest Club","London Tokyo Property Services sponsorship","43548","43646","S","S146","Finance Code Directory (2018-19","202"
"2018-19","8669","Asia Club","Tattoo 2019 Central Asia","43533","","S","S102","Finance Code Directory (2018-19","203"
"2018-19","8668","Asia Club","Tatt Thai reps food stall","43533","","S","S102","Finance Code Directory (2018-19","204"
"2018-19","8667","Asia Club","Tattop 2019","43533","","S","S102","Finance Code Directory (2018-19","205"
"2018-19","8666","Sailing club","Alumni Sailing challenge","43539","43541","O","X181","Finance Code Directory (2018-19","206"
"2018-19","8665","Infrastructure & Construction Society","Exec Co meeting/drinks","43536","","O","X421","Finance Code Directory (2018-19","207"
"2018-19","8664","Hellenic club","Tattoo 2019","43533","","S","S266","Finance Code Directory (2018-19","208"
"2018-19","8663","Energy Club","Accenture Energy Outlook 2040","43542","","O","X119","Finance Code Directory (2018-19","209"
"2018-19","8662","Military in Business Club","MIB Reconnect drinks","43515","","O","X363","Finance Code Directory (2018-19","210"
"2018-19","8661","Asia Club","Co Sponsorship Sundowners","43538","","O","X103","Finance Code Directory (2018-19","211"
"2018-19","8660","Automotive Club","ExCo social event","43530","","O","X445","Finance Code Directory (2018-19","212"
"2018-19","8659","Entrepreneurship Club","LBS Business Plan comp","43525","43615","O","X121","Finance Code Directory (2018-19","213"
"2018-19","8658","Marketing Club","Marketing Club Exco social","43571","","O","X155","Finance Code Directory (2018-19","214"
"2018-19","8657","Chinese Interest Club","Sundowner catering","43538","","O","X271","Finance Code Directory (2018-19","215"
"2018-19","8655","Israel Club","Tattoo 2019","43533","","S","S142","Finance Code Directory (2018-19","216"
"2018-19","8654","Infrastructure & Construction Society","Easyjet Chief Commercial & strat officer talk","43535","","O","X421","Finance Code Directory (2018-19","217"
"2018-19","8653","Art Connection Club","Late Night at the Whitechapel Library","43531","","S","S268","Finance Code Directory (2018-19","218"
"2018-19","8652","Investment Management Club","LBS Stock Pitch comp spring","43531","","O","X229","Finance Code Directory (2018-19","219"
"2018-19","8650","Responsible Business Club (Formally Net Impact)","Social Impact Careers Fair","43537","","O","X159","Finance Code Directory (2018-19","220"
"2018-19","8649","Responsible Business Club (Formally Net Impact)","Social Impact Week","43534","43540","O","X159","Finance Code Directory (2018-19","221"
"2018-19","8648","Partners Club","Waitress The Musical","43544","","O","X163","Finance Code Directory (2018-19","222"
"2018-19","8647","Salsa Club","Salsa Instructor payment","43507","","O","X183","Finance Code Directory (2018-19","223"
"2018-19","8646","Infrastructure & Construction Society","Noy dor Eent","43515","","O","X421","Finance Code Directory (2018-19","224"
"2018-19","8645","Retail & Luxury Goods Club","RLGC Alumni Event","43536","","O","X325","Finance Code Directory (2018-19","225"
"2018-19","8644","Private Equity Club","LBS PE Case Competition","43587","","O","X167","Finance Code Directory (2018-19","226"
"2018-19","8641","Salsa Club","Tattoo ticket reimbursement","43533","","S","S182","Finance Code Directory (2018-19","227"
"2018-19","8640","Italian Club","Tattoo 2019","43533","","S","S144","Finance Code Directory (2018-19","228"
"2018-19","8639","Latin American Club","Tattoo","43533","","S","S150","Finance Code Directory (2018-19","229"
"2018-19","8638","Portugal Club","Tattoo 2019","43533","","S","S298","Finance Code Directory (2018-19","230"
"2018-19","8637","Health Care Club","Stragegy & corp sponsorship","43360","","S","S108","Finance Code Directory (2018-19","231"
"2018-19","8635","Asia Club","Drinks with alumni on singapore trek","43454","","O","X103","Finance Code Directory (2018-19","232"
"2018-19","8634","Investment Management Club","Roundtable Discussion with Ismet (Balyasny Asset Mngmt)","43530","","O","X229","Finance Code Directory (2018-19","233"
"2018-19","8633","Central","DISOrientation","43653","43659","S","S100","Finance Code Directory (2018-19","234"
"2018-19","8632","Chinese Interest Club","Fosun speaker","43527","","O","X271","Finance Code Directory (2018-19","235"
"2018-19","8630","Squash Club","Squash club kits","43528","","S","S188","Finance Code Directory (2018-19","236"
"2018-19","8629","Squash Club","Squash club membership","43344","43708","O","X189","Finance Code Directory (2018-19","237"
"2018-19","8628","Women in Business","Accenture WIB sponorship 2019","43344","43677","S","S198","Finance Code Directory (2018-19","238"
"2018-19","8627","Private Equity Club","Fireside chat with Softbank","43522","","O","X167","Finance Code Directory (2018-19","239"
"2018-19","8626","Wine & Cheese","Tasting new Trends","43544","","S","S224","Finance Code Directory (2018-19","240"
"2018-19","8625","Partners Club","Mexican Brunch at Mestizo","43527","","O","X163","Finance Code Directory (2018-19","241"
"2018-19","8624","Private Equity Club","PE Trek London","43579","43581","O","X167","Finance Code Directory (2018-19","242"
"2018-19","8623","Private Equity Club","Pizza & Beer with a VC (MMC Ventures)","43515","","O","X167","Finance Code Directory (2018-19","243"
"2018-19","8621","Automotive Club","Go Kart","43521","","S","S446","Finance Code Directory (2018-19","244"
"2018-19","8620","Investment Management Club","Roundtable Discussion with Maren (Morgan Stanley)","43522","","O","X229","Finance Code Directory (2018-19","245"
"2018-19","8619","Out in Business Club (formerly GLN club)","Eurout 2019","43785","43786","O","X165","Finance Code Directory (2018-19","246"
"2018-19","8618","Italian Club","Italian Club networking","43530","","O","X145","Finance Code Directory (2018-19","247"
"2018-19","8617","Russian Club","Tattoo 2019","43532","","S","S436","Finance Code Directory (2018-19","248"
"2018-19","8616","Real Estate Club","PE Real Estate Trek 2019","43524","43525","O","X171","Finance Code Directory (2018-19","249"
"2018-19","8615","Spanish Club","Spanish Wine Tasting","43585","","S","S186","Finance Code Directory (2018-19","250"
"2018-19","8614","Private Equity Club","PE/VC Club Exco social","43531","","O","X167","Finance Code Directory (2018-19","251"
"2018-19","8613","Expedition Club","Great Glen Ways 2019","43588","43590","O","X417","Finance Code Directory (2018-19","252"
"2018-19","8612","Health Care Club","BCG Corp sponsorship","43510","43644","S","S108","Finance Code Directory (2018-19","253"
"2018-19","8610","Acting Club","Level 2 Acting Class Winter 2019","43501","43557","O","X231","Finance Code Directory (2018-19","254"
"2018-19","8609","Golf Club","Golf outing Trent Park Golf club","43505","","O","X135","Finance Code Directory (2018-19","255"
"2018-19","8608","Cricket Club","Last Man Stands","43586","","O","X111","Finance Code Directory (2018-19","256"
"2018-19","8607","Private Equity Club","VC London Trek ""1","43518","","O","X167","Finance Code Directory (2018-19","257"
"2018-19","8606","Expedition Club","Speaker Series : Pelagic fleet","43516","","O","X417","Finance Code Directory (2018-19","258"
"2018-19","8605","Energy Club","Clean Energy Career Fair","43578","","O","X119","Finance Code Directory (2018-19","259"
"2018-19","8604","Partners Club","Partners movie night for half price","43517","","O","X163","Finance Code Directory (2018-19","260"
"2018-19","8603","Expedition Club","Day Hike - Chinnor Hill and Bledlow Ridge","43575","","O","X417","Finance Code Directory (2018-19","261"
"2018-19","8602","Cricket Club","Cricket Kits","43468","","O","X111","Finance Code Directory (2018-19","262"
"2018-19","8601","Expedition Club","Three Peaks challenge 2019","43729","43731","O","X417","Finance Code Directory (2018-19","263"
"2018-19","8600","Dubai Chapter","Roof Top Party - end of year celebration","43647","43651","S","S442","Finance Code Directory (2018-19","264"
"2018-19","8599","Italian Club","Italian Club sundowners Feb 19","43524","","O","X145","Finance Code Directory (2018-19","265"
"2018-19","8598","Middle Eastern Club","Tattoo 2019","43533","","S","S156","Finance Code Directory (2018-19","266"
"2018-19","8597","Japan Interest Club","Web-page renewal/maintenance","43448","","O","X147","Finance Code Directory (2018-19","267"
"2018-19","8596","Turnaround Management Club","Consulting / Roland Berger - Rstructuring Practice Group","43517","","O","X305","Finance Code Directory (2018-19","268"
"2018-19","8595","Marketing Club","An Evening with Lego","43528","","O","X155","Finance Code Directory (2018-19","269"
"2018-19","8594","Out in Business Club (formerly GLN club)","Equality Ball 2018","43430","","S","S164","Finance Code Directory (2018-19","270"
"2018-19","8593","Women in Business","EMBA & Sloan Ladies networking 2019","43532","","S","S198","Finance Code Directory (2018-19","271"
"2018-19","8592","Investment Management Club","An Insight into the world of ETF Investing","43521","","O","X229","Finance Code Directory (2018-19","272"
"2018-19","8591","Asia Club","Balls of Fury","43518","","S","S102","Finance Code Directory (2018-19","273"
"2018-19","8590","Art Connection Club","Klimt Exhibition","43486","","S","S268","Finance Code Directory (2018-19","274"
"2018-19","8589","Women in Business","Glitter Artist at 2019 Tattoo","43533","","S","S198","Finance Code Directory (2018-19","275"
"2018-19","8588","Women in Business","An Insight into the world of ETF Investing","43521","","O","X199","Finance Code Directory (2018-19","276"
"2018-19","8587","MBAT 2019","MBAT 2019","43594","12/5/19","O","X475","Finance Code Directory (2018-19","277"
"2018-19","8586","Turnaround Management Club","Bankruptcy & Restruct Modeling Workshop","43505","","O","X305","Finance Code Directory (2018-19","278"
"2018-19","8585","Industry club","Evening with Tony Whitehorn Hyudai UK (former CEO)","43515","","O","X209","Finance Code Directory (2018-19","279"
"2018-19","8583","Central","LBS for London 2019","43537","43541","O","X101","Finance Code Directory (2018-19","280"
"2018-19","8582","Public Speaking Club","Comedy class","43521","","S","S168","Finance Code Directory (2018-19","281"
"2018-19","8581","Responsible Business Club (Formally Net Impact)","Social Impact Trek","43548","43555","O","X159","Finance Code Directory (2018-19","282"
"2018-19","8580","Rugby Club (mens)","Spring Pub Crawl","43530","","S","S176","Finance Code Directory (2018-19","283"
"2018-19","8579","Rugby Club (mens)","Long Tour 2019 (Duke)","43562","43570","O","X177","Finance Code Directory (2018-19","284"
"2018-19","8578","Wine & Cheese","Speakeasy Crawl v 1.0","43528","","S","S224","Finance Code Directory (2018-19","285"
"2018-19","8577","Expedition Club","March 2019 local hikes","43525","43555","O","X417","Finance Code Directory (2018-19","286"
"2018-19","8576","Retail & Luxury Goods Club","RLG Madrid Trek 2019","43537","43541","O","X325","Finance Code Directory (2018-19","287"
"2018-19","8575","Expedition Club","Surprise Exco social Feb 19","43523","","O","X417","Finance Code Directory (2018-19","288"
"2018-19","8574","Eastern Europe / CIS Club","Poland Trek 2019","43588","43591","O","X117","Finance Code Directory (2018-19","289"
"2018-19","8573","Foodie Club","Tattoo 2019","43533","","S","S460","Finance Code Directory (2018-19","290"
"2018-19","8572","Partners Club","Valentines Crafts for kids","43508","","O","X163","Finance Code Directory (2018-19","291"
"2018-19","8571","Football Club (Mens)","IESE 2019","39907","43562","O","X127","Finance Code Directory (2018-19","292"
"2018-19","8570","Retail & Luxury Goods Club","RLGC speaker series_18 Feb","43514","","O","X325","Finance Code Directory (2018-19","293"
"2018-19","8569","Chinese Interest Club","Tattoo Party catering","43533","","O","S270","Finance Code Directory (2018-19","294"
"2018-19","8568","Australia New Zealand Club","Australia Chamber of Commerce Membership","43511","","O","X349","Finance Code Directory (2018-19","295"
"2018-19","8567","Responsible Business Club (Formally Net Impact)","Impact Investing speaker series","43405","43646","O","X159","Finance Code Directory (2018-19","296"
"2018-19","8565","Private Equity Club","Pizza & Beer with a VC","43501","","O","X167","Finance Code Directory (2018-19","297"
"2018-19","8564","Women in Business","Lean in circles Kick off 2019","43509","","O","X199","Finance Code Directory (2018-19","298"
"2018-19","8563","Africa Club","My Africa Series","43503","","O","X105","Finance Code Directory (2018-19","299"
"2018-19","8562","Spanish Club","Canary Islands Trek","43517","43521","O","X187","Finance Code Directory (2018-19","300"
"2018-19","8561","Japan Interest Club","Tattoo 2019","43533","","S","S146","Finance Code Directory (2018-19","301"
"2018-19","8560","Partners Club","Welcome Back","43503","","O","X163","Finance Code Directory (2018-19","302"
"2018-19","8559","Russian Club","Moscow Trek 2019","43601","43604","O","X435","Finance Code Directory (2018-19","303"
"2018-19","8558","Rugby Club (mens)","February 2019 Men's Rugby Social","43498","","S","S176","Finance Code Directory (2018-19","304"
"2018-19","8556","Real Estate Club","RE committee dinner","43130","","O","X171","Finance Code Directory (2018-19","305"
"2018-19","8555","Tech & Media Club","Meet the experts - product management","43530","","O","X213","Finance Code Directory (2018-19","306"
"2018-19","8554","Chinese Interest Club","2019 China Business Forum","43602","","O","X271","Finance Code Directory (2018-19","307"
"2018-19","8553","Private Equity Club","IESE PE Competition","43560","43562","O","X167","Finance Code Directory (2018-19","308"
"2018-19","8552","Wine & Cheese","Belgian Beer Trek","43539","43541","O","X225","Finance Code Directory (2018-19","309"
"2018-19","8551","Rugby Club (Women)","Fitness - F45","43514","","O","X201","Finance Code Directory (2018-19","310"
"2018-19","8550","Out in Business Club (formerly GLN club)","Love is Love Campaign 2019","43510","","O","X165","Finance Code Directory (2018-19","311"
"2018-19","8549","Private Equity Club","VCIC Internal competition","43511","","O","X167","Finance Code Directory (2018-19","312"
"2018-19","8548","Industry club","corporate Leadership club planning session","43495","","O","X209","Finance Code Directory (2018-19","313"
"2018-19","8547","Salsa Club","Salsa classes","43479","43493","O","X183","Finance Code Directory (2018-19","314"
"2018-19","8546","Investment Management Club","Value Investing Speaker series: Conversation with Massimo","43538","","O","X229","Finance Code Directory (2018-19","315"
"2018-19","8545","Investment Management Club","Conversation with Paul Lountzis","43515","","O","X229","Finance Code Directory (2018-19","316"
"2018-19","8544","Sports Business Club","Speaker Gifts","43525","43646","O","X275","Finance Code Directory (2018-19","317"
"2018-19","8543","Investment Management Club","Value Investing Speaker Series: Conversation with Mark Walker","43509","","O","X229","Finance Code Directory (2018-19","318"
"2018-19","8542","Spanish Club","Tattoo","43489","","O","X187","Finance Code Directory (2018-19","319"
"2018-19","8541","Automotive Club","Jaguar Experience Day","43498","","O","X445","Finance Code Directory (2018-19","320"
"2018-19","8539","Badminton club","Weekl Badminton Practice 2018/19","43345","43661","O","X207","Finance Code Directory (2018-19","321"
"2018-19","8538","Cycling Club","Lonodn to Paris Trek 2019","43609","43611","O","X351","Finance Code Directory (2018-19","322"
"2018-19","8537","Energy Club","Global Energy Summit 2019","43518","","O","X119","Finance Code Directory (2018-19","323"
"2018-19","8536","Football Club (Womens)","IESE Spring Games","43559","43562","O","X129","Finance Code Directory (2018-19","324"
"2018-19","8535","Marketing Club","Marketing club team building","43412","","O","X155","Finance Code Directory (2018-19","325"
"2018-19","8533","Women in Business","2019 Mental Health Personal Dev Workshop","43599","","O","X199","Finance Code Directory (2018-19","326"
"2018-19","8532","Women in Business","2019 Negotiation Personal Dev Workshop","43517","","O","X199","Finance Code Directory (2018-19","327"
"2018-19","8531","Japan Interest Club","Sake Night 2019","43510","","S","S146","Finance Code Directory (2018-19","328"
"2018-19","8530","Foodie Club","Food for Good","43494","","O","X459","Finance Code Directory (2018-19","329"
"2018-19","8529","Rugby Club (Women)","Exco Social term 2","43479","","O","X201","Finance Code Directory (2018-19","330"
"2018-19","8528","German Swiss Austrian Club","GSA Tattoo 2019","43533","","S","S132","Finance Code Directory (2018-19","331"
"2018-19","8527","Wine & Cheese","Suth African Wine Tasing with Africa Club","43510","","S","S224","Finance Code Directory (2018-19","332"
"2018-19","8526","French club","Burgundy and Champagne Trek","43518","43521","O","X131","Finance Code Directory (2018-19","333"
"2018-19","8525","Expedition Club","Scuba Trek 2019","43602","43604","O","X417","Finance Code Directory (2018-19","334"
"2018-19","8524","Expedition Club","Sea Kayaking Trek to Norway","43615","43618","O","X417","Finance Code Directory (2018-19","335"
"2018-19","8523","Women in Business","Tech Networking Breakfast","43530","","O","X199","Finance Code Directory (2018-19","336"
"2018-19","8522","Entrepreneurship Club","Startup - Grind event","43495","","O","X121","Finance Code Directory (2018-19","337"
"2018-19","8521","Hellenic club","Young Entrepreneurs Prog matching event by Reload Greece","43505","","S","S266","Finance Code Directory (2018-19","338"
"2018-19","8520","Marketing Club","Meet the Marketer","43507","","O","X155","Finance Code Directory (2018-19","339"
"2018-19","8519","Family Business Club","Succession planning event","43500","","O","X307","Finance Code Directory (2018-19","340"
"2018-19","8518","Health Care Club","ExCo dinner","43438","","O","X109","Finance Code Directory (2018-19","341"
"2018-19","8517","Health Care Club","J&J 2019/19 sponsorship","43353","43630","S","S108","Finance Code Directory (2018-19","342"
"2018-19","8516","Responsible Business Club (Formally Net Impact)","Social Impact conference sponsorship","43539","","S","S158","Finance Code Directory (2018-19","343"
"2018-19","8515","Responsible Business Club (Formally Net Impact)","Social Impact conference","43539","","O","X159","Finance Code Directory (2018-19","344"
"2018-19","8514","Tennis Club","Tennis Accessories","43373","","O","X221","Finance Code Directory (2018-19","345"
"2018-19","8513","Tennis Club","Everyone Active Court Booking","43290","43646","O","X221","Finance Code Directory (2018-19","346"
"2018-19","8512","Portugal Club","PT Club alumni Dinner @ London","43447","","o","X299","Finance Code Directory (2018-19","347"
"2018-19","8511","TEDX","TEDx LBS Conference 2019","43588","","O","X399","Finance Code Directory (2018-19","348"
"2018-19","8510","Central","LBS/Oxford/Insead combined social","43523","","S","S100","Finance Code Directory (2018-19","349"
"2018-19","8509","Rugby Club (Women)","Pitch Cost term 2","43479","43555","O","X201","Finance Code Directory (2018-19","350"
"2018-19","8508","Retail & Luxury Goods Club","RLGC January Social Event","43488","","O","X325","Finance Code Directory (2018-19","351"
"2018-19","8507","Australia New Zealand Club","Australia Day and Waitangi Day Party","43497","","S","S348","Finance Code Directory (2018-19","352"
"2018-19","8506","Emerging Markets Club","Invesing in Emerging Economies","43537","","O","X329","Finance Code Directory (2018-19","353"
"2018-19","8505","Basketball Club","Club Gear","43480","","S","S106","Finance Code Directory (2018-19","354"
"2018-19","8504","Hellenic club","Greek Trek","43611","43616","O","X267","Finance Code Directory (2018-19","355"
"2018-19","8502","Asia Club","Korea Trek","43562","43568","O","X103","Finance Code Directory (2018-19","356"
"2018-19","8501","Asia Club","Taiwan Trek","43551","43554","O","X103","Finance Code Directory (2018-19","357"
"2018-19","8499","Australia New Zealand Club","Australia Day Gala 2019","43494","","S","S348","Finance Code Directory (2018-19","358"
"2018-19","8498","Cycling Club","Indoor Cycling competition","43405","43526","O","X351","Finance Code Directory (2018-19","359"
"2018-19","8497","Investment Management Club","Stock Pitch Workshop with UBS Asset Management","43382","","O","X229","Finance Code Directory (2018-19","360"
"2018-19","8496","Investment Management Club","Roundtable Discussion with Frank - Capital Group","43489","","O","X229","Finance Code Directory (2018-19","361"
"2018-19","8495","Investment Management Club","Value Investing Speaker Series: Converstiaon with Hassan","43487","","O","X229","Finance Code Directory (2018-19","362"
"2018-19","8494","Investment Management Club","Roundtable Duiscussion with Sumant Wahi - FIL Analyst","43481","","O","X229","Finance Code Directory (2018-19","363"
"2018-19","8493","Spanish Club","see event code 8453","","","","","Finance Code Directory (2018-19","364"
"2018-19","8492","Football Club (Mens)","Football Beyond Borders FBB","43497","43524","O","X127","Finance Code Directory (2018-19","365"
"2018-19","8491","Latin American Club","Latam Club - LBS Jackets","43403","43408","S","S150","Finance Code Directory (2018-19","366"
"2018-19","8490","Volleyball Club","Volleyball shirt sales","43408","","S","S222","Finance Code Directory (2018-19","367"
"2018-19","8489","Infrastructure & Construction Society","3i Event - Company visit","43502","","O","X421","Finance Code Directory (2018-19","368"
"2018-19","8488","Dubai Chapter","Culture and Talent Dev Making a Breakthrough","43578","","O","X441","Finance Code Directory (2018-19","369"
"2018-19","8485","Israel Club","Coal Office Dinner","43136","","S","S142","Finance Code Directory (2018-19","370"
"2018-19","8484","Rugby Club (mens)","Movember donations","43405","43434","O","X177","Finance Code Directory (2018-19","371"
"2018-19","8482","Women in Business","WIB PD Workshop 2019 - Resilience","43536","","O","X199","Finance Code Directory (2018-19","372"
"2018-19","8481","Real Estate Club","Modelling workshop Jan19","43491","43492","O","X171","Finance Code Directory (2018-19","373"
"2018-19","8479","Partners Club","Ugly Christmas Sweater Party","43433","","S","S162","Finance Code Directory (2018-19","374"
"2018-19","8476","Industry club","Beers with Peers session 1","43493","","O","X209","Finance Code Directory (2018-19","375"
"2018-19","8475","Investment Management Club","Van Berkoms Cae Comp 2019","43469","43580","O","X229","Finance Code Directory (2018-19","376"
"2018-19","8474","Investment Management Club","UCLA Anderson Fink Centre 2019 Credit Pitch comp","43454","43568","O","X229","Finance Code Directory (2018-19","377"
"2018-19","8473","Sailing club","Day Skipper Theory Course","43376","43398","O","X181","Finance Code Directory (2018-19","378"
"2018-19","8472","Rugby Club (mens)","Hawaiian Greek Orthodox Christmas","43482","","S","S176","Finance Code Directory (2018-19","379"
"2018-19","8471","Latin American Club","Latin America Business Forum","43581","","O","X151","Finance Code Directory (2018-19","380"
"2018-19","8470","Africa Club","ACCEL Awards 2019","43582","","O","X105","Finance Code Directory (2018-19","381"
"2018-19","8469","Africa Club","BCF Sponsorship","43448","43586","S","S104","Finance Code Directory (2018-19","382"
"2018-19","8468","Women in Business","WIb Parents & Alumni Gener Equal in workplace","43510","","O","X199","Finance Code Directory (2018-19","383"
"2018-19","8466","Dubai Chapter","LBS Influencers Dinner Series","43419","","O","X441","Finance Code Directory (2018-19","384"
"2018-19","8465","Women in Business","PD Workshop 2019 - Body Language","43213","","O","X199","Finance Code Directory (2018-19","385"
"2018-19","8464","Asia Club","Exco Welcome event","43382","","O","X103","Finance Code Directory (2018-19","386"
"2018-19","8463","Japan Interest Club","Sundowners Japan club","43433","","S","S146","Finance Code Directory (2018-19","387"
"2018-19","8462","Acting Club","Level 1 Acting Class Fall 2018","43388","43438","O","X231","Finance Code Directory (2018-19","388"
"2018-19","8461","Foodie Club","Dinner at IDA","43464","","S","S460","Finance Code Directory (2018-19","389"
"2018-19","8460","Foodie Club","London Food Industry Visit","43516","","S","S460","Finance Code Directory (2018-19","390"
"2018-19","8459","Foodie Club","San Sebastian Trek","43525","43527","O","X459","Finance Code Directory (2018-19","391"
"2018-19","8458","Foodie Club","Fireside Chat with chopitong","43388","","O","X459","Finance Code Directory (2018-19","392"
"2018-19","8457","Sailing club","Sailing merchandise 2018","43441","43490","S","S180","Finance Code Directory (2018-19","393"
"2018-19","8456","Salsa Club","Salsa classes","43437","","O","X183","Finance Code Directory (2018-19","394"
"2018-19","8455","Salsa Club","Salsa classes","43409","43433","O","X183","Finance Code Directory (2018-19","395"
"2018-19","8454","Foodie Club","Food club exec co meeting","43436","","O","X459","Finance Code Directory (2018-19","396"
"2018-19","8453","Spanish Club","Spanish Speaking Dinner","43488","","O","X187","Finance Code Directory (2018-19","397"
"2018-19","8452","Golf Club","Merchandise","43419","43434","S","S134","Finance Code Directory (2018-19","398"
"2018-19","8451","Real Estate Club","Speakers Series","43612","43644","O","X171","Finance Code Directory (2018-19","399"
"2018-19","8451","Real Estate Club","Beekin Speakers Series","43431","","O","X171","Finance Code Directory (2018-19","400"
"2018-19","8449","Latin American Club","Latam Party at Mestizo","43436","","S","S150","Finance Code Directory (2018-19","401"
"2018-19","8448","Expedition Club","Everest Base Camp Trek 2019","43562","43576","O","X417","Finance Code Directory (2018-19","402"
"2018-19","8447","Consulting Club","Crack a Case Refreshment reimbursement","43325","43449","O","X115","Finance Code Directory (2018-19","403"
"2018-19","8446","Responsible Business Club (Formally Net Impact)","Social Enterpreses coffee chats","43430","43646","O","X159","Finance Code Directory (2018-19","404"
"2018-19","8445","Energy Club","Inveting in your Future - A career in energy","43515","","O","X119","Finance Code Directory (2018-19","405"
"2018-19","8444","Women in Business","Manbassador 2019 kick off panel discussion","43501","","O","X199","Finance Code Directory (2018-19","406"
"2018-19","8443","Middle Eastern Club","Middle East Conference 2019","43532","","O","X157","Finance Code Directory (2018-19","407"
"2018-19","8442","Rugby Club (mens)","Xmas dinner","43436","","O","X177","Finance Code Directory (2018-19","408"
"2018-19","8441","Israel Club","Israel Trek","43618","43625","O","X143","Finance Code Directory (2018-19","409"
"2018-19","8440","Asia Club","Indonesia Cultural Trek","43549","43555","O","X103","Finance Code Directory (2018-19","410"
"2018-19","8439","Consulting Club","Digital panel","43438","","O","X115","Finance Code Directory (2018-19","411"
"2018-19","8438","Portugal Club","Networking Event Portugal Brazil","43406","","O","X299","Finance Code Directory (2018-19","412"
"2018-19","8437","Women in Business","2018 Equality Ball","43430","","S","X199","Finance Code Directory (2018-19","413"
"2018-19","8436","Women in Business","WIB Consulting Panel Dec18","43438","","O","X199","Finance Code Directory (2018-19","414"
"2018-19","8435","Investment Management Club","Year end Exco meeting","43433","","O","X229","Finance Code Directory (2018-19","415"
"2018-19","8434","Football Club (Womens)","Angels Spring League","43466","43585","O","X129","Finance Code Directory (2018-19","416"
"2018-19","8433","Women in Business","Charity date Auction","43431","","O","X199","Finance Code Directory (2018-19","417"
"2018-19","8432","Partners Club","Hallloween party for kids","43406","","O","X163","Finance Code Directory (2018-19","418"
"2018-19","8431","Italian Club","Italian Club Exco dinner","43432","","O","X145","Finance Code Directory (2018-19","419"
"2018-19","8430","Italian Club","Pizza Masterclassat Rossopomodoro","43423","","S","S144","Finance Code Directory (2018-19","420"
"2018-19","8429","Women in Business","BCG sponsorship 2018/19","43432","","S","S198","Finance Code Directory (2018-19","421"
"2018-19","8428","Sports Business Club","iWorkinSport","43609","","O","X275","Finance Code Directory (2018-19","422"
"2018-19","8427","Foodie Club","Cook for Cause","43408","","O","X459","Finance Code Directory (2018-19","423"
"2018-19","8426","Rugby Club (Women)","Duke Long Tour","43562","43570","O","X201","Finance Code Directory (2018-19","424"
"2018-19","8425","Rugby Club (Women)","Exec Holiday Party","43438","","O","X201","Finance Code Directory (2018-19","425"
"2018-19","8424","Middle Eastern Club","Jordon and Lebenan trek 2019","43618","43625","O","X157","Finance Code Directory (2018-19","426"
"2018-19","8423","Foodie Club","Picture Restaurant - dinner","43423","","S","S460","Finance Code Directory (2018-19","427"
"2018-19","8422","Africa Club","Africa Club Exco bowling night","43426","","O","X105","Finance Code Directory (2018-19","428"
"2018-19","8421","Consulting Club","MBA2020 Mixer event","43430","","O","X115","Finance Code Directory (2018-19","429"
"2018-19","8420","Women in Business","WIB ExCo Banner","43439","","O","X199","Finance Code Directory (2018-19","430"
"2018-19","8419","Women in Business","WIB ExCo kick off drinks","43403","","O","X199","Finance Code Directory (2018-19","431"
"2018-19","8418","Rugby Club (Women)","Rugby Training","43313","43677","O","X201","Finance Code Directory (2018-19","432"
"2018-19","8417","Rugby Club (Women)","Prom Committee","43313","43677","S","S200","Finance Code Directory (2018-19","433"
"2018-19","8416","Central","SA Fee Collection - SPR19 IEP","43466","43553","S","S100","Finance Code Directory (2018-19","434"
"2018-19","8415","Central","SA Fee Collection - SPR19 PHD","43466","43553","S","S100","Finance Code Directory (2018-19","435"
"2018-19","8414","North American Club","New ExCo lunch","43410","","O","X161","Finance Code Directory (2018-19","436"
"2018-19","8413","Football Club (Mens)","Inter-stream 2018 football tournament","43421","","S","S126","Finance Code Directory (2018-19","437"
"2018-19","8412","Latin American Club","Mini Golf Event","43436","","O","X151","Finance Code Directory (2018-19","438"
"2018-19","8411","Private Equity Club","Multiple:X 2019","43588","","O","X167","Finance Code Directory (2018-19","439"
"2018-19","8410","Health Care Club","HCC Sundowners Jan19","43427","","O","X109","Finance Code Directory (2018-19","440"
"2018-19","8409","Design & Innovation club","A Conversation about Design","43426","43436","O","X425","Finance Code Directory (2018-19","441"
"2018-19","8408","Africa Club","Africa club London PE Trek","43433","","O","X105","Finance Code Directory (2018-19","442"
"2018-19","8404","Impact Consulting Club","2018/19 Board Fellows Programme","43435","","O","X387","Finance Code Directory (2018-19","443"
"2018-19","8403","Africa Club","Africa club Boma Chat Series","43439","","O","X105","Finance Code Directory (2018-19","444"
"2018-19","8402","Health Care Club","Healthcare Conference","43536","","O","X109","Finance Code Directory (2018-19","445"
"2018-19","8401","Film Club","Sideways Movie screening","43495","","S","S122","Finance Code Directory (2018-19","446"
"2018-19","8399","Energy Club","Protean Electic Presentation","43529","","O","X119","Finance Code Directory (2018-19","447"
"2018-19","8399","Energy Club","Protean Electric presentation","43439","","O","X119","Finance Code Directory (2018-19","448"
"2018-19","8398","Salsa Club","Salsa socials","43403","","S","S182","Finance Code Directory (2018-19","449"
"2018-19","8397","Women in Business","Food & Beverage Expo 2019","43425","","O","X199","Finance Code Directory (2018-19","450"
"2018-19","8396","Women in Business","Lean in Circles Kick off 2019","43426","","O","X199","Finance Code Directory (2018-19","451"
"2018-19","8395","Entrepreneurship Club","Close the Loop - End of Term party","43433","","S","S120","Finance Code Directory (2018-19","452"
"2018-19","8394","Asia Club","Pakistan trek","43556","43562","O","X103","Finance Code Directory (2018-19","453"
"2018-19","8393","Portugal Club","Portuguese Wine Tasting","43424","","S","S298","Finance Code Directory (2018-19","454"
"2018-19","8392","Expedition Club","Climbing Induction December 2018","43438","","O","X417","Finance Code Directory (2018-19","455"
"2018-19","8391","Art Connection Club","London Art Fair visit","43484","","S","S268","Finance Code Directory (2018-19","456"
"2018-19","8390","Rugby Club (mens)","Rugby equipment","43419","43646","O","X177","Finance Code Directory (2018-19","457"
"2018-19","8389","Finance Club","Finance ExCo meeting","43415","","O","X125","Finance Code Directory (2018-19","458"
"2018-19","8388","Cricket Club","Logo designer","43388","43393","O","X111","Finance Code Directory (2018-19","459"
"2018-19","8387","Rugby Club (Women)","Alumni Tournament","43491","","S","S200","Finance Code Directory (2018-19","460"
"2018-19","8386","Tattoo 2019","Tattoo 2019","43533","","S","S474","Finance Code Directory (2018-19","461"
"2018-19","8384","French club","French Dinner","43432","","O","X131","Finance Code Directory (2018-19","462"
"2018-19","8383","French club","Charity Date Auction Night","43431","","O","X131","Finance Code Directory (2018-19","463"
"2018-19","8381","Women in Business","WIB-VC Alumni Panel & Networking","43433","","O","X199","Finance Code Directory (2018-19","464"
"2018-19","8378","Rugby Club (mens)","Movember gear","43417","43434","O","X177","Finance Code Directory (2018-19","465"
"2018-19","8377","Investment Management Club","Sending speaker series invites Duplicate - see 8344","","","","","Finance Code Directory (2018-19","466"
"2018-19","8376","Rugby Club (Women)","Flykick fitness event","43438","","O","X201","Finance Code Directory (2018-19","467"
"2018-19","8375","Rugby Club (Women)","Sponsorship payment from Roland Berger","43416","43449","S","S200","Finance Code Directory (2018-19","468"
"2018-19","8374","Rugby Club (Women)","Sponsorship payment from BCG","43416","43449","S","S200","Finance Code Directory (2018-19","469"
"2018-19","8373","Private Equity Club","November 2018 Exco Social Event","43417","","O","X167","Finance Code Directory (2018-19","470"
"2018-19","8370","Investment Management Club","Speaker Series: Fireside chat with Jerry Rivera, fidelity Investments","43416","","O","X229","Finance Code Directory (2018-19","471"
"2018-19","8368","Entrepreneurship Club","LBS Launchpad 2018/19","43497","","O","X121","Finance Code Directory (2018-19","472"
"2018-19","8367","Art Connection Club","The price of everything","43434","","S","S268","Finance Code Directory (2018-19","473"
"2018-19","8366","Energy Club","PluggedIn and Communications","43415","","O","X119","Finance Code Directory (2018-19","474"
"2018-19","8365","Art Connection Club","Specialist-Led Tour of Southeby's Contemporary Curated Sale","43422","","O","X269","Finance Code Directory (2018-19","475"
"2018-19","8364","Art Connection Club","2018 Xmas Dinner","43432","","O","X269","Finance Code Directory (2018-19","476"
"2018-19","8363","Retail & Luxury Goods Club","RLGC speaker series, Burberry","43494","","O","X325","Finance Code Directory (2018-19","477"
"2018-19","8362","Partners Club","Partner club networking night meet recruiters","43418","","O","X163","Finance Code Directory (2018-19","478"
"2018-19","8360","Energy Club","Energy Sloans Networking Event","43431","","O","X119","Finance Code Directory (2018-19","479"
"2018-19","8359","Latin American Club","Peru Trek 2019","43604","43610","O","X151","Finance Code Directory (2018-19","480"
"2018-19","8358","Film Club","Exco Drinks","43384","","O","X123","Finance Code Directory (2018-19","481"
"2018-19","8357","Film Club","Fantastic Beasts","43404","","O","X123","Finance Code Directory (2018-19","482"
"2018-19","8356","Brazil Club","Tattoo 2019","43533","","S","S290","Finance Code Directory (2018-19","483"
"2018-19","8355","Brazil Club","Breakfast with Itau Chief Economist","43423","","O","X291","Finance Code Directory (2018-19","484"
"2018-19","8353","Rugby Club (Women)","Yoga Event","43405","","O","X201","Finance Code Directory (2018-19","485"
"2018-19","8352","Investment Management Club","AQR Educational Session by David Kabiller, co founder & Head of Bus","43411","","O","X229","Finance Code Directory (2018-19","486"
"2018-19","8351","Africa Club","Africa Club Exco dinners","43412","","O","X105","Finance Code Directory (2018-19","487"
"2018-19","8350","Consulting Club","BCG Digital Event 2018","43420","","O","X115","Finance Code Directory (2018-19","488"
"2018-19","8349","Volleyball Club","membership card","43358","43646","O","X223","Finance Code Directory (2018-19","489"
"2018-19","8348","Investment Management Club","Asset Management Conference 20190","43580","","O","X229","Finance Code Directory (2018-19","490"
"2018-19","8346","Football Club (Womens)","Kit & Duffel bag purchase","43409","","S","S128","Finance Code Directory (2018-19","491"
"2018-19","8344","Investment Management Club","sending speaker series invite","43409","43434","O","X229","Finance Code Directory (2018-19","492"
"2018-19","8343","Cricket Club","Weekly Lords Net Sessions 18/19","43415","43677","O","X111","Finance Code Directory (2018-19","493"
"2018-19","8342","Entrepreneurship Club","Building a Global Brand with Lord Bilimoria, Cobra Beer","43417","","O","X121","Finance Code Directory (2018-19","494"
"2018-19","8341","Australia New Zealand Club","ANZ Business School networking drinks","43432","","O","X349","Finance Code Directory (2018-19","495"
"2018-19","8340","Asia Club","Thailand Trek","43451","43457","O","X103","Finance Code Directory (2018-19","496"
"2018-19","8339","Entrepreneurship Club","LBS Entrepreneurs: The Ocian Bottle Launch","43410","","O","X121","Finance Code Directory (2018-19","497"
"2018-19","8338","Foodie Club","Tayyabs Dinner","43390","","S","S460","Finance Code Directory (2018-19","498"
"2018-19","8337","Africa Club","Africa Business Summit 2019","43217","","O","X105","Finance Code Directory (2018-19","499"
"2018-19","8337","Africa Club","Africa Business Summit 2019","43582","","O","X105","Finance Code Directory (2018-19","500"
"2018-19","8336","Entrepreneurship Club","Hackathon","43427","43429","O","X121","Finance Code Directory (2018-19","501"
"2018-19","8334","Private Equity Club","RSM Case Competition for PE/VC","43427","43428","O","X167","Finance Code Directory (2018-19","502"
"2018-19","8332","Out in Business Club (formerly GLN club)","Coming Out Week 2018","43381","43385","O","X165","Finance Code Directory (2018-19","503"
"2018-19","8330","Australia New Zealand Club","Sporting Success: Building a Business on Sport","43424","","O","X349","Finance Code Directory (2018-19","504"
"2018-19","8329","Real Estate Club","Wework Presentation & Networking","43410","","O","X171","Finance Code Directory (2018-19","505"
"2018-19","8328","Rugby Club (Women)","Mentorship Events","43389","43677","S","S200","Finance Code Directory (2018-19","506"
"2018-19","8327","Energy Club","CTC Events and Catering","43409","43589","O","X119","Finance Code Directory (2018-19","507"
"2018-19","8326","Rugby Club (Women)","Membership fees","43313","43677","O","X201","Finance Code Directory (2018-19","508"
"2018-19","8325","Rugby Club (Women)","Windsor Cup","43386","","O","X201","Finance Code Directory (2018-19","509"
"2018-19","8324","Sailing club","Sailing Club kick off","43383","","O","X181","Finance Code Directory (2018-19","510"
"2018-19","8323","Consulting Club","ATK Connect / LBS event","43410","","O","X115","Finance Code Directory (2018-19","511"
"2018-19","8322","Israel Club","Inroduction to Israeli wine & wine tasting","43426","","S","S142","Finance Code Directory (2018-19","512"
"2018-19","8321","Investment Management Club","IMC Social","43403","","O","X229","Finance Code Directory (2018-19","513"
"2018-19","8320","Volunteer Club","Community Toy Drive 2018","43409","43439","O","X355","Finance Code Directory (2018-19","514"
"2018-19","8319","French club","French Speaking breakfast 1","43383","","O","X131","Finance Code Directory (2018-19","515"
"2018-19","8317","Turnaround Management Club","Grant Thornton","43426","","O","X305","Finance Code Directory (2018-19","516"
"2018-19","8316","Australia New Zealand Club","Innovation Talks - Fintech 360","43411","","O","X349","Finance Code Directory (2018-19","517"
"2018-19","8315","Australia New Zealand Club","Gary Turber: Co-Founder and Managing Director at Xero","43374","","O","X349","Finance Code Directory (2018-19","518"
"2018-19","8313","Wine & Cheese","French Wine and Champagne Trek","43160","43163","O","X225","Finance Code Directory (2018-19","519"
"2018-19","8311","Latin American Club","LACF 2018","43385","43387","O","X151","Finance Code Directory (2018-19","520"
"2018-19","8309","Public Speaking Club","LBS vs The World - Quotas for Women in Business","43361","","O","X169","Finance Code Directory (2018-19","521"
"2018-19","8308","North American Club","LBS Halloween Party","43405","","S","S160","Finance Code Directory (2018-19","522"
"2018-19","8307","Volleyball Club","Balls and Equipment","43358","","O","X223","Finance Code Directory (2018-19","523"
"2018-19","8306","Volleyball Club","Indoor court","43358","","O","X223","Finance Code Directory (2018-19","524"
"2018-19","8305","Rugby Club (Women)","Pub Golf 1","43402","","S","S200","Finance Code Directory (2018-19","525"
"2018-19","8304","Consulting Club","OC&C Strategy: company presentation","43418","","O","X115","Finance Code Directory (2018-19","526"
"2018-19","8303","Consulting Club","Bain: What is Digital","43404","","O","X115","Finance Code Directory (2018-19","527"
"2018-19","8302","Foodie Club","Foodie club Dinner at Ida Restaurant","43411","","S","S460","Finance Code Directory (2018-19","528"
"2018-19","8301","Middle Eastern Club","Sundowners Event","43111","","O","X157","Finance Code Directory (2018-19","529"
"2018-19","8300","Snow Club","Snow Trek 2018","43324","16/12/18","O","X185","Finance Code Directory (2018-19","530"
"2018-19","8299","Health Care Club","Speaker Gifts","43229","","O","X109","Finance Code Directory (2018-19","531"
"2018-19","8298","Investment Management Club","Ben Graham Centre's 2019 Int Stock Picking Comp","43564","","O","X229","Finance Code Directory (2018-19","532"
"2018-19","8297","Industry club","ExCo Social for new members","43391","","O","X209","Finance Code Directory (2018-19","533"
"2018-19","8296","Australia New Zealand Club","Beneath The Black, A journey through NZ Rugby","43411","","O","X349","Finance Code Directory (2018-19","534"
"2018-19","8295","Women in Business","ExCo Kick off","43406","","O","X199","Finance Code Directory (2018-19","535"
"2018-19","8294","Finance Club","Fin & Valuation Modeling Seinar (Wall Street Prep)","43407","","O","X125","Finance Code Directory (2018-19","536"
"2018-19","8293","Industry club","Beers with Peers","43432","","O","X209","Finance Code Directory (2018-19","537"
"2018-19","8291","Nordic Club","Introduction Dinner","16/10/18","","O","X361","Finance Code Directory (2018-19","538"
"2018-19","8290","Responsible Business Club (Formally Net Impact)","Global Social Venture Comp","43403","43586","O","X159","Finance Code Directory (2018-19","539"
"2018-19","8289","Tech & Media Club","TMC Social event - Flight Club","43489","","O","X213","Finance Code Directory (2018-19","540"
"2018-19","8288","Investment Management Club","IMC Speaker Series Sustainable Invest, Fad or Future","43398","","O","X229","Finance Code Directory (2018-19","541"
"2018-19","8287","Foodie Club","Tayyabs Indian Dinner","43390","","S","S460","Finance Code Directory (2018-19","542"
"2018-19","8286","Retail & Luxury Goods Club","RLGC Exco kick off","43403","","O","X325","Finance Code Directory (2018-19","543"
"2018-19","8285","Expedition Club","Kickoff social 2018/19","43389","","O","X417","Finance Code Directory (2018-19","544"
"2018-19","8283","Chinese Interest Club","2019 China Trek","43555","43560","O","X271","Finance Code Directory (2018-19","545"
"2018-19","8282","Rugby Club (mens)","Bain & Company BGLAD sponsorship","43390","43646","S","S176","Finance Code Directory (2018-19","546"
"2018-19","8281","Tech & Media Club","Speaker Series","43346","43630","O","X213","Finance Code Directory (2018-19","547"
"2018-19","8280","Snow Club","Jacket Sales 2018","43415","","S","S184","Finance Code Directory (2018-19","548"
"2018-19","8279","Consulting Club","Case Workshop by Marc Cosentino","43391","","O","X115","Finance Code Directory (2018-19","549"
"2018-19","8278","Chinese Interest Club","2018 HK Asset Management Trek","23/10/18","26/10/18","O","X271","Finance Code Directory (2018-19","550"
"2018-19","8277","Health Care Club","ExCo lunch","43390","","O","X109","Finance Code Directory (2018-19","551"
"2018-19","8275","Spanish Club","Kick off Dinner","43353","","O","X187","Finance Code Directory (2018-19","552"
"2018-19","8274","Consulting Club","Committee Team Meetings","43432","","O","X115","Finance Code Directory (2018-19","553"
"2018-19","8273","Consulting Club","BCG Digital Event 2018","43231","","S","S114","Finance Code Directory (2018-19","554"
"2018-19","8272","Consulting Club","Roland Berger Case Competition (2018-2019) Briefing Presentations","16/10/18","","S","S114","Finance Code Directory (2018-19","555"
"2018-19","8269","Tech & Media Club","Interview/Application Session","23/9/18","","O","X213","Finance Code Directory (2018-19","556"
"2018-19","8268","Chinese Interest Club","Club Kick off Meeting","17/10/18","","O","X271","Finance Code Directory (2018-19","557"
"2018-19","8267","Consulting Club","Fast Math Workshop 2018-2019","13/10/18","14/10/18","S","S114","Finance Code Directory (2018-19","558"
"2018-19","8266","Military in Business Club","Metlife Military","17/10/18","","O","X363","Finance Code Directory (2018-19","559"
"2018-19","8265","Tech & Media Club","New TMC Excos social 5/10/18","43230","","O","X213","Finance Code Directory (2018-19","560"
"2018-19","8264","Tech & Media Club","5G with the CEO of EE & BT Consumer","43110","","O","X213","Finance Code Directory (2018-19","561"
"2018-19","8263","Tech & Media Club","Commercializing personalised medicine and gene-editing technology with De","13/5/18","","O","X213","Finance Code Directory (2018-19","562"
"2018-19","8262","Tech & Media Club","Scaling a fast-growing business with Appear Here","14/3/18","","O","X213","Finance Code Directory (2018-19","563"
"2018-19","8261","Tech & Media Club","What's going on in EdTech","23/5/18","","O","X213","Finance Code Directory (2018-19","564"
"2018-19","8260","Investment Management Club","Managing a Behavioural Finance Hedge Fund","43388","","O","X229","Finance Code Directory (2018-19","565"
"2018-19","8259","Investment Management Club","Investing in Emerging Markets with Mobius Gapital Partners","43391","","O","X229","Finance Code Directory (2018-19","566"
"2018-19","8258","Rugby Club (Women)","Kit 2018-19","43388","43465","S","S200","Finance Code Directory (2018-19","567"
"2018-19","8257","Rugby club (women)","Short Tour - Madrid","16/11/18","19/11/18","O","X201","Finance Code Directory (2018-19","568"
"2018-19","8255","Australia New Zealand Club","The Big Picture - Uk Budget in Focus","43111","","O","X349","Finance Code Directory (2018-19","569"
"2018-19","8254","Australia New Zealand Club","Australia's infrastructure pipeline: Building Better Investment","31/10/18","","O","X349","Finance Code Directory (2018-19","570"
"2018-19","8253","Rugby club (women)","Post Game Drinks 1","43109","31/12/18","O","X201","Finance Code Directory (2018-19","571"
"2018-19","8252","Entrepreneurship Club","Exco Social Oct 2018","43230","43291","O","X121","Finance Code Directory (2018-19","572"
"2018-19","8251","Tech & Media Club","SQL Coding Course 09-11-18","43354","","O","X213","Finance Code Directory (2018-19","573"
"2018-19","8250","Women in Business","Lean in Kickoff 2018","18/10/18","","O","X199","Finance Code Directory (2018-19","574"
"2018-19","8249","Women in Business","Finance panel November 2018","43445","","O","X199","Finance Code Directory (2018-19","575"
"2018-19","8248","Korea Club","Korea Club Dinner","43320","","O","X149","Finance Code Directory (2018-19","576"
"2018-19","8245","Partners Club","picnic Primrose Hill","43140","","O","X163","Finance Code Directory (2018-19","577"
"2018-19","8244","India Club","Diwali 2018","17/11/18","","S","S136","Finance Code Directory (2018-19","578"
"2018-19","8243","Out in Business club (formerly GLN Club)","ROMBA conference 2018 Fall","43200","","O","X165","Finance Code Directory (2018-19","579"
"2018-19","8242","Snow Club","Closing Dinner","43243","","O","X185","Finance Code Directory (2018-19","580"
"2018-19","8241","Foodie Club","Opso Dinner","43413","","S","S460","Finance Code Directory (2018-19","581"
"2018-19","8240","Chinese Interest Club","DBC Sponsorship","18/10/18","","S","S270","Finance Code Directory (2018-19","582"
"2018-19","8239","Portugal club","PT Club kick off dinner","22/9/18","","O","X299","Finance Code Directory (2018-19","583"
"2018-19","8238","Private Equity Club","ExCo kick off drinks","43383","","O","X167","Finance Code Directory (2018-19","584"
"2018-19","8237","Middle Eastern Club","Middle East club social","43383","","O","X157","Finance Code Directory (2018-19","585"
"2018-19","8235","Art Connection Club","Frieze Art Fair Guided Tour","43379","","S","S268","Finance Code Directory (2018-19","586"
"2018-19","8234","Tech & Media Club","Intro to Python Oct18","43322","15/10/18","O","X213","Finance Code Directory (2018-19","587"
"2018-19","8233","Africa Club","Africa Club Braai","14/09/2018","","S","S104","Finance Code Directory (2018-19","588"
"2018-19","8232","Out in Business club (formerly GLN Club)","WiB Barbeque 2018","22/9/18","","O","X165","Finance Code Directory (2018-19","589"
"2018-19","8230","Women in Business","Corporate Careers - mentor networking event","16/10/18","","O","X199","Finance Code Directory (2018-19","590"
"2018-19","8229","Women in Business","Mentor Networking - Start up careers","43383","","O","X199","Finance Code Directory (2018-19","591"
"2018-19","8228","Women in Business","VC Mentor Networking Event","43141","","O","X199","Finance Code Directory (2018-19","592"
"2018-19","8227","Entrepreneurship Club","Startup Bootcamp 2018/19","43421","","O","X121","Finance Code Directory (2018-19","593"
"2018-19","8225","Investment Management Club","UBS Asset Management Stock Pitch Workshop","43353","","O","X229","Finance Code Directory (2018-19","594"
"2018-19","8224","Central","SA Team Event","16/10/18","","O","X101","Finance Code Directory (2018-19","595"
"2018-19","8223","Central","Diso Trek","43649","43652","O","X101","Finance Code Directory (2018-19","596"
"2018-19","8222","Central","Management Fee","43313","43677","O","X101","Finance Code Directory (2018-19","597"
"2018-19","8221","Summer Ball 2019","Summer Ball 2019","43659","","S","S472","Finance Code Directory (2018-19","598"
"2018-19","8220","Football Club (Mens)","Demons in Warsaw","28/09/2018","30/09/2018","O","X127","Finance Code Directory (2018-19","599"
"2018-19","8219","Basketball Club","Basketball kick off","43169","","O","X107","Finance Code Directory (2018-19","600"
"2018-19","8218","Japan Interest Club","Japan Trek April 2019","31/3/19","43650","O","X147","Finance Code Directory (2018-19","601"
"2018-19","8217","Japan Interest Club","Alumni Event","31/10/2018","","O","X147","Finance Code Directory (2018-19","602"
"2018-19","8216","Rugby club (Women)","Beer Prossecco Game night","43353","","S","S200","Finance Code Directory (2018-19","603"
"2018-19","8215","Australia New Zealand Club","Focus Down Under: Economic Breakfast Briefing","24/10/18","","O","X349","Finance Code Directory (2018-19","604"
"2018-19","8214","Health Care Club","2018/19 sponorship","17/09/2018","43806","S","S108","Finance Code Directory (2018-19","605"
"2018-19","8212","Consulting Club","Committee Official Kick-off and Opening Meeting 2018-2019","43375","","O","X115","Finance Code Directory (2018-19","606"
"2018-19","8211","Snow Club","Sundowners","","","","X185","Finance Code Directory (2018-19","607"
"2018-19","8209","Badminton club","Summer Badminton Practice 2018","18/06/2018","43109","O","X207","Finance Code Directory (2018-19","608"
"2018-19","8208","Responsible Business Club (Formally Net Impact)","LBSI/MIINT 2018/19","28/09/2018","43470","O","X159","Finance Code Directory (2018-19","609"
"2018-19","8207","Australia New Zealand Club","ANZ ExCo dinner","24/09/2018","","O","X349","Finance Code Directory (2018-19","610"
"2018-19","8206","Portugal Club","Back to School 2018","27/09/2018","","S","S298","Finance Code Directory (2018-19","611"
"2018-19","8205","Investment Management Club","ExCo kick of meeting","43371","","O","X229","Finance Code Directory (2018-19","612"
"2018-19","8205","Investment Management Club","Exco Kick off meeting","43371","","O","X229","Finance Code Directory (2018-19","613"
"2018-19","8204","Private Equity Club","Hermes GPE Competition","43383","","S","S166","Finance Code Directory (2018-19","614"
"2018-19","8203","Wine & Cheese","Finest Fizz Champagne tasing","43353","","S","S224","Finance Code Directory (2018-19","615"
"2018-19","8202","Japan Interest Club","Japanese Whiskey Event","43323","","S","S146","Finance Code Directory (2018-19","616"
"2018-19","8201","Rugby Club (mens)","Santa Pub Crawl 2018","43112","","S","S176","Finance Code Directory (2018-19","617"
"2018-19","8200","Football Club (Mens)","Exec Committee dinner","43444","","O","X127","Finance Code Directory (2018-19","618"
"2018-19","8199","Energy Club","BNEF Outlook 2018","43414","","O","X119","Finance Code Directory (2018-19","619"
"2018-19","8195","Spanish Club","Kick off 2019","24/09/2018","","O","X187","Finance Code Directory (2018-19","620"
"2018-19","8194","Investment Management Club","New IMC Exco Social Event","43371","","O","X229","Finance Code Directory (2018-19","621"
"2018-19","8193","Investment Management Club","Speaker Series - Dominic","43369","","O","X229","Finance Code Directory (2018-19","622"
"2018-19","8189","Football Club (Mens)","OiB co sponsoring","14/10/2018","20/10/2018","O","X127","Finance Code Directory (2018-19","623"
"2018-19","8188","Football Club (Mens)","2018/19 pitches and league","14/09/2018","30/06/2019","O","X127","Finance Code Directory (2018-19","624"
"2018-19","8187","Cycling Club","Richmond Park Beginner Ride","23/09/2018","","O","X351","Finance Code Directory (2018-19","625"
"2018-19","8186","Cycling Club","LBS Cycling Jerseys","17/09/2018","43322","S","S350","Finance Code Directory (2018-19","626"
"2018-19","8185","Football Club (Mens)","2018/19 post match drinks","16/09/2018","30/06/2019","O","X127","Finance Code Directory (2018-19","627"
"2018-19","8184","Military in Business Club","McKinsey Military in Business","27/09/2018","","S","S362","Finance Code Directory (2018-19","628"
"2018-19","8183","Rugby club (Women)","Starter Gift Bags","43108","30/09/2018","O","X201","Finance Code Directory (2018-19","629"
"2018-19","8182","Real Estate Club","Modelling Workshop","13/10/2018","43201","O","X171","Finance Code Directory (2018-19","630"
"2018-19","8181","Out in Business club (formerly GLN Club)","Retreat in Brighton see event 8161","","","","","Finance Code Directory (2018-19","631"
"2018-19","8180","Central","Treasury Onboarding & Operations","43110","31/05/2019","O","X101","Finance Code Directory (2018-19","632"
"2018-19","8179","Women in Business","WIB/OIB Welcome BBQ","22/09/2018","","O","X199","Finance Code Directory (2018-19","633"
"2018-19","8178","Spanish Club","Welcome Drinks for 2020s","43168","","O","X187","Finance Code Directory (2018-19","634"
"2018-19","8177","Out in Business club (formerly GLN Club)","WiB/Oib BBQ","22/09/2018","","O","X165","Finance Code Directory (2018-19","635"
"2018-19","8176","Middle Eastern Club","UAE Career Trek 2018","21/10/2018","25/10/2018","O","X157","Finance Code Directory (2018-19","636"
"2018-19","8175","Private Equity Club","PE/VC kick off social at The Larrik","19/09/2018","","O","X167","Finance Code Directory (2018-19","637"
"2018-19","8174","Golf Club","Golf Lessons2018/19","43433","43677","O","X135","Finance Code Directory (2018-19","638"
"2018-19","8173","Middle Eastern Club","Charity Gala","43292","","S","S156","Finance Code Directory (2018-19","639"
"2018-19","8171","Rugby Club (mens)","Tour Ties","15/09/2018","","O","X177","Finance Code Directory (2018-19","640"
"2018-19","8170","Rugby Club (mens)","Short Tour","16/11/2018","18/11/2018","O","X177","Finance Code Directory (2018-19","641"
"2018-19","8169","Rugby Club (mens)","Rugby club Hawaiians","15/09/2018","","O","X177","Finance Code Directory (2018-19","642"
"2018-19","8168","Rugby Club (mens)","Rugby Pitches","15/09/2018","","O","X177","Finance Code Directory (2018-19","643"
"2018-19","8167","Australia New Zealand Club","Autralia & New Zealand Annual Reception","17/10/2018","","S","S348","Finance Code Directory (2018-19","644"
"2018-19","8166","Australia New Zealand Club","ANZ Club launch - Bogan Bingo","43230","","S","S348","Finance Code Directory (2018-19","645"
"2018-19","8165","TELL","Academic semester (2) 2018 speaker series Sept-Dec18","17/09/2018","16/12/2018","O","X463","Finance Code Directory (2018-19","646"
"2018-19","8164","Private Equity Club","Bain consulting PE Talk","43231","","O","X167","Finance Code Directory (2018-19","647"
"2018-19","8163","Chinese Interest Club","China Kick off 2018","18/09/2018","","O","X271","Finance Code Directory (2018-19","648"
"2018-19","8162","Out in Business club (formerly GLN Club)","Stillout","43260","","O","X165","Finance Code Directory (2018-19","649"
"2018-19","8161","Out in Business club (formerly GLN Club)","OiB Overnight Retreat 2018","21/09/2018","","O","X165","Finance Code Directory (2018-19","650"
"2018-19","8160","Cycling Club","London to Cambridge Ride","43261","43291","O","X351","Finance Code Directory (2018-19","651"
"2018-19","8158","Football Club (Mens)","Warsaw Football Trek","28/09/2018","30/09/2018","O","X127","Finance Code Directory (2018-19","652"
"2018-19","8157","Latin American Club","Exco kick off","43382","","O","X151","Finance Code Directory (2018-19","653"
"2018-19","8156","Football Club (Womens)","Angel's Kickoff event","43199","","O","X129","Finance Code Directory (2018-19","654"
"2018-19","8155","Energy Club","Shell Sky Scenario presentation","25/09/2018","","O","X119","Finance Code Directory (2018-19","655"
"2018-19","8154","Entrepreneurship Club","Entrepreneurship Open House 2018","26/09/2018","","O","X121","Finance Code Directory (2018-19","656"
"2018-19","8153","India Club","India Trek","43385","18/12/2018","O","X137","Finance Code Directory (2018-19","657"
"2018-19","8152","Investment Management Club","Speaker Series - Kevin","43368","","O","X229","Finance Code Directory (2018-19","658"
"2018-19","8151","Australia New Zealand Club","Sponorship 2018/19","43382","31/07/2019","S","S348","Finance Code Directory (2018-19","659"
"2018-19","8150","Rugby Club (mens)","Rugby Kit","43352","","S","S176","Finance Code Directory (2018-19","660"
"2018-19","8149","Rugby club (Women)","Kick off 2018/19","18/09/2018","","S","S200","Finance Code Directory (2018-19","661"
"2018-19","8148","Rugby club (Women)","Fitness 1 - Metabolic","23/09/2018","","S","S200","Finance Code Directory (2018-19","662"
"2018-19","8147","Consulting Club","Marakon Speed Networking event 2018","43443","","S","S114","Finance Code Directory (2018-19","663"
"2018-19","8146","Energy Club","Energy Club CTC and GES kick off","43443","","O","X119","Finance Code Directory (2018-19","664"
"2018-19","8145","Out in Business club (formerly GLN Club)","ROMBA 2018","43200","","O","X165","Finance Code Directory (2018-19","665"
"2018-19","8144","Rugby Club (mens)","membership fees","43352","30/06/2019","O","X177","Finance Code Directory (2018-19","666"
"2018-19","8143","Middle Eastern Club","MEC Outings - welcome week","43199","","O","X157","Finance Code Directory (2018-19","667"
"2018-19","8142","Latin American club","1st Latam party - Amber club","27/09/2018","","S","S150","Finance Code Directory (2018-19","668"
"2018-19","8141","Latin American club","New logo merch","43199","","O","X151","Finance Code Directory (2018-19","669"
"2018-19","8140","Latin American club","New class welcome","43168","","O","X151","Finance Code Directory (2018-19","670"
"2018-19","8139","Foodie Club","Kick off presentation","43199","","O","X459","Finance Code Directory (2018-19","671"
"2018-19","8137","Basketball Club","Payment for Baketball Courts","43108","31/07/2019","O","X107","Finance Code Directory (2018-19","672"
"2018-19","8136","Entrepreneurship Club","Design Thinking Workshops","43352","","O","X121","Finance Code Directory (2018-19","673"
"2018-19","8135","Middle Eastern Club","Career Events","43352","31/10/2018","O","X157","Finance Code Directory (2018-19","674"
"2018-19","8133","Impact Consulting Club","2018/19 project team expenses","43313","43677","O","X387","Finance Code Directory (2018-19","675"
"2018-19","8131","Impact Consulting Club","2018/19 Training and presentations","43313","43677","O","X387","Finance Code Directory (2018-19","676"
"2018-19","8130","Impact Consulting Club","2018/19 Impactathon","43313","31/07/2019","S","S386","Finance Code Directory (2018-19","677"
"2018-19","8129","Australia New Zealand Club","Monday Night Netty","43168","29/10/2018","O","X349","Finance Code Directory (2018-19","678"
"2018-19","8128","Sailing club","Portofino 2018","27/09/2018","30/09/2018","O","X181","Finance Code Directory (2018-19","679"
"2018-19","8126","Central","LBS Families 2018/19","17/09/2018","","O","X101","Finance Code Directory (2018-19","680"
"2018-19","8125","Salsa Club","Autumn Salsa classes","16/09/2018","43355","O","X183","Finance Code Directory (2018-19","681"
"2018-19","8124","Industry club","Kick off presentation","43168","","O","X209","Finance Code Directory (2018-19","682"
"2018-19","8120","Central","Welcome Boat Cruise 2018","43321","","S","S100","Finance Code Directory (2018-19","683"
"2018-19","8119","Cricket Club","Cricket club kickoff","28/09/2018","","O","X111","Finance Code Directory (2018-19","684"
"2018-19","8118","Central","T Shirts for incoming students 2018","27/08/2018","28/09/2018","O","X101","Finance Code Directory (2018-19","685"
"2018-19","8116","Out in Business club (formerly GLN Club)","The Economist Pride Conference","24/05/2018","","O","X165","Finance Code Directory (2018-19","686"
"2018-19","8115","Out in Business club (formerly GLN Club)","Out in Business welcome drinks 18","43412","","O","X165","Finance Code Directory (2018-19","687"
"2018-19","8114","Football Club (Womens)","Angels Tournament Fees","28/06/2018","","O","X129","Finance Code Directory (2018-19","688"
"2018-19","8106","Football Club (Mens)","2018 Consulting Tournament","43170","","O","X127","Finance Code Directory (2018-19","689"
"2018-19","8105","Football Club (Mens)","2018/19 Equipment","43108","31/07/2019","O","X127","Finance Code Directory (2018-19","690"
"2018-19","8104","Football Club (Mens)","2018 Welcome weekend","23/08/2018","","O","X127","Finance Code Directory (2018-19","691"
"2018-19","8103","Central","Fall Festival 2018","14/10/2018","","S","S100","Finance Code Directory (2018-19","692"
"2018-19","8102","Responsible Business Club (Formally Net Impact)","Social Impact Pub Garden","20/08/2018","","O","X159","Finance Code Directory (2018-19","693"
"2018-19","8101","Women in Business","Mental Health Awareness Week - Puppy Therapy","16/05/2018","","O","X199","Finance Code Directory (2018-19","694"
"2018-19","8100","Football Club (Mens)","Prodigy sponsorship 2018/19","43108","31/07/2019","S","S126","Finance Code Directory (2018-19","695"
"2018-19","8099","Partners Club","Welcome Partners 2020","13/08/2018","","O","X163","Finance Code Directory (2018-19","696"
"2018-19","8098","Africa Club","Kick of Africa club events","19/09/2018","","O","X105","Finance Code Directory (2018-19","697"
"2018-19","8097","Turnaround Management Club","Discussing Turnaround Mngt with Shaun O'Callaghan- Grant Thorn","43292","","O","X305","Finance Code Directory (2018-19","698"
"2018-19","8096","Russian Club","Exco dinner","16/12/2017","","O","X435","Finance Code Directory (2018-19","699"
"2018-19","8094","Basketball Club","Little Venice court fees for July","43108","31/08/2018","O","X107","Finance Code Directory (2018-19","700"
"2018-19","8093","Brazil Club","Brazil Trek 2018/19","25/12/2018","15/01/2019","O","X291","Finance Code Directory (2018-19","701"
"2018-19","8092","Marketing Club","MKTG Speaker Series@ Is Adidas the best sports brand?","43413","","O","X155","Finance Code Directory (2018-19","702"
"2018-19","8091","Middle Eastern Club","Careers Coffee Catch up","43257","","O","X157","Finance Code Directory (2018-19","703"
"2018-19","8089","Women in Business","2019 WIB Conference","43468","","O","X199","Finance Code Directory (2018-19","704"
"2018-19","8088","Women in Business","Women in Tech Mentoring event","43197","","O","X199","Finance Code Directory (2018-19","705"
"2018-19","8087","Out in Business club (formerly GLN Club)","Mental Health Awareness week (OIB)","16/05/2018","","O","X165","Finance Code Directory (2018-19","706"
"2018-19","8086","Brazil Club","Welcome Drinks 2020s","43227","43258","O","X291","Finance Code Directory (2018-19","707"
"2018-19","8085","Football Club (Mens)","Wrold Cup Social","14/06/2018","","O","X127","Finance Code Directory (2018-19","708"
"2018-19","8084","Latin American club","LACF dinner","43440","","O","X151","Finance Code Directory (2018-19","709"
"2018-19","8083","Latin American club","Networking lockhouse","23/05/2018","","O","X151","Finance Code Directory (2018-19","710"
"2018-19","8082","Consulting Club","Crack a Case platform upgrade & maint","43106","","O","X115","Finance Code Directory (2018-19","711"
"2018-19","8081","Central","Diso Week","43289","15/07/2018","S","S100","Finance Code Directory (2018-19","712"
"2018-19","8080","Nordic Club","End of year dinner","20/06/2018","","O","X361","Finance Code Directory (2018-19","713"
"2018-19","8078","Wine & Cheese","Wine & Spirits Club Kick off","25/09/2018","","O","X225","Finance Code Directory (2018-19","714"
"2018-19","8077","Football Club (Mens)","LAFL League payment","17/09/2018","43744","O","X127","Finance Code Directory (2018-19","715"
"2018-19","8076","Football Club (Mens)","UCL Final","31/05/2018","","O","X127","Finance Code Directory (2018-19","716"
"2018-19","8075","Central","Welcome Series","43107","31/08/2018","O","X101","Finance Code Directory (2018-19","717"
"2018-19","8073","Sailing club","Athens Regatta","19/04/2018","22/04/2018","O","X181","Finance Code Directory (2018-19","718"
"2018-19","8072","Tech & Media Club","Dave Evans Speaker event","18/06/2018","","O","X213","Finance Code Directory (2018-19","719"
"2018-19","8071","Film club","Deadpool 2 screening","15/05/2018","","S","S122","Finance Code Directory (2018-19","720"
"2018-19","8069","Foodie Club","Committee end of year dinner","43440","","O","X459","Finance Code Directory (2018-19","721"
"2018-19","8068","Foodie Club","Thai Cooking class","14/05/2018","","O","X459","Finance Code Directory (2018-19","722"
"2018-19","8067","Brazil Club","Prodigy Finance sponsorship","43109","31/08/2019","S","S290","Finance Code Directory (2018-19","723"
"2018-19","8066","Asia Club","Chinese Hot Pot","43422","","S","S102","Finance Code Directory (2018-19","724"
"2018-19","8064","Foodie Club","Foodie Club Ice Cream Giveaway","30/05/2018","13/06/2018","O","X459","Finance Code Directory (2018-19","725"
"2018-19","8063","Basketball Club","City Sport court fees Jun- August 2018","43106","31/08/2018","O","X107","Finance Code Directory (2018-19","726"
"2018-19","8062","Basketball Club","Little Venice court fees July","43107","31/07/2017","O","X107","Finance Code Directory (2018-19","727"
"2018-19","8061","Wine & Cheese","Social at Trailer Happiness","21/05/2018","","S","S224","Finance Code Directory (2018-19","728"
"2018-19","8059","Private Equity Club","ExCo handover dinner","17/05/2018","","O","X167","Finance Code Directory (2018-19","729"
"2018-19","8058","Responsible Business Club (Formally Net Impact)","Kenya Trek","43163","43316","O","X159","Finance Code Directory (2018-19","730"
"2018-19","8057","Japan Interest Club","Sponsorship - Mitsubishi","43104","31/03/2019","S","S146","Finance Code Directory (2018-19","731"
"2018-19","8056","Consulting Club","Club Meeting & Dinner","24/04/2018","","O","X115","Finance Code Directory (2018-19","732"
"2018-19","8055","Japan Interest Club","Information session in Tokyo","31/07/2018","","O","X147","Finance Code Directory (2018-19","733"
"2018-19","8054","Chinese Interest Club","Guo Jun LBS Seminar","15/06/2018","","O","X271","Finance Code Directory (2018-19","734"
"2018-19","8053","Private Equity Club","Membership Fees 2018/19","43440","31/12/2018","O","X167","Finance Code Directory (2018-19","735"
"2018-19","8052","Tech & Media Club","NewExco meeting","43410","","O","X213","Finance Code Directory (2018-19","736"
"2018-19","8050","Infrastructure & Construction Society","Heathrow Airport Visit","29/05/2018","","O","X421","Finance Code Directory (2018-19","737"
"2018-19","8049","Central","SCE reserve wind down","29/06/2018","31/07/2019","O","X101","Finance Code Directory (2018-19","738"
"2018-19","8048","Military in Business Club","MiBC End of year dinner","43226","","O","X363","Finance Code Directory (2018-19","739"
"2018-19","8047","Central","SA Strategy Day","43287","","O","X101","Finance Code Directory (2018-19","740"
"2018-19","8046","Cricket Club","Cricket Nets Dec 17","42837","","O","X111","Finance Code Directory (2018-19","741"
"2018-19","8045","Tech & Media Club","ABB Speaker event","43257","","O","X213","Finance Code Directory (2018-19","742"
"2018-19","8044","Out in Business club (formerly GLN Club)","Eurout 2018","16/11/2018","18/11/2018","O","X165","Finance Code Directory (2018-19","743"
"2018-19","8043","Football Club (Mens)","Summer football","17/06/2018","19/08/2018","O","X127","Finance Code Directory (2018-19","744"
"2018-19","8042","Expedition Club","Kilimanjaro Trek","28/10/2018","43231","O","X417","Finance Code Directory (2018-19","745"
"2018-19","8041","Football Club (Womens)","Dan Brown's summer 5-aside League","26/08/2018","","O","X129","Finance Code Directory (2018-19","746"
"2018-19","8040","Public Speaking club","Toastmaster End of Year Dinner","43166","","O","X169","Finance Code Directory (2018-19","747"
"2018-19","8039","Investment Management Club","In Conversation with Nikhil Srinivasan, Partner HPS Investments","43159","","O","X229","Finance Code Directory (2018-19","748"
"2018-19","8038","Investment Management Club","Speaker Series - MR Vijay Kedia","43214","","O","X229","Finance Code Directory (2018-19","749"
"2018-19","8037","Investment Management Club","Yean Ending drinks","43226","","O","X229","Finance Code Directory (2018-19","750"
"2018-19","8036","Industry club","Data Workshop Prof Bruce Hardie","43257","","O","X209","Finance Code Directory (2018-19","751"
"2018-19","8035","Central","Small Projects Funding","43106","30/06/2019","O","X101","Finance Code Directory (2018-19","752"
"2018-19","8034","Private Equity Club","End of year committee drinks","43196","","O","X167","Finance Code Directory (2018-19","753"
"2018-19","8028","Spanish Club","Networking drinks LATAM, Brazil, Portugal & Spanish clubs","23/05/2018","","S","S186","Finance Code Directory (2018-19","754"
"2018-19","8026","Central","SA sponsored Sundowners","43287","","S","S100","Finance Code Directory (2018-19","755"
"2018-19","8025","Australia New Zealand Club","Evening recept with PM of Australia Hon M. Turnbull MP","20/04/2018","","O","X349","Finance Code Directory (2018-19","756"
"2018-19","8024","Rugby club (Women)","End of year Exec","15/05/2018","","O","X201","Finance Code Directory (2018-19","757"
"2018-19","8023","Rugby club (Women)","End of year prom","23/05/2018","","S","S200","Finance Code Directory (2018-19","758"
"2018-19","8021","Rugby club (Women)","Mixed Touch League","43104","30/06/2018","O","X201","Finance Code Directory (2018-19","759"
"2018-19","8020","Rugby club (Women)","WTRC Elections","25/04/2018","26/04/2018","O","X201","Finance Code Directory (2018-19","760"
"2018-19","8019","Film club","Isle of Dogs screening","43104","","O","X123","Finance Code Directory (2018-19","761"
"2018-19","8018","Football Club (Mens)","MBAT208","43378","13/05/2018","O","X127","Finance Code Directory (2018-19","762"
"2018-19","8017","Energy Club","Q&A with the CEO of SNAM","43196","","O","X119","Finance Code Directory (2018-19","763"
"2018-19","8016","North American Club","End of year celebration","21/05/2018","","O","X161","Finance Code Directory (2018-19","764"
"2018-19","8015","Partners Club","Spring Picnic","43137","","O","X163","Finance Code Directory (2018-19","765"
"2018-19","8014","Australia New Zealand Club","2018 Economic breakfast briefing","22/05/2018","","O","X349","Finance Code Directory (2018-19","766"
"2018-19","8013","Israel Club","Tattoo 2018","24/02/2018","","S","S142","Finance Code Directory (2018-19","767"
"2018-19","8012","Wine & Cheese","Exclusive Night at GONG","43317","","S","S224","Finance Code Directory (2018-19","768"
"2018-19","8011","Sundowners","Sundowners 2018/19","13/09/2018","43615","S","X443","Finance Code Directory (2018-19","769"
"2018-19","8010","Sports Business Club","Case Competition","43316","14/04/2018","O","X275","Finance Code Directory (2018-19","770"
"2018-19","8009","Central","Annual Survey Prize Award","17/05/2018","","O","X101","Finance Code Directory (2018-19","771"
"2018-19","8008","Central","Mental Health Awareness Week (SPF)","14/05/2018","18/05/2018","O","X101","Finance Code Directory (2018-19","772"
"2018-19","8007","Health Care Club","LBS Olympics","18/05/2018","","O","X109","Finance Code Directory (2018-19","773"
"2018-19","8004","Women in Business","ExCo Darts Nights","28/04/2018","","O","X199","Finance Code Directory (2018-19","774"
"2018-19","8003","Tech & Media Club","ENGAGE Speaker Series Disney","43195","","O","X213","Finance Code Directory (2018-19","775"
"2018-19","8002","Australia New Zealand Club","Reception with the Hon George Brandis QC","16/05/2018","","O","X349","Finance Code Directory (2018-19","776"
"2018-19","8002","Acting Club","Reception with the Hon George Brandis QC","16/05/2018","","S","S230","Finance Code Directory (2018-19","777"
"2018-19","8001","Asia Club","Sundowners","21/01/2018","28/02/2018","O","X103","Finance Code Directory (2018-19","778"
"2018-19","7999","Retail & Luxury Goods Club","Chapel Down Trek","43226","","O","X325","Finance Code Directory (2018-19","779"
"2018-19","7998","Women in Business","Women on Board June 2018","28/06/2018","","O","X199","Finance Code Directory (2018-19","780"
"2018-19","7997","Brazil Club","Latin network drinks night","23/05/2018","","O","X291","Finance Code Directory (2018-19","781"
"2018-19","7995","Film club","Avengers: Infinity War","43105","","O","X123","Finance Code Directory (2018-19","782"
"2018-19","7994","Art Connection Club","10th Art Investment Conference","23/05/2018","","O","X269","Finance Code Directory (2018-19","783"
"2018-19","7992","Foodie Club","Turkish dinner","43286","","O","X459","Finance Code Directory (2018-19","784"
"2018-19","7991","Foodie Club","Coven Garden Italian Pizza making class","16/05/2018","","O","X459","Finance Code Directory (2018-19","785"
"2018-19","7990","Health Care Club","J&J presents: An inside look at business dev & ext innovation careers","15/05/2018","","O","X109","Finance Code Directory (2018-19","786"
"2018-19","7989","Swimming Club","MBAT swag","43378","","O","X193","Finance Code Directory (2018-19","787"
"2018-19","7988","Basketball Club","Little Venice court feese May & June","43105","30/06/2018","O","X107","Finance Code Directory (2018-19","788"
"2018-19","7987","Finance Club","Investment banking applied workshop (cancelled)","43225","","O","X125","Finance Code Directory (2018-19","789"
"2018-19","7986","Chinese Interest Club","China PE Trek","18/12/2017","21/12/2017","O","X271","Finance Code Directory (2018-19","790"
"2018-19","7985","Investment Management Club","LBS Systematic Invest Strategy competiton 2018","43235","","O","X229","Finance Code Directory (2018-19","791"
"2018-19","7984","Brazil Club","Brazil Forum UK 218","30/04/2018","43256","O","X291","Finance Code Directory (2018-19","792"
"2018-19","7982","Tech & Media Club","Crystal Maze","20/05/2018","","O","X213","Finance Code Directory (2018-19","793"
"2018-19","7981","Investment Management Club","Summer Stock Pitch Competiton 2018","43244","","O","X229","Finance Code Directory (2018-19","794"
"2018-19","7980","Wine & Cheese","Women in Wine","15/05/2018","","O","X225","Finance Code Directory (2018-19","795"
"2018-19","7979","Private Equity Club","London PE Trek 2018","26/04/2018","27/04/2018","O","X167","Finance Code Directory (2018-19","796"
"2018-19","7976","North American Club","March Madness Bracket Challenge","15/03/2018","","O","X161","Finance Code Directory (2018-19","797"
"2018-19","7975","Central","LBS Families Initiative","42745","30/06/2018","O","X101","Finance Code Directory (2018-19","798"
"2018-19","7974","Central","Senior SA Officers Closing Event","24/04/2018","","O","X101","Finance Code Directory (2018-19","799"
"2018-19","7973","Expedition Club","Three Peaks Challenge 2018","14/09/2018","16/09/2018","O","X417","Finance Code Directory (2018-19","800"
"2018-19","7970","Finance Club","Finance club dinner","23/04/2018","","O","X125","Finance Code Directory (2018-19","801"
"2018-19","7970","Badminton club","Weekly Badminton Practice 17/18","25/12/2017","17/06/2018","O","X207","Finance Code Directory (2018-19","802"
"2018-19","7969","Health Care Club","Welcome Weekend Healthcare Booth","20/04/2018","22/04/2018","O","X109","Finance Code Directory (2018-19","803"
"2018-19","7968","Private Equity Club","Search Fund Panel","24/04/2018","","O","X167","Finance Code Directory (2018-19","804"
"2018-19","7967","Football Club (Womens)","IESE Spring Games 2018","43438","15/04/2018","O","X129","Finance Code Directory (2018-19","805"
"2018-19","7966","Family Business Club","FBC social event (whole club)","43377","","O","X307","Finance Code Directory (2018-19","806"
"2018-19","7965","Family Business Club","FBC Exco social event","14/11/2017","","O","X307","Finance Code Directory (2018-19","807"
"2018-19","7964","Impact Consulting Club","2018/19 ICC sponsorship","43108","31/07/2019","S","S386","Finance Code Directory (2018-19","808"
"2018-19","7963","Out in Business club (formerly GLN Club)","Admitted Students Lunch 2018","15/04/2018","","O","X165","Finance Code Directory (2018-19","809"
"2018-19","7962","Out in Business club (formerly GLN Club)","Rugby Long Tour sponsorship","43347","15/04/2018","O","X165","Finance Code Directory (2018-19","810"
"2018-19","7961","Out in Business club (formerly GLN Club)","White Party 2018","43440","","S","S164","Finance Code Directory (2018-19","811"
"2018-19","7960","Out in Business club (formerly GLN Club)","ROMBA Leadership Summit 2018","43163","43285","O","X165","Finance Code Directory (2018-19","812"
"2018-19","7958","French club","Loire Valley Trek","25/04/2018","","O","X131","Finance Code Directory (2018-19","813"
"2018-19","7957","Latin American club","Kick off","43226","","O","X151","Finance Code Directory (2018-19","814"
"2018-19","7956","Israel Club","Holocause Rememberance- Avram Grant Shares Father's Survival Story","43347","","O","X143","Finance Code Directory (2018-19","815"
"2018-19","7955","Basketball Club","Litle Venice Courts payment (August 2018)","43108","43109","O","X107","Finance Code Directory (2018-19","816"
"2018-19","7954","Marketing Club","Video marketing Masterclass","19/03/2018","","O","X155","Finance Code Directory (2018-19","817"
"2018-19","7952","Infrastructure & Construction Society","Company visit","43345","","O","X421","Finance Code Directory (2018-19","818"
"2018-19","7951","Women in Business","WIB E-Series pt 2","24/04/2018","","O","X199","Finance Code Directory (2018-19","819"
"2018-19","7950","Sailing club","Cornwall Sailing weekend","18/05/2018","20/05/2018","O","X181","Finance Code Directory (2018-19","820"
"2018-19","7949","Real Estate Club","Annual dinner","17/07/2018","","O","X171","Finance Code Directory (2018-19","821"
"2018-19","7948","Israel Club","Independence day BBQ","43256","","S","S142","Finance Code Directory (2018-19","822"
"2018-19","7947","Tech & Media Club","SQL course  19/5/18","19/05/2018","","O","X213","Finance Code Directory (2018-19","823"
"2018-19","7946","Tech & Media Club","SQL course 27/4/18","27/04/2018","","O","X213","Finance Code Directory (2018-19","824"
"2018-19","7946","Tech & Media Club","SQL Course April 27 and May 19","27/04/2018","","O","X213","Finance Code Directory (2018-19","825"
"2018-19","7945","Golf Club","Topgolf","43285","","O","X135","Finance Code Directory (2018-19","826"
"2018-19","7944","Golf Club","Golf Outing Trent","15/04/2018","","O","X135","Finance Code Directory (2018-19","827"
"2018-19","7943","Spanish Club","Ibiza Trek 2018","14/09/2018","18/09/2018","O","X187","Finance Code Directory (2018-19","828"
"2018-19","7942","Spanish Club","Spanish dinner","23/04/2018","","S","S186","Finance Code Directory (2018-19","829"
"2018-19","7941","Private Equity Club","PEVC club mid cap UK PE panel","43105","","O","X167","Finance Code Directory (2018-19","830"
"2018-19","7940","Italian Club","Sicily Trek","17/05/2018","20/05/2018","O","X145","Finance Code Directory (2018-19","831"
"2018-19","7939","Spanish Club","Reflections of an expat CEO in UK","28/04/2018","","O","X187","Finance Code Directory (2018-19","832"
"2018-19","7938","Golf Club","2018 Ryder Cup vs CASS","15/04/2018","","S","S134","Finance Code Directory (2018-19","833"
"2018-19","7937","Energy Club","Trip to Orsted's offices in Copenhagen","13/04/2018","","O","X119","Finance Code Directory (2018-19","834"
"2018-19","7936","Africa Club","Accel Award - Entrepreneurship award  LBS ABS 2018","43192","13/06/2018","","","Finance Code Directory (2018-19","835"
"2018-19","7935","Health Care Club","club Social end of year","43347","","O","X109","Finance Code Directory (2018-19","836"
"2018-19","7934","Central","LBS Management Fees 17/18","42743","31/07/2018","O","X101","Finance Code Directory (2018-19","837"
"2018-19","7933","Australia New Zealand Club","Breakfast with Quantas CEO","22/03/2018","","O","X349","Finance Code Directory (2018-19","838"
"2018-19","7932","Australia New Zealand Club","Australia UK Chamber of Commerce Membership","43436","","O","X349","Finance Code Directory (2018-19","839"
"2018-19","7931","Australia New Zealand Club","Breakfast briefing with Julie Bishop","19/02/2018","","O","X349","Finance Code Directory (2018-19","840"
"2018-19","7930","Australia New Zealand Club","British Australia Socieity Membership","26/03/2018","","O","X349","Finance Code Directory (2018-19","841"
"2018-19","7929","Health Care Club","HCC Movie Night","19/04/2018","","O","X109","Finance Code Directory (2018-19","842"
"2018-19","7928","Brazil Club","Brazil Club sponsors BR Forum","43225","43256","O","X291","Finance Code Directory (2018-19","843"
"2018-19","7927","Brazil Club","Itau Sundowners sponsorship","18/05/2018","","O","X291","Finance Code Directory (2018-19","844"
"2018-19","7926","Latin American club","Latam Party- Mesitzo","43345","","S","S150","Finance Code Directory (2018-19","845"
"2018-19","7925","Basketball Club","City Sport courts","43135","43106","O","X107","Finance Code Directory (2018-19","846"
"2018-19","7923","Private Equity Club","Campbell Luytens presentation","19/04/2018","","O","X167","Finance Code Directory (2018-19","847"
"2018-19","7922","Energy Club","Cleantech Career Fair","43408","","O","X119","Finance Code Directory (2018-19","848"
"2018-19","7920","Private Equity Club","French Tech Trek","43136","43195","O","X167","Finance Code Directory (2018-19","849"
"2018-19","7918","Foodie Club","Fireside Chat with Editor in chief of the Infatuation","43347","","O","X459","Finance Code Directory (2018-19","850"
"2018-19","7917","Squash Club","Squash Social","17/11/2017","","O","X189","Finance Code Directory (2018-19","851"
"2018-19","7916","Acting Club","Acting Classes Level 2 spring term 18","30/01/2018","20/03/2018","O","X231","Finance Code Directory (2018-19","852"
"2018-19","7915","Central","MBA Diso Trek 2018 (trek to Malta)","28/06/2018","43107","O","X101","Finance Code Directory (2018-19","853"
"2018-19","7914","Emerging Markets Club","Kenya Trek","43163","43316","O","X329","Finance Code Directory (2018-19","854"
"2018-19","7913","Australia New Zealand Club","Kickoff event","17/09/2017","","O","X349","Finance Code Directory (2018-19","855"
"2018-19","7912","Women in Business","Amazon panel event","18/09/2017","","O","X199","Finance Code Directory (2018-19","856"
"2018-19","7911","Chinese Interest Club","Chinese New Year Dinner 2018","20/02/2018","","S","S270","Finance Code Directory (2018-19","857"
"2018-19","7910","Health Care Club","Illumina sponsorship","27/03/2018","23/08/2018","S","S108","Finance Code Directory (2018-19","858"
"2018-19","7909","Expedition Club","Clipper event - Sailing club","27/02/2018","","O","X417","Finance Code Directory (2018-19","859"
"2018-19","7908","Private Equity Club","Panel of Associates from European Venture Capital Firms","28/03/2018","","O","X167","Finance Code Directory (2018-19","860"
"2018-19","7907","Middle Eastern Club","Thouraya Sayess Workshop","26/02/2018","","O","X157","Finance Code Directory (2018-19","861"
"2018-19","7906","Latin American club","World Cup LATAM party","18/05/2018","","S","S150","Finance Code Directory (2018-19","862"
"2018-19","7905","Tech & Media Club","Future of the gig economy with CEO of Airtasker","19/03/2018","","O","X213","Finance Code Directory (2018-19","863"
"2018-19","7904","Basketball Club","Basketball Tournament","17/02/2018","","O","X107","Finance Code Directory (2018-19","864"
"2018-19","7903","Rugby Club (mens)","Summer Touch League","25/06/2018","","O","X177","Finance Code Directory (2018-19","865"
"2018-19","7902","Sports Business Club","committee meeting","43103","","O","X275","Finance Code Directory (2018-19","866"
"2018-19","7901","Health Care Club","BCG sponsorship","21/03/2018","21/09/2018","S","S108","Finance Code Directory (2018-19","867"
"2018-19","7900","Retail & Luxury Goods Club","Retail & Luxury Goods Conference 2018","43257","","O","X325","Finance Code Directory (2018-19","868"
"2018-19","7899","Private Equity Club","Fitch learning - sale of discounted PE books","14/06/2018","","O","X167","Finance Code Directory (2018-19","869"
"2018-19","7899","India Club","India Business Forum 2018","27/04/2018","","O","X137","Finance Code Directory (2018-19","870"
"2018-19","7896","Asia Club","Indonesia Trek 2018","17/06/2018","23/06/2018","O","X103","Finance Code Directory (2018-19","871"
"2018-19","7895","Film club","Lady Bird Screening","18/03/2018","","O","X123","Finance Code Directory (2018-19","872"
"2018-19","7894","Volunteer club","Ghana Trek - second deposit","43285","","O","X355","Finance Code Directory (2018-19","873"
"2018-19","7892","Industry club","CLC Exco Drinks night","14/03/2018","","O","X209","Finance Code Directory (2018-19","874"
"2018-19","7891","Marketing Club","Vice Media Company visit","43134","","O","X155","Finance Code Directory (2018-19","875"
"2018-19","7890","Health Care Club","HCC ExCo dinner","24/01/2018","","O","X109","Finance Code Directory (2018-19","876"
"2018-19","7889","Golf Club","MBA Golf Tournament","19/05/2018","","O","X135","Finance Code Directory (2018-19","877"
"2018-19","7888","Chinese Interest Club","China Club - Sundowner","15/02/2018","","O","X271","Finance Code Directory (2018-19","878"
"2018-19","7887","India Club","India Club - Alumni meetup","17/03/2018","","O","X137","Finance Code Directory (2018-19","879"
"2018-19","7886","Consulting Club","USC Marshall Global Consulting Challenge","43103","","O","X115","Finance Code Directory (2018-19","880"
"2018-19","7884","Consulting Club","A.T. Kearney Networking & presentation","27/09/2017","","O","X115","Finance Code Directory (2018-19","881"
"2018-19","7883","Basketball Club","Little V April Basketball courts","43104","30/04/2018","O","X107","Finance Code Directory (2018-19","882"
"2018-19","7882","Japan Interest Club","Lunch with Mayor of Yawatahama City","18/03/2018","","O","X147","Finance Code Directory (2018-19","883"
"2018-19","7881","Volunteer club","Exco Social","24/01/2018","","O","X355","Finance Code Directory (2018-19","884"
"2018-19","7880","Sailing club","Turkey Sailing Trek","16/06/2018","23/06/2018","O","X181","Finance Code Directory (2018-19","885"
"2018-19","7879","Energy Club","2018 Statoil Sponsorship","14/03/2018","","S","S118","Finance Code Directory (2018-19","886"
"2018-19","7878","Energy Club","LBS Energy Community Networking event","24/04/2018","","O","X119","Finance Code Directory (2018-19","887"
"2018-19","7877","Wine & Cheese","Bun House","43315","","S","S224","Finance Code Directory (2018-19","888"
"2018-19","7876","Africa Club","M-Kopa speakers event","14/03/2018","","O","X105","Finance Code Directory (2018-19","889"
"2018-19","7875","Rugby Club (mens)","Bristol away game","43346","","O","X177","Finance Code Directory (2018-19","890"
"2018-19","7874","Responsible Business Club (Formally Net Impact)","Purposeful Leadership reflections with Gail Klintworth","43437","","O","X159","Finance Code Directory (2018-19","891"
"2018-19","7873","Foodie Club","Pastry making class","13/03/2018","","O","X459","Finance Code Directory (2018-19","892"
"2018-19","7871","India Club","India club meetup","43254","","O","X137","Finance Code Directory (2018-19","893"
"2018-19","7870","Business & Government club","LBS Perspectives: Germany - Young German's view of their countries History","26/02/2018","","O","X249","Finance Code Directory (2018-19","894"
"2018-19","7869","Marketing Club","Digital Marketing Conference 2018","20/04/2018","","O","X155","Finance Code Directory (2018-19","895"
"2018-19","7868","Energy Club","Investing in Low Carbon technologies","19/03/2018","","O","X119","Finance Code Directory (2018-19","896"
"2018-19","7867","Film club","Internal Screening-Wonder Woman","14/03/2018","","O","X123","Finance Code Directory (2018-19","897"
"2018-19","7866","Tech & Media Club","Reimagining Investing with Dann Bibas from Fountain","43223","","O","X213","Finance Code Directory (2018-19","898"
"2018-19","7865","Tech & Media Club","Operations in Tech: Panel and Speed Networking","43254","","O","X213","Finance Code Directory (2018-19","899"
"2018-19","7864","Design & Innovation club","Design Thinking Workshop with IDEO","43283","","O","X425","Finance Code Directory (2018-19","900"
"2018-19","7863","Investment Management Club","NN Investment Partners presents 'The Investment Game'","43255","","O","X229","Finance Code Directory (2018-19","901"
"2018-19","7862","Health Care Club","Recruitment Evening - Healthcare Innovators & startups","43377","","O","X109","Finance Code Directory (2018-19","902"
"2018-19","7861","Rugby Club (Women)","Paid workout sessions exam refresher Shorditch","43102","30/06/2018","O","X201","Finance Code Directory (2018-19","903"
"2018-19","7860","German Swiss Austrian Club","GSA Tattoo 2018","24/02/2018","","S","S132","Finance Code Directory (2018-19","904"
"2018-19","7859","Film club","Internal Screening _ Elite Squad","43284","","O","X123","Finance Code Directory (2018-19","905"
"2018-19","7858","Nordic Club","Tattoo 2018","24/02/2018","","S","S360","Finance Code Directory (2018-19","906"
"2018-19","7857","Chinese Interest Club","Tattoo 2018","24/02/2018","","S","S270","Finance Code Directory (2018-19","907"
"2018-19","7852","Energy Club","Nick Hughes event found of M-PESA and M-KOPA","14/03/2018","","O","X119","Finance Code Directory (2018-19","908"
"2018-19","7851","Investment Management Club","Asset Management conference 2018","43216","","O","X229","Finance Code Directory (2018-19","909"
"2018-19","7850","Health Care Club","Kultured HCC Event","20/03/2018","","S","S108","Finance Code Directory (2018-19","910"
"2018-19","7849","Consulting Club","CaC Platform hosting fee - CaC sessions","42744","28/02/2018","O","X115","Finance Code Directory (2018-19","911"
"2018-19","7846","Health Care Club","Johnson & Johnson sponsorship","22/12/2017","28/09/2018","S","S108","Finance Code Directory (2018-19","912"
"2018-19","7845","Private Equity Club","Cinven Case Competition","43437","","O","X167","Finance Code Directory (2018-19","913"
"2018-19","7844","Rugby Club (Women)","Alumni Tournament 2017","43162","43193","S","S200","Finance Code Directory (2018-19","914"
"2018-19","7843","Private Equity Club","Lorenzo Tencati round table discussion","43315","","O","X167","Finance Code Directory (2018-19","915"
"2018-19","7841","Tech & Media Club","Uber Everything: launching a startup within a startup","43134","","O","X213","Finance Code Directory (2018-19","916"
"2018-19","7839","Expedition Club","Great Glen Way","17/05/2018","20/05/2018","O","X417","Finance Code Directory (2018-19","917"
"2018-19","7838","Australia New Zealand Club","Tattoo Food stall","24/02/2018","","S","S348","Finance Code Directory (2018-19","918"
"2018-19","7837","Russian Club","Fall speaker event","28/11/2017","","O","X435","Finance Code Directory (2018-19","919"
"2018-19","7835","Entrepreneurship Club","Meeting of the minds","43103","","O","X121","Finance Code Directory (2018-19","920"
"2018-19","7834","Italian Club","Italian Elections: What's Next?","43254","","O","X145","Finance Code Directory (2018-19","921"
"2018-19","7833","Women in Business","WIB Lean in Circles Kick Off 2018","16/03/2018","","O","X199","Finance Code Directory (2018-19","922"
"2018-19","7832","Private Equity Club","Validus PE Case Competition","43134","","O","X167","Finance Code Directory (2018-19","923"
"2018-19","7832","Private Equity Club","Valdus PE Case Competition","43134","","O","X167","Finance Code Directory (2018-19","924"
"2018-19","7831","Women in Business","Manbassador go-karting event","15/03/2018","","S","S198","Finance Code Directory (2018-19","925"
"2018-19","7830","Real Estate Club","London PERE Trek","43315","43346","O","X171","Finance Code Directory (2018-19","926"
"2018-19","7829","Real Estate Club","PE Trek Continental Europe","43163","43285","O","X171","Finance Code Directory (2018-19","927"
"2018-19","7828","Art Connection Club","The Virtual Reality Museum of the Future","43223","","O","X269","Finance Code Directory (2018-19","928"
"2018-19","7827","Rugby Club (Women)","Pub Golf 2","13/02/2018","","S","S200","Finance Code Directory (2018-19","929"
"2018-19","7826","Rugby Club (Women)","Rugby Training Sessions - Multiple","43102","30/06/2018","O","X201","Finance Code Directory (2018-19","930"
"2018-19","7825","Rugby Club (mens)","Jackets","43103","30/04/2018","S","S176","Finance Code Directory (2018-19","931"
"2018-19","7824","Film club","External Screening: Shape of Water","27/02/2018","","S","S122","Finance Code Directory (2018-19","932"
"2018-19","7823","Film club","External Screenng: Black Panther","13/02/2018","","S","S122","Finance Code Directory (2018-19","933"
"2018-19","7822","Italian Club","Tattoo","24/02/2018","","S","S144","Finance Code Directory (2018-19","934"
"2018-19","7821","Football Club (Mens)","end of season social 2018","18/05/2018","","O","X127","Finance Code Directory (2018-19","935"
"2018-19","7820","Asia Club","Tattoo 2018","24/02/2018","","S","S102","Finance Code Directory (2018-19","936"
"2018-19","7819","Football Club (Mens)","Barcelona IESE tournament 2018","43438","15/04/2018","O","X127","Finance Code Directory (2018-19","937"
"2018-19","7817","Eastern Europe / CIS Club","Tattoo 2018","24/02/2018","","S","S116","Finance Code Directory (2018-19","938"
"2018-19","7816","Rugby Club (mens)","Alumni Dinner","43162","","O","X177","Finance Code Directory (2018-19","939"
"2018-19","7815","India Club","Tattoo 2018","24/02/2018","","S","S136","Finance Code Directory (2018-19","940"
"2018-19","7814","Wine & Cheese","Champagne Tasting with Finest Fizz","18/03/2018","","S","S224","Finance Code Directory (2018-19","941"
"2018-19","7813","French club","Tattoo 2018","24/02/2018","","S","S130","Finance Code Directory (2018-19","942"
"2018-19","7812","Consulting Club","HKUST Consulting Competition","43408","17/04/2018","O","X115","Finance Code Directory (2018-19","943"
"2018-19","7811","Cricket Club","Last Mans Stand Tourn registration","25/04/2018","","O","X111","Finance Code Directory (2018-19","944"
"2018-19","7810","Latin American club","Tattoo 2018","24/02/2018","","S","S150","Finance Code Directory (2018-19","945"
"2018-19","7809","Latin American club","After Office Latam Club team","43436","","O","X151","Finance Code Directory (2018-19","946"
"2018-19","7808","Foodie Club","Chinese New Year's dinner","20/02/2018","","O","X459","Finance Code Directory (2018-19","947"
"2018-19","7807","Women in Business","Alliance Bernstein Networking","26/02/2018","","O","X199","Finance Code Directory (2018-19","948"
"2018-19","7806","Middle Eastern Club","Middle East Conference 2018","43134","","O","X157","Finance Code Directory (2018-19","949"
"2018-19","7805","Israel Club","Tattoo 2018","24/02/2018","","S","S142","Finance Code Directory (2018-19","950"
"2018-19","7804","Music Club","Piano Week","43102","43133","O","X211","Finance Code Directory (2018-19","951"
"2018-19","7803","Responsible Business Club (Formally Net Impact)","Tech for Good conference","43103","","O","X159","Finance Code Directory (2018-19","952"
"2018-19","7802","Hellenic club","JnJ Case Competition 2018","43134","","O","X267","Finance Code Directory (2018-19","953"
"2018-19","7802","Health Care Club","JnJ Case Competition 2018","43134","","O","X109","Finance Code Directory (2018-19","954"
"2018-19","7801","North American Club","Tattoo Food/Drink","24/02/2018","","S","S160","Finance Code Directory (2018-19","955"
"2018-19","7799","Tennis Club","ATP Tennis club Exco events","14/11/2017","","S","S220","Finance Code Directory (2018-19","956"
"2018-19","7798","Private Equity Club","London VC Trek 2018","16/03/2018","","O","X167","Finance Code Directory (2018-19","957"
"2018-19","7797","Sailing club","Tales from a world adventurer: Journey on the clipper round the world race Holly Kitching","27/02/2018","","O","X181","Finance Code Directory (2018-19","958"
"2018-19","7796","Health Care Club","GSK Sponsorship","18/09/2017","22/06/2018","S","S108","Finance Code Directory (2018-19","959"
"2018-19","7795","Chinese Interest Club","China Business Forum 2018","20/05/2018","","O","X271","Finance Code Directory (2018-19","960"
"2018-19","7793","Retail & Luxury Goods Club","Trek to Zara","43195","","O","X325","Finance Code Directory (2018-19","961"
"2018-19","7792","Out in Business Club (formerly GLN club)","OIB Tattoo 2018 expenses","24/02/2018","","S","S164","Finance Code Directory (2018-19","962"
"2018-19","7791","Rugby Club (Women)","Mixed Touch Game","43161","","O","X201","Finance Code Directory (2018-19","963"
"2018-19","7790","North American Club","Voter Registration","43314","","O","X161","Finance Code Directory (2018-19","964"
"2018-19","7789","Africa Club","Tattoo 2018","24/02/2018","","S","S104","Finance Code Directory (2018-19","965"
"2018-19","7788","Italian Club","Venietian Masquerade Ball 2018","43284","43315","S","S144","Finance Code Directory (2018-19","966"
"2018-19","7787","Sports Business Club","Lunch and Learn speaker events","21/02/2018","30/06/2018","O","X275","Finance Code Directory (2018-19","967"
"2018-19","7786","Japan Interest Club","Sponsorship - J. Moriyama","43104","31/03/2019","S","S146","Finance Code Directory (2018-19","968"
"2018-19","7785","Brazil Club","Discussing Details of Successful PE deals in EM with Alexandre Saigh of Patria Investments","15/02/2018","","O","X291","Finance Code Directory (2018-19","969"
"2018-19","7784","Wine & Cheese","Valentines Day Improved (Wine Social at Vagabond Wines)","14/02/2018","","S","S224","Finance Code Directory (2018-19","970"
"2018-19","7783","Wine & Cheese","French Classics vs New World wine tasting","26/02/2018","","S","S224","Finance Code Directory (2018-19","971"
"2018-19","7781","Consulting Club","Denver Case Competition","27/11/2017","15/12/2017","O","X115","Finance Code Directory (2018-19","972"
"2018-19","7780","Consulting Club","Exec Committee dinner","43406","","O","X115","Finance Code Directory (2018-19","973"
"2018-19","7779","Private Equity Club","PE speaker series (co hosted by Brazel club)","16/02/2018","","O","X167","Finance Code Directory (2018-19","974"
"2018-19","7778","Women in Business","Venetian Masquerade Ball","43284","","S","S198","Finance Code Directory (2018-19","975"
"2018-19","7777","Middle Eastern Club","tattoo 2018","24/02/2018","","S","S156","Finance Code Directory (2018-19","976"
"2018-19","7776","Golf Club","LBS Crazy Golf 2018","16/03/2018","","S","S134","Finance Code Directory (2018-19","977"
"2018-19","7775","Italian Club","Automotive Italiian Trek","43103","43193","O","X145","Finance Code Directory (2018-19","978"
"2018-19","7774","Foodie Club","Tattoo 2018","24/02/2018","","S","S460","Finance Code Directory (2018-19","979"
"2018-19","7773","Israel Club","Israel Trek","27/05/2018","43165","O","X143","Finance Code Directory (2018-19","980"
"2018-19","7772","India Club","Holi Party 2018","43162","","S","S136","Finance Code Directory (2018-19","981"
"2018-19","7770","Retail & Luxury Goods Club","Paris Trek 2018","21/02/2018","23/02/2018","O","X325","Finance Code Directory (2018-19","982"
"2018-19","7769","Rugby Club (Women)","Pub Golf 1","18/10/2017","","S","S200","Finance Code Directory (2018-19","983"
"2018-19","7768","Consulting Club","Fast Math Reimbursement","15/10/2017","","O","X115","Finance Code Directory (2018-19","984"
"2018-19","7767","Brazil Club","Tattoo 2018","24/02/2018","","S","S290","Finance Code Directory (2018-19","985"
"2018-19","7766","Africa Club","East Africa Trek","14/04/2018","","O","X105","Finance Code Directory (2018-19","986"
"2018-19","7765","Industry club","American Airlines Talk","43436","","O","X209","Finance Code Directory (2018-19","987"
"2018-19","7764","Chinese Interest Club","China Cultural Trek","43103","16/03/2018","O","X271","Finance Code Directory (2018-19","988"
"2018-19","7763","Foodie Club","Lyon Food Trek","27/04/2018","29/04/2018","O","X459","Finance Code Directory (2018-19","989"
"2018-19","7762","Foodie Club","London Food Trek","43134","","O","X459","Finance Code Directory (2018-19","990"
"2018-19","7761","Central","SA Social term 2","21/03/2018","","O","X101","Finance Code Directory (2018-19","991"
"2018-19","7760","North American Club","Tattoo 2018","24/02/2018","","S","S160","Finance Code Directory (2018-19","992"
"2018-19","7759","Women in Business","WIB Exco social event January 2018","26/01/2018","","O","X199","Finance Code Directory (2018-19","993"
"2018-19","7758","Film club","External screening : Phantom Thread","43192","","S","S122","Finance Code Directory (2018-19","994"
"2018-19","7757","Health Care Club","NHS 101","28/02/2018","","O","X109","Finance Code Directory (2018-19","995"
"2018-19","7756","Health Care Club","Healthtech Challenge 2018","21/02/2018","43409","O","X109","Finance Code Directory (2018-19","996"
"2018-19","7755","Women in Business","Tattoo 2018","24/02/2018","","S","S198","Finance Code Directory (2018-19","997"
"2018-19","7754","Responsible Business Club (Formally Net Impact)","Impact Investing events","43314","29/06/2018","O","X159","Finance Code Directory (2018-19","998"
"2018-19","7753","Basketball Club","City Sport March 2018","43103","31/03/2018","O","X107","Finance Code Directory (2018-19","999"
"2018-19","7752","Private Equity Club","PEVC Club conference (the multiple X conference)","13/04/2018","","O","X167","Finance Code Directory (2018-19","1000"
"2018-19","7751","Asia Club","Thailand Trek","43135","43316","O","X103","Finance Code Directory (2018-19","1001"
"2018-19","7750","Private Equity Club","Wharton PE Competition","43314","22/02/2018","O","X167","Finance Code Directory (2018-19","1002"
"2018-19","7749","Private Equity Club","ICO Networking event","13/02/2018","","O","X167","Finance Code Directory (2018-19","1003"
"2018-19","7748","Chinese Interest Club","Leo Ng Startup networking","43436","16/02/2018","S","S270","Finance Code Directory (2018-19","1004"
"2018-19","7747","Nordic Club","Nordic PE Panel Discussion","43283","","O","X361","Finance Code Directory (2018-19","1005"
"2018-19","7746","Expedition Club","Mount Everist","43316","22/04/2018","O","X417","Finance Code Directory (2018-19","1006"
"2018-19","7745","Marketing Club","Crisis Mangement with rob Britton","43436","","O","X155","Finance Code Directory (2018-19","1007"
"2018-19","7744","Asia Club","Pakistran Trek 2018","43135","43285","O","X103","Finance Code Directory (2018-19","1008"
"2018-19","7743","Portugal Club","PT Club dinner @London","30/11/2017","","O","X299","Finance Code Directory (2018-19","1009"
"2018-19","7742","Portugal Club","tattoo 2018","24/02/2018","","S","S298","Finance Code Directory (2018-19","1010"
"2018-19","7741","Korea Club","Tattoo 2018","24/02/2018","","S","S148","Finance Code Directory (2018-19","1011"
"2018-19","7740","French club","Loire Valley trek","43318","43440","O","X131","Finance Code Directory (2018-19","1012"
"2018-19","7739","Japan Interest Club","Tattoo 2018","24/02/2018","","S","S146","Finance Code Directory (2018-19","1013"
"2018-19","7738","Tech & Media Club","Disrupting the classroom through Tech with Khan Lab Schools","18/01/2018","","O","X213","Finance Code Directory (2018-19","1014"
"2018-19","7737","Entrepreneurship Club","Website hosting costs","43102","","O","X121","Finance Code Directory (2018-19","1015"
"2018-19","7737","Entrepreneurship Club","Website hosting costs","43102","30/06/2018","O","X121","Finance Code Directory (2018-19","1016"
"2018-19","7736","Portugal Club","PT Club alumni dinner @Lisbon","22/12/2017","","O","X299","Finance Code Directory (2018-19","1017"
"2018-19","7735","Portugal Club","Portugal-Switzerland WC Qualifier Dinner","43018","","O","X299","Finance Code Directory (2018-19","1018"
"2018-19","7734","Women in Business","RLGC x WiB Retail  Lux Alumni Event 2018","43133","","O","X199","Finance Code Directory (2018-19","1019"
"2018-19","7733","Central","LBS4London","16/03/2018","","O","X101","Finance Code Directory (2018-19","1020"
"2018-19","7732","Central","SA Audit Fees","17/01/2018","","O","X101","Finance Code Directory (2018-19","1021"
"2018-19","7731","Health Care Club","HCC Kickoff dinner","24/10/2017","","S","S108","Finance Code Directory (2018-19","1022"
"2018-19","7730","Rugby Club (Women)","Duke 2018","43347","16/04/2018","O","X201","Finance Code Directory (2018-19","1023"
"2018-19","7729","Rugby Club (Women)","White Party 2017","43105","","O","X201","Finance Code Directory (2018-19","1024"
"2018-19","7728","North American Club","Super Bowl Party","43192","","S","S160","Finance Code Directory (2018-19","1025"
"2018-19","7727","Turnaround Management Club","Alvarez and Marsal","23/01/2018","23/01/2018","O","X305","Finance Code Directory (2018-19","1026"
"2018-19","7726","Salsa Club","Tattoo 2018","25/01/2018","24/02/2018","O","S182","Finance Code Directory (2018-19","1027"
"2018-19","7725","TEDX","TEDX LBS conference 2018","43102","","O","X399","Finance Code Directory (2018-19","1028"
"2018-19","7724","Private Equity Club","Breaking in to PE Panel","43253","","O","X167","Finance Code Directory (2018-19","1029"
"2018-19","7723","Art Connection Club","Modigliani at Tate Modern","25/02/2018","","O","X269","Finance Code Directory (2018-19","1030"
"2018-19","7722","Japan Interest Club","Bento Lunch Session","43133","","O","X147","Finance Code Directory (2018-19","1031"
"2018-19","7721","Film club","External Screning - Coco","28/01/2018","","O","X123","Finance Code Directory (2018-19","1032"
"2018-19","7720","Health Care Club","LBS Healthcare conference","22/02/2018","","O","X109","Finance Code Directory (2018-19","1033"
"2018-19","7719","Women in Business","BCG 2018 sponsorship","42743","30/06/2018","S","S198","Finance Code Directory (2018-19","1034"
"2018-19","7718","Industry club","Internship Prep Bootcamp","19/02/2018","","O","X209","Finance Code Directory (2018-19","1035"
"2018-19","7718","Industry club","Internship Prep Bootcamp","43314","","O","X209","Finance Code Directory (2018-19","1036"
"2018-19","7717","Entrepreneurship Club","Speaker Events 2017/18","25/01/2018","30/06/2018","O","X121","Finance Code Directory (2018-19","1037"
"2018-19","7716","Women in Business","Early Careers in Private Equity","28/02/2018","","S","S198","Finance Code Directory (2018-19","1038"
"2018-19","7715","Photography Club","Photo competition Exhibit","43222","16/02/2018","S","S384","Finance Code Directory (2018-19","1039"
"2018-19","7714","Tech & Media Club","Project Blue: Space Exploration through partnership with NASA","26/01/2018","","O","X213","Finance Code Directory (2018-19","1040"
"2018-19","7713","Tech & Media Club","Visit to Data Science Ins (Imperial College)","30/11/2017","","O","X213","Finance Code Directory (2018-19","1041"
"2018-19","7712","Eastern Europe / CIS Club","Poland Trek 2018","19/04/2018","22/04/2018","O","X117","Finance Code Directory (2018-19","1042"
"2018-19","7711","Basketball Club","Ryan Schroeder basket ball courts","43101","30/03/2018","O","X107","Finance Code Directory (2018-19","1043"
"2018-19","7710","Entrepreneurship Club","Hackathon 2017/18","43345","43406","O","X121","Finance Code Directory (2018-19","1044"
"2018-19","7709","Eastern Europe / CIS Club","Poland Trek 2018 (use event code 7712)","","","","","Finance Code Directory (2018-19","1045"
"2018-19","7708","Hellenic club","Tattoo - Hellenic club participation","24/02/2018","","S","S266","Finance Code Directory (2018-19","1046"
"2018-19","7707","Russian Club","Moscow Trek 2018","43378","13/05/2018","O","X435","Finance Code Directory (2018-19","1047"
"2018-19","7706","Tech & Media Club","Cloud Computing with Microsoft, Rackspace & Cloudfare","22/01/2018","","O","X213","Finance Code Directory (2018-19","1048"
"2018-19","7705","Spanish Club","Tattoo 2018","24/02/2018","","S","S186","Finance Code Directory (2018-19","1049"
"2018-19","7703","Rugby Club (mens)","Long Tour","43347","16/04/2018","O","X177","Finance Code Directory (2018-19","1050"
"2018-19","7702","Expedition Club","Morocco Surfing Trek","43377","17/04/2018","O","X417","Finance Code Directory (2018-19","1051"
"2018-19","7701","TELL","TELL Speaker Series 2018","43101","29/06/2018","O","X463","Finance Code Directory (2018-19","1052"
"2018-19","7700","Brazil Club","Carnaval 2018","31/01/2018","","S","S290","Finance Code Directory (2018-19","1053"
"2018-19","7699","Tech & Media Club","Networking and drinks with 2018's in Tech","29/11/2017","","O","X213","Finance Code Directory (2018-19","1054"
"2018-19","7697","Middle Eastern Club","Lebanon & Jordan Trek 2018","28/05/2018","43226","O","X157","Finance Code Directory (2018-19","1055"
"2018-19","7696","Middle Eastern Club","Film Night","29/01/2018","","S","S156","Finance Code Directory (2018-19","1056"
"2018-19","7695","Eastern Europe / CIS Club","Transylvania Trek","26/04/2018","29/04/2018","O","X117","Finance Code Directory (2018-19","1057"
"2018-19","7694","Tech & Media Club","Google Intern Panel","42927","","O","X213","Finance Code Directory (2018-19","1058"
"2018-19","7693","Retail & Luxury Goods Club","LBS Retail & Luxury Industry Alumni Event","43133","","O","X325","Finance Code Directory (2018-19","1059"
"2018-19","7692","Film club","External screening Three Billboards Outside Ebbing, Missouri","14/01/2018","","O","X123","Finance Code Directory (2018-19","1060"
"2018-19","7691","Latin American club","Latin American Business Forum 2018","16/02/2018","","O","X151","Finance Code Directory (2018-19","1061"
"2018-19","7690","Women in Business","WIB ExCo Marketing Planning sessions","42741","30/05/2018","O","X199","Finance Code Directory (2018-19","1062"
"2018-19","7689","Hellenic club","Greek Trek 2018 add on","43106","43165","O","X267","Finance Code Directory (2018-19","1063"
"2018-19","7688","Energy Club","Sasja Beslik event","23/01/2018","","O","X119","Finance Code Directory (2018-19","1064"
"2018-19","7687","Real Estate Club","Financial Modeling cours","16/02/2018","","O","X171","Finance Code Directory (2018-19","1065"
"2018-19","7686","Basketball Club","Little Venice Feb 2018","43102","28/02/2018","O","X107","Finance Code Directory (2018-19","1066"
"2018-19","7685","Basketball Club","Club Gear (order no 1)","43101","","O","X107","Finance Code Directory (2018-19","1067"
"2018-19","7683","Marketing Club","Executive Committee Meeting","42927","","O","X155","Finance Code Directory (2018-19","1068"
"2018-19","7682","Australia New Zealand Club","ANZ Waitangi Day party 2018","43253","","S","S348","Finance Code Directory (2018-19","1069"
"2018-19","7681","MBAT 2018","MBAT 2018","43378","43439","O","X469","Finance Code Directory (2018-19","1070"
"2018-19","7680","Hellenic club","Greek Trek 2018","27/05/2018","43106","O","X267","Finance Code Directory (2018-19","1071"
"2018-19","7678","Foodie Club","Brunch at Modern Pantry","16/09/2017","","O","X459","Finance Code Directory (2018-19","1072"
"2018-19","7677","Israel Club","Exco team 2 meeting","43344","","O","X143","Finance Code Directory (2018-19","1073"
"2018-19","7676","Cycling Club","London to Paris Cycling trek","25/05/2018","28/05/2018","O","X351","Finance Code Directory (2018-19","1074"
"2018-19","7675","Private Equity Club","VC Speaker Series event (Jan/Feb)","24/01/2018","28/02/2018","O","X167","Finance Code Directory (2018-19","1075"
"2018-19","7674","Nordic Club","Northern Lights trek","43315","43407","O","X361","Finance Code Directory (2018-19","1076"
"2018-19","7673","Women in Business","Mastercard Information session","15/01/2018","","S","S198","Finance Code Directory (2018-19","1077"
"2018-19","7671","Health Care Club","J&J sponsorship","15/01/2018","","S","S109","Finance Code Directory (2018-19","1078"
"2018-19","7670","Consulting Club","LEK Life Science case workshop","28/11/2017","","O","X115","Finance Code Directory (2018-19","1079"
"2018-19","7669","Expedition Club","Husky Sledding Trek","15/03/2018","18/03/2018","O","X417","Finance Code Directory (2018-19","1080"
"2018-19","7668","Acting Club","Acting Classes Level 1 - AUT term 2017","43018","42867","O","X231","Finance Code Directory (2018-19","1081"
"2018-19","7667","Industry club","Industry Club Exco dinner","16/11/2017","","O","X209","Finance Code Directory (2018-19","1082"
"2018-19","7666","Industry club","Pepsico London Business School event","43313","","O","X209","Finance Code Directory (2018-19","1083"
"2018-19","7664","Finance Club","Wall Street Prep","42836","26/11/2017","O","X125","Finance Code Directory (2018-19","1084"
"2018-19","7663","Consulting Club","Crack a Case expenses","29/12/2017","","O","X115","Finance Code Directory (2018-19","1085"
"2018-19","7662","Summer Ball 2018","Summer Ball 2018","14/07/2018","14/07/2018","S","S468","Finance Code Directory (2018-19","1086"
"2018-19","7661","Volleyball Club","Practice sessions","30/09/2017","28/04/2018","O","X223","Finance Code Directory (2018-19","1087"
"2018-19","7660","Volleyball Club","Equipment hire","16/09/2017","","O","X223","Finance Code Directory (2018-19","1088"
"2018-19","7658","Africa Club","South Africa/Namibia Trek","14/04/2018","21/04/2018","O","X105","Finance Code Directory (2018-19","1089"
"2018-19","7657","Women in Business","WIB VC Breakfast","21/02/2018","","O","X199","Finance Code Directory (2018-19","1090"
"2018-19","7656","Basketball Club","2017 Gear Order 2","15/12/2017","","O","X107","Finance Code Directory (2018-19","1091"
"2018-19","7655","Tech & Media Club","Prodigy Finance - Networking event TMC","18/10/2017","","S","S212","Finance Code Directory (2018-19","1092"
"2018-19","7654","Middle Eastern Club","Platinum Sponsorship agreement","13/12/2017","","S","S156","Finance Code Directory (2018-19","1093"
"2018-19","7653","Investment Management Club","Fall Stock Pitch compertion LBS","42989","","O","X229","Finance Code Directory (2018-19","1094"
"2018-19","7652","Women in Business","Workshop hosted by Kate Atkin","43348","","O","X199","Finance Code Directory (2018-19","1095"
"2018-19","7651","Women in Business","Negotiation Masterclass","24/04/2018","","O","X199","Finance Code Directory (2018-19","1096"
"2018-19","7650","Women in Business","Presenting Yourself with Power & Status workshop","20/03/2018","","O","X199","Finance Code Directory (2018-19","1097"
"2018-19","7649","Women in Business","Building Resilience and Bouncing back workshop","27/02/2018","","O","X199","Finance Code Directory (2018-19","1098"
"2018-19","7648","Art Connection Club","AIC Conference","43105","","O","X269","Finance Code Directory (2018-19","1099"
"2018-19","7647","Italian Club","Italian Sundowner January 18","18/01/2018","","O","X145","Finance Code Directory (2018-19","1100"
"2018-19","7646","Responsible Business Club (Formally Net Impact)","Social Entreprise event","27/11/2017","","O","X159","Finance Code Directory (2018-19","1101"
"2018-19","7645","Football Club (Womens)","Uniforms 2017/18","42959","","S","S128","Finance Code Directory (2018-19","1102"
"2018-19","7643","Eastern Europe / CIS Club","Sundowners","16/11/2017","","O","X117","Finance Code Directory (2018-19","1103"
"2018-19","7642","Industry club","Coprorate Leadership club Pizza Dinner reimbursement","16/11/2017","","O","X209","Finance Code Directory (2018-19","1104"
"2018-19","7641","Italian Club","Italian Club social dinner","42897","","O","X145","Finance Code Directory (2018-19","1105"
"2018-19","7640","Dubai Chapter","LBS 11th Anniversary - Winter Gala Dinner","22/03/2018","","S","S442","Finance Code Directory (2018-19","1106"
"2018-19","7639","Portugal Club","Portugal Trek","43164","43256","O","X299","Finance Code Directory (2018-19","1107"
"2018-19","7638","Portugal Club","Portugal Club initial dinner","22/09/2018","","O","X299","Finance Code Directory (2018-19","1108"
"2018-19","7637","Rugby Club (Women)","Rugastic Weekend","24/11/2017","","O","X201","Finance Code Directory (2018-19","1109"
"2018-19","7636","Energy Club","GES - Return ATK banner","15/12/2017","","O","X119","Finance Code Directory (2018-19","1110"
"2018-19","7635","Football Club (Mens)","Post game pub refreshments 12/11/17","43192","","O","X127","Finance Code Directory (2018-19","1111"
"2018-19","7634","Basketball Club","Little Venice Jan18","43101","31/01/2018","O","X107","Finance Code Directory (2018-19","1112"
"2018-19","7633","Film club","External Screening - The Disaster Artist","42867","","O","X123","Finance Code Directory (2018-19","1113"
"2018-19","7632","Tech & Media Club","VR/AR Demo Day","18/01/2018","","O","X213","Finance Code Directory (2018-19","1114"
"2018-19","7631","Photography Club","Canon Sponsorship","17/11/2017","","S","S384","Finance Code Directory (2018-19","1115"
"2018-19","7630","Art Connection Club","Holiday House Visit","42747","","O","X269","Finance Code Directory (2018-19","1116"
"2018-19","7629","Family Business Club","FBC Confernece 2018","20/04/2018","","O","X307","Finance Code Directory (2018-19","1117"
"2018-19","7628","Nordic Club","Julbord (Christmas table)","23/11/2017","","O","X361","Finance Code Directory (2018-19","1118"
"2018-19","7627","Central","Summer Consulting Team Thank You Dinner","17/08/2017","","O","X101","Finance Code Directory (2018-19","1119"
"2018-19","7626","Latin American club","Latam Network Sessins 2017 - OPSO","42747","","S","S150","Finance Code Directory (2018-19","1120"
"2018-19","7625","Latin American club","Peru Trek","","","O","X151","Finance Code Directory (2018-19","1121"
"2018-19","7624","Family Business Club","Boomerang 2018","43222","","O","X307","Finance Code Directory (2018-19","1122"
"2018-19","7623","Energy Club","Cleantech challenge 2017","42867","","O","X119","Finance Code Directory (2018-19","1123"
"2018-19","7622","Central","SA Evening Gathering Fall 2017","15/11/2017","","O","X101","Finance Code Directory (2018-19","1124"
"2018-19","7621","Africa Club","Finance Treks (PE and IM)","29/11/2017","42898","O","X105","Finance Code Directory (2018-19","1125"
"2018-19","7620","Art Connection Club","Club ExCo Christmas Dinner","42867","","O","X269","Finance Code Directory (2018-19","1126"
"2018-19","7619","Tech & Media Club","McKinsey Digital - TMC","42776","","S","S212","Finance Code Directory (2018-19","1127"
"2018-19","7618","Rugby Club (Women)","Sponsorship payment from BCG","22/09/2017","31/05/2017","S","S200","Finance Code Directory (2018-19","1128"
"2018-19","7617","Out in Business Club (formerly GLN club)","Out in Business Connect Networking Event","42805","","O","X165","Finance Code Directory (2018-19","1129"
"2018-19","7616","Football Club (Mens)","Farewell 5-a-side to two legends","25/11/2017","","O","X127","Finance Code Directory (2018-19","1130"
"2018-19","7615","Women in Business","WIB Exco Christmas party 2017","42778","","O","X199","Finance Code Directory (2018-19","1131"
"2018-19","7614","Brazil Club","ExCo year-end meeting","30/11/2017","","O","X291","Finance Code Directory (2018-19","1132"
"2018-19","7613","Health Care Club","LBS Health Innovators & Startups Recruitment Evening","42837","","O","X109","Finance Code Directory (2018-19","1133"
"2018-19","7612","Consulting Club","Executive Committee Meeting","27/09/2017","","O","X115","Finance Code Directory (2018-19","1134"
"2018-19","7611","Consulting Club","Kick-Off Frinks of the Executive Committee","22/09/2017","","O","X115","Finance Code Directory (2018-19","1135"
"2018-19","7610","Consulting Club","MiM Awareness Session - Refreshments Reimbursement","21/09/2017","","O","X115","Finance Code Directory (2018-19","1136"
"2018-19","7609","Consulting Club","Dinner for Consulting Club Leadership Team","18/09/2017","","O","X115","Finance Code Directory (2018-19","1137"
"2018-19","7608","Energy Club","BEIS Networking Event (Sponsorship)","42837","","S","S118","Finance Code Directory (2018-19","1138"
"2018-19","7607","Football Club (Mens)","Post game pub refreshments 12/11/17","43080","","O","X127","Finance Code Directory (2018-19","1139"
"2018-19","7606","Football Club (Mens)","Club Kick Off 2017","42895","","O","X127","Finance Code Directory (2018-19","1140"
"2018-19","7605","Football Club (Mens)","Demons and Angels Autumn 2017 Social","42805","","O","X127","Finance Code Directory (2018-19","1141"
"2018-19","7604","Football Club (Mens)","Demons Olympics 2017","28/09/2017","","O","X127","Finance Code Directory (2018-19","1142"
"2018-19","7603","Consulting Club","Global Dinners","21/11/2017","22/12/2017","O","X115","Finance Code Directory (2018-19","1143"
"2018-19","7602","Private Equity Club","Fitch Learning Training","25/11/2017","","O","X167","Finance Code Directory (2018-19","1144"
"2018-19","7601","Private Equity Club","PE Leveraged Buy Outs training","18/11/2017","19/11/2017","O","X167","Finance Code Directory (2018-19","1145"
"2018-19","7600","Eastern Europe / CIS Club","Sundowners 2017/18","13/11/2017","31/12/2017","O","X117","Finance Code Directory (2018-19","1146"
"2018-19","7599","Private Equity Club","Warburg Pincus Corporate Presentation and Networking Drinks","29/11/2017","","O","X167","Finance Code Directory (2018-19","1147"
"2018-19","7598","Consulting Club","Digital Impact @BCG","42867","","O","X115","Finance Code Directory (2018-19","1148"
"2018-19","7597","Volunteer Club","Ghana Trek 2018","43285","15/04/2018","O","X355","Finance Code Directory (2018-19","1149"
"2018-19","7595","German Swiss Austrian Club","Swiss Fondue dinner","21/11/2017","","S","S132","Finance Code Directory (2018-19","1150"
"2018-19","7594","Entrepreneurship Club","Start up Boot Camp 2017/18","25/11/2017","","O","X121","Finance Code Directory (2018-19","1151"
"2018-19","7593","Consulting Club","Case Walk through with LEK Consulting","16/11/2017","","O","X115","Finance Code Directory (2018-19","1152"
"2018-19","7592","Consulting Club","AT Kearney Connect - MBA2019","42958","","O","X115","Finance Code Directory (2018-19","1153"
"2018-19","7591","Women in Business","Charity date Auction for Moember and Draw a Line","28/11/2017","","O","X199","Finance Code Directory (2018-19","1154"
"2018-19","7590","Foodie Club","Stealth Health : the food startups reinventing healthy eating","14/11/2017","","O","X459","Finance Code Directory (2018-19","1155"
"2018-19","7589","Foodie Club","Italian Supper club","42927","","O","X459","Finance Code Directory (2018-19","1156"
"2018-19","7587","Foodie Club","Sunday Brunch @ Lima Floral","22/10/2017","","O","X459","Finance Code Directory (2018-19","1157"
"2018-19","7586","Foodie Club","Roti chai Dinner","42988","","O","X459","Finance Code Directory (2018-19","1158"
"2018-19","7585","Foodie Club","Back to School dinner at Tapas Brindisa","25/08/2017","","O","X459","Finance Code Directory (2018-19","1159"
"2018-19","7584","Foodie Club","Foodie club dinner at Opso","42864","","O","X459","Finance Code Directory (2018-19","1160"
"2018-19","7583","Foodie Club","Foodie Club Brunch @ The Modern Pantry","16/09/2017","","O","X459","Finance Code Directory (2018-19","1161"
"2018-19","7582","Foodie Club","Dinner at Pergola Paddington rooftop bar","25/09/2017","","O","X459","Finance Code Directory (2018-19","1162"
"2018-19","7581","Volunteer Club","Community Toy Drive is Here!","42897","43020","O","X355","Finance Code Directory (2018-19","1163"
"2018-19","7579","Health Care Club","GS sponsorship 2017/18","21/11/2017","","S","S108","Finance Code Directory (2018-19","1164"
"2018-19","7577","Partners Club","Introduction to spoken Spanish","42835","42898","S","S162","Finance Code Directory (2018-19","1165"
"2018-19","7575","Tattoo 2018","see event 7387 above","","","","","Finance Code Directory (2018-19","1166"
"2018-19","7574","Rugby Club (Women)","Club Jersey and kits","20/11/2017","30/06/2018","S","S200","Finance Code Directory (2018-19","1167"
"2018-19","7573","Out in Business club (formerly GLN Club)","Malta Minister of Equality event","30/11/2017","","S","S164","Finance Code Directory (2018-19","1168"
"2018-19","7571","Rugby Club (Women)","Club jersey","20/11/2017","","S","S200","Finance Code Directory (2018-19","1169"
"2018-19","7571","Brazil Club","New banners","20/11/2017","","O","X291","Finance Code Directory (2018-19","1170"
"2018-19","7569","Tech & Media Club","Fintech speaker event","16/11/2017","","O","X213","Finance Code Directory (2018-19","1171"
"2018-19","7568","Tech & Media Club","TMC Teambuilding event","21/10/2017","","O","X213","Finance Code Directory (2018-19","1172"
"2018-19","7567","Energy club","Data Analytics for Energy Sector presentation by Kayrros","21/11/2017","","O","X119","Finance Code Directory (2018-19","1173"
"2018-19","7566","Energy Club","Discussion on UK Energy BEIS","29/11/2017","","O","X119","Finance Code Directory (2018-19","1174"
"2018-19","7565","Basketball Club","December courts","17/11/2017","28/12/2017","O","X107","Finance Code Directory (2018-19","1175"
"2018-19","7564","Entrepreneurship Club","Launchpad 2017/18","42898","25/03/2018","O","X121","Finance Code Directory (2018-19","1176"
"2018-19","7563","Snow Club","Snow Club Jackets","16/11/2017","","S","S184","Finance Code Directory (2018-19","1177"
"2018-19","7561","Marketing Club","Meet the Marketers 2017","22/11/2017","","O","X155","Finance Code Directory (2018-19","1178"
"2018-19","7560","Out in Business Club (formerly GLN club)","Welcome Events August - Oct","14/08/2017","29/09/2017","O","X165","Finance Code Directory (2018-19","1179"
"2018-19","7559","Private Equity Club","Nordic Private Equity Panel networking event","43283","","O","X167","Finance Code Directory (2018-19","1180"
"2018-19","7558","Tennis Club","November weekend social 7432","25/11/2017","","S","S220","Finance Code Directory (2018-19","1181"
"2018-19","7557","Brazil Club","Brazilian Dinner Experience 2017","21/11/2017","","O","X291","Finance Code Directory (2018-19","1182"
"2018-19","7556","Out in Business Club (formerly GLN club)","WIB/Out in Business Equality Ball","27/11/2017","","S","S164","Finance Code Directory (2018-19","1183"
"2018-19","7555","Out in Business Club (formerly GLN club)","Coming Out Week","43049","","O","X165","Finance Code Directory (2018-19","1184"
"2018-19","7554","Tennis Club","November weekend social 7431","25/11/2017","","S","S220","Finance Code Directory (2018-19","1185"
"2018-19","7553","Africa Club","LBS Africa Business Summit","43409","43439","O","X105","Finance Code Directory (2018-19","1186"
"2018-19","7552","Africa Club","Black History Month","22/11/2017","","S","S104","Finance Code Directory (2018-19","1187"
"2018-19","7551","India Club","Pinky Lilani Speaker event","42989","","O","X137","Finance Code Directory (2018-19","1188"
"2018-19","7550","Brazil Club","Brazil Trek (see above)","","","","","Finance Code Directory (2018-19","1189"
"2018-19","7548","Women in Business","WIB VC Panel Masterclass","15/11/2017","","O","X199","Finance Code Directory (2018-19","1190"
"2018-19","7539","Middle Eastern Club","Duba careers Trek 2017","22/10/2017","26/10/2017","O","X157","Finance Code Directory (2018-19","1191"
"2018-19","7538","Partners Club","Dinner - Iberica","30/11/2017","","O","X163","Finance Code Directory (2018-19","1192"
"2018-19","7537","Music Club","Beers and food for performance","14/11/2017","19/11/2017","O","X211","Finance Code Directory (2018-19","1193"
"2018-19","7536","Private Equity Club","New York Trek","24/10/2017","27/10/2017","O","X167","Finance Code Directory (2018-19","1194"
"2018-19","7535","Swimming Club","Coffe reception","16/11/2017","","O","X193","Finance Code Directory (2018-19","1195"
"2018-19","7534","Rugby Club (mens)","WCE Midlayer","42746","","O","X177","Finance Code Directory (2018-19","1196"
"2018-19","7533","Private Equity Club","BCG M&A Talk","27/11/2017","","O","X167","Finance Code Directory (2018-19","1197"
"2018-19","7531","Film club","Thor Ragnarok External screening","42866","","O","X123","Finance Code Directory (2018-19","1198"
"2018-19","7530","Investment Management Club","IMB Exco Meeting","43027","","O","X229","Finance Code Directory (2018-19","1199"
"2018-19","7529","North American Club","Thanksgiving dinner","23/11/2017","","S","S160","Finance Code Directory (2018-19","1200"
"2018-19","7528","Sundowners","Beer Supplier Expenses 2017/18","42777","","S","S444","Finance Code Directory (2018-19","1201"
"2018-19","7526","Sundowners","sponsorship 2017","19/10/2017","","S","S444","Finance Code Directory (2018-19","1202"
"2018-19","7525","Foodie Club","Cook for a Cause","42836","30/11/2017","O","X459","Finance Code Directory (2018-19","1203"
"2018-19","7524","Expedition Club","BMX Biking","19/11/2017","","S","S416","Finance Code Directory (2018-19","1204"
"2018-19","7523","Industry club","What is Series","22/11/2017","","O","X209","Finance Code Directory (2018-19","1205"
"2018-19","7523","Industry club","What is Series","42928","43283","O","X209","Finance Code Directory (2018-19","1206"
"2018-19","7522","Rugby Club (Women)","2017/18 membership","42742","30/11/2017","O","X201","Finance Code Directory (2018-19","1207"
"2018-19","7521","Women in Business","WIB Kick off meeting 2017","42895","","O","X199","Finance Code Directory (2018-19","1208"
"2018-19","7520","Snow Club","Snow Trek Committee kick off meeting","42896","","O","X185","Finance Code Directory (2018-19","1209"
"2018-19","7519","Football Club (Womens)","Football Leagues 2017/18","42927","31/07/2018","O","X129","Finance Code Directory (2018-19","1210"
"2018-19","7518","Japan Interest Club","Japanese Okonomiyaki party","28/11/2017","","S","S146","Finance Code Directory (2018-19","1211"
"2018-19","7517","Golf Club","Golf lessons","43019","","O","X135","Finance Code Directory (2018-19","1212"
"2018-19","7516","Israel Club","ExCo kick of meeting","42897","","O","X143","Finance Code Directory (2018-19","1213"
"2018-19","7514","Women in Business","WIB Acccenture sponsorship 2017/18","42743","30/06/2018","S","S198","Finance Code Directory (2018-19","1214"
"2018-19","7513","Women in Business","Women of the Future Awards 2017","15/11/2017","","O","X199","Finance Code Directory (2018-19","1215"
"2018-19","7512","Women in Business","WIB Community Lunches","42897","30/06/2018","O","X199","Finance Code Directory (2018-19","1216"
"2018-19","7511","Partners Club","Pub Night - November","42958","","O","X163","Finance Code Directory (2018-19","1217"
"2018-19","7510","TELL","TELL Go Daddy domain name 2017","42777","","O","X463","Finance Code Directory (2018-19","1218"
"2018-19","7509","TELL","2017/2018 IIE TELL sponsorship","15/08/2017","15/07/2018","S","S464","Finance Code Directory (2018-19","1219"
"2018-19","7508","TELL","2017/2018 Frog Capital sponsorship","15/08/2017","15/07/2018","S","S464","Finance Code Directory (2018-19","1220"
"2018-19","7507","Rugby Club (mens)","Short Tour","24/11/2017","26/11/2017","O","X177","Finance Code Directory (2018-19","1221"
"2018-19","7505","Chinese Interest Club","Wiselinx sponsorship","42746","43111","S","S270","Finance Code Directory (2018-19","1222"
"2018-19","7504","TELL","TELL clicker 2017","42746","","O","X463","Finance Code Directory (2018-19","1223"
"2018-19","7503","Japan Interest Club","Japan trip in 2018","43135","43316","O","X147","Finance Code Directory (2018-19","1224"
"2018-19","7502","Spanish Club","Spanish Sangria FIESTA","22/11/2017","","S","S186","Finance Code Directory (2018-19","1225"
"2018-19","7501","Sports Business Club","SBC 2017/18 committee meetings","42776","43111","O","X275","Finance Code Directory (2018-19","1226"
"2018-19","7500","Football Club (Mens)","2017 Bulgaria Trek","13/10/2017","15/10/2017","O","X127","Finance Code Directory (2018-19","1227"
"2018-19","7499","Football Club (Mens)","2017 Inter stream tournament","43019","42990","O","X127","Finance Code Directory (2018-19","1228"
"2018-19","7498","Art Connection Club","Basquiat : Boom for Real","43019","","O","X269","Finance Code Directory (2018-19","1229"
"2018-19","7497","Board Games Club","Social Poker event","43050","","S","S396","Finance Code Directory (2018-19","1230"
"2018-19","7496","Rugby Club (Women)","Whistles for kit","42896","","O","X201","Finance Code Directory (2018-19","1231"
"2018-19","7495","Rugby Club (Women)","club kick off event","26/09/2017","","O","X201","Finance Code Directory (2018-19","1232"
"2018-19","7494","Rugby Club (Women)","2nd year reunion/reconnect Champagne, shopping & Souvlaki!","42776","","O","X201","Finance Code Directory (2018-19","1233"
"2018-19","7493","Responsible Business Club (Formally Net Impact)","Membership fees 2017/18","22/10/2017","30/06/2018","O","X159","Finance Code Directory (2018-19","1234"
"2018-19","7492","Rugby Club (Women)","2017 Mentor kickoff at Swingers","30/10/2017","","O","X201","Finance Code Directory (2018-19","1235"
"2018-19","7491","Investment Management Club","Peeptrade competition 2017","42998","","O","X229","Finance Code Directory (2018-19","1236"
"2018-19","7490","Israel Club","Intro to London - Dan Ziv","42804","","O","X143","Finance Code Directory (2018-19","1237"
"2018-19","7489","Consulting Club","BCG Case Workshop","42747","","O","X115","Finance Code Directory (2018-19","1238"
"2018-19","7488","Consulting Club","Roland Berger Case Competition","13/11/2017","","O","X115","Finance Code Directory (2018-19","1239"
"2018-19","7487","Salsa Club","Salsa social events","42897","43106","S","S182","Finance Code Directory (2018-19","1240"
"2018-19","7486","Out in Business Club (formerly GLN club)","ROMBA 2017 Reimbursements","43049","","O","X165","Finance Code Directory (2018-19","1241"
"2018-19","7485","Middle Eastern Club","Guest speaker event - Abdulaziz Al Loughani","42805","","O","X157","Finance Code Directory (2018-19","1242"
"2018-19","7484","TELL","TELL Mailerlite Jun 17 - Oct 17","42741","18/10/2017","O","X463","Finance Code Directory (2018-19","1243"
"2018-19","7482","Chinese Interest Club","China Club Full Moon Dinner party","42776","","O","X271","Finance Code Directory (2018-19","1244"
"2018-19","7481","Women in Business","Adidas #heretocreate Information session","43050","","O","X199","Finance Code Directory (2018-19","1245"
"2018-19","7480","Consulting Club","Coffee chats with Infosys","16/10/2017","","O","X115","Finance Code Directory (2018-19","1246"
"2018-19","7479","Portugal Club","Portuguese Wine Tasting","42927","","S","S298","Finance Code Directory (2018-19","1247"
"2018-19","7478","Africa Club","European Network of Africa Business Clubs Forum London","24/11/2017","25/11/2017","O","X105","Finance Code Directory (2018-19","1248"
"2018-19","7476","Football Club (Mens)","MBA Consulting Tournament 2017","42866","","O","S126","Finance Code Directory (2018-19","1249"
"2018-19","7475","Football Club (Mens)","Prodigy sponsorship 2017/18","25/09/2017","13/07/2018","S","S126","Finance Code Directory (2018-19","1250"
"2018-19","7474","Film club","External Screening The Death of Stalin","23/10/2017","","O","X123","Finance Code Directory (2018-19","1251"
"2018-19","7473","Women in Business","AT Kearney Brunch","42805","","O","X199","Finance Code Directory (2018-19","1252"
"2018-19","7472","Women in Business","WIB Consulting panel","42777","","O","X199","Finance Code Directory (2018-19","1253"
"2018-19","7471","Industry club","ExCo Team Kickoff lunch","43079","","O","X209","Finance Code Directory (2018-19","1254"
"2018-19","7469","Private Equity Club","Linklaterrs PE documentation series","30/10/2017","42897","O","X167","Finance Code Directory (2018-19","1255"
"2018-19","7468","Football Club (Mens)","Committee dinner","19/10/2017","","O","X127","Finance Code Directory (2018-19","1256"
"2018-19","7467","India Club","2017-18 Ex-Co kick off","42957","","O","X137","Finance Code Directory (2018-19","1257"
"2018-19","7466","Industry club","CLC's Beers with Peers","42958","","S","S208","Finance Code Directory (2018-19","1258"
"2018-19","7465","Consulting Club","Bain : What is Digital?","42927","","O","X115","Finance Code Directory (2018-19","1259"
"2018-19","7464","Impact Consulting Club","2017/2017 ICC sponsorship","42744","43109","S","S386","Finance Code Directory (2018-19","1260"
"2018-19","7463","Impact Consulting Club","2017/18 ICC Board meetings","42744","43109","O","X387","Finance Code Directory (2018-19","1261"
"2018-19","7462","Impact Consulting Club","2017/2018 ICC Project Trainings","43049","","O","X387","Finance Code Directory (2018-19","1262"
"2018-19","7461","Impact Consulting Club","2017/18 Impactathon","18/11/2017","19/11/2017","S","S386","Finance Code Directory (2018-19","1263"
"2018-19","7460","Expedition Club","2017-18 misc expenses","42776","43141","O","X417","Finance Code Directory (2018-19","1264"
"2018-19","7459","Basketball Club","November 2017 court costs","42746","30/11/2017","O","X107","Finance Code Directory (2018-19","1265"
"2018-19","7458","Industry club","An evening with Tony Whitehorn, Hyandai UK CEO","42897","","O","X209","Finance Code Directory (2018-19","1266"
"2018-19","7457","Art Connection Club","Private Collection veiwing","42865","","O","X269","Finance Code Directory (2018-19","1267"
"2018-19","7456","Chinese Interest Club","Hong Kong Asset Management Trek","23/10/2017","27/10/2017","O","X271","Finance Code Directory (2018-19","1268"
"2018-19","7455","Investment Management Club","CarVal Investors November 2017","42958","","O","X229","Finance Code Directory (2018-19","1269"
"2018-19","7452","Industry club","MetLife sponsorship 2017/18","42745","30/06/2018","S","S208","Finance Code Directory (2018-19","1270"
"2018-19","7451","Industry club","MetLife Coffee Chats","19/10/2017","","O","X209","Finance Code Directory (2018-19","1271"
"2018-19","7450","Private Equity Club","RSM Competition","17/11/2017","18/11/2017","O","X167","Finance Code Directory (2018-19","1272"
"2018-19","7449","Salsa Club","Kick off event 2017","43049","","O","X183","Finance Code Directory (2018-19","1273"
"2018-19","7448","Rugby Club (Women)","Fall 2017 Pitch rental/reservations","42744","30/12/2017","O","X201","Finance Code Directory (2018-19","1274"
"2018-19","7447","Rugby Club (Women)","Windsor Cup Oct 7 2017","42926","","O","X201","Finance Code Directory (2018-19","1275"
"2018-19","7446","Snow Club","Snow Trek committee kick off dinner","16/10/2017","","O","X185","Finance Code Directory (2018-19","1276"
"2018-19","7445","Wine & Cheese","W&S Exo Welcome dinner","13/10/2017","","O","X225","Finance Code Directory (2018-19","1277"
"2018-19","7444","Snow Club","Snow Trek 2017","43020","16/12/2017","O","X185","Finance Code Directory (2018-19","1278"
"2018-19","7443","Rugby Club (mens)","Pub Golf 2017 DUPLICATE USE EVENT CODE 7409","18/10/2017","","","S176","Finance Code Directory (2018-19","1279"
"2018-19","7442","Women in Business","Bain & Co - Bain Brad Accelerator","17/10/2017","","S","S198","Finance Code Directory (2018-19","1280"
"2018-19","7441","Women in Business","Living your Passions with McKinsey","43079","","S","S198","Finance Code Directory (2018-19","1281"
"2018-19","7440","Chinese Interest Club","China Club committee kick off","14/10/2017","","O","X271","Finance Code Directory (2018-19","1282"
"2018-19","7439","Women in Business","UN Charity Ball Co-Host","27/11/2017","","O","X199","Finance Code Directory (2018-19","1283"
"2018-19","7438","German Swiss Austrian Club","GSA kick off Sept 17","20/09/2017","","O","X133","Finance Code Directory (2018-19","1284"
"2018-19","7437","North American Club","LBS Halloween party","42777","","S","S160","Finance Code Directory (2018-19","1285"
"2018-19","7435","Private Equity Club","Octopus Venture Capital 101speaker event","29/09/2017","","O","X167","Finance Code Directory (2018-19","1286"
"2018-19","7433","Private Equity Club","Bain & company presentation","42746","","O","X167","Finance Code Directory (2018-19","1287"
"2018-19","7432","Private Equity Club","Hermes Private Equity Event","43049","","O","X167","Finance Code Directory (2018-19","1288"
"2018-19","7431","Private Equity Club","PEVC club committee kick off","43049","","O","X167","Finance Code Directory (2018-19","1289"
"2018-19","7430","Tennis Club","Coaching:Training","42776","42865","O","X221","Finance Code Directory (2018-19","1290"
"2018-19","7428","Rugby Club (mens)","Santa Pub Crawl","17/11/2017","","O","X177","Finance Code Directory (2018-19","1291"
"2018-19","7427","Italian Club","Italian Aperitivo at Pizza Rossa","19/10/2017","","S","S144","Finance Code Directory (2018-19","1292"
"2018-19","7426","North American Club","Internal Networking","42804","","O","X161","Finance Code Directory (2018-19","1293"
"2018-19","7425","Investment Management Club","Fall Stock Pitch Comptetion 2017","42989","","O","X229","Finance Code Directory (2018-19","1294"
"2018-19","7424","Salsa Club","Salsa Club MBAR and year end celebration","22/08/2017","","O","X183","Finance Code Directory (2018-19","1295"
"2018-19","7423","Central","LBS Management fee 2016/17","42377","31/07/2017","O","X101","Finance Code Directory (2018-19","1296"
"2018-19","7422","Real Estate Club","Colony Event","43018","","O","X171","Finance Code Directory (2018-19","1297"
"2018-19","7420","Investment Management Club","AQR Capital Mgmt Prsentation","42958","","S","S228","Finance Code Directory (2018-19","1298"
"2018-19","7419","Women in Business","Accenture Breakfast","43018","","S","S198","Finance Code Directory (2018-19","1299"
"2018-19","7418","Tech & Media Club","Prodigy Finance - Prodjuct Management Event 2017","18/10/2017","","O","X213","Finance Code Directory (2018-19","1300"
"2018-19","7417","Tech & Media Club","McKinsey Digital Trends Event 2017","42776","","O","X213","Finance Code Directory (2018-19","1301"
"2018-19","7416","Chinese Interest Club","ProdIgy Finance sponsorship","42865","","S","S270","Finance Code Directory (2018-19","1302"
"2018-19","7415","Chinese Interest Club","Accenture Strategy on campus brunch and coffee chat","20/09/2017","","S","S270","Finance Code Directory (2018-19","1303"
"2018-19","7414","Chinese Interest Club","Link china Sponsorship","42865","43230","S","S270","Finance Code Directory (2018-19","1304"
"2018-19","7413","TELL","2017 blue host paymant","19/09/2017","","O","X463","Finance Code Directory (2018-19","1305"
"2018-19","7412","Energy Club","Global Energy Summit 2017/18","42865","","O","X119","Finance Code Directory (2018-19","1306"
"2018-19","7411","Consulting Club","Web hosting 2017","42835","42896","O","X115","Finance Code Directory (2018-19","1307"
"2018-19","7410","Latin American club","Welcome Latams 2019 event","42925","","O","X151","Finance Code Directory (2018-19","1308"
"2018-19","7409","Rugby Club (mens)","Pub Golf 2017","18/10/2017","","","S176","Finance Code Directory (2018-19","1309"
"2018-19","7408","Portugal Club","Internal recruitment events","42835","31/12/2017","O","X299","Finance Code Directory (2018-19","1310"
"2018-19","7407","Business & Government club","Houses of Parliament trek","42864","","O","X249","Finance Code Directory (2018-19","1311"
"2018-19","7406","Football Club (Mens)","FBB Events (Football Beyond Borders)","42743","31/07/2018","O","X127","Finance Code Directory (2018-19","1312"
"2018-19","7405","Football Club (Mens)","Equipment and referees 2017/18","42743","31/07/2018","O","X127","Finance Code Directory (2018-19","1313"
"2018-19","7404","Africa Club","Africa club networking events","43018","30/06/2018","S","S104","Finance Code Directory (2018-19","1314"
"2018-19","7403","Finance Club","Kick off 2017/18","42776","","O","X125","Finance Code Directory (2018-19","1315"
"2018-19","7402","Brazil Club","LATAM & Brazil club drinks","42925","","O","X291","Finance Code Directory (2018-19","1316"
"2018-19","7401","Energy Club","An eventing with Shell VP","42804","","O","X119","Finance Code Directory (2018-19","1317"
"2018-19","7400","Basketball Club","City sport courts - Fall 2017","42745","31/12/2017","O","X107","Finance Code Directory (2018-19","1318"
"2018-19","7399","Women in Business","Demystifying Finance 2017","28/09/2017","","O","X199","Finance Code Directory (2018-19","1319"
"2018-19","7398","TELL","Tell term 1 2017 speaker events","28/09/2017","15/12/2017","O","X463","Finance Code Directory (2018-19","1320"
"2018-19","7397","Out in Business Club (formerly GLN club)","duplicatae Eurout 2017 - use code 7253","","","","","Finance Code Directory (2018-19","1321"
"2018-19","7396","Football Club (Mens)","this event not recorded - need new form for every event","","","","","Finance Code Directory (2018-19","1322"
"2018-19","7395","Basketball Club","2018 kickoff event","19/09/2017","","O","X107","Finance Code Directory (2018-19","1323"
"2018-19","7394","Wine & Cheese","Champagne tasting Finest Fizz October 3","42804","","S","S224","Finance Code Directory (2018-19","1324"
"2018-19","7393","Golf Club","Golf lessons","29/09/2017","","O","X135","Finance Code Directory (2018-19","1325"
"2018-19","7391","Rugby Club (mens)","Insurance for Rugby","42801","29/06/2018","O","X177","Finance Code Directory (2018-19","1326"
"2018-19","7390","Military in Business Club","Military to McKinsey","28/09/2017","","S","S362","Finance Code Directory (2018-19","1327"
"2018-19","7389","Latin American Club","Latam party 2017","43079","","S","S150","Finance Code Directory (2018-19","1328"
"2018-19","7388","Military in Business Club","MiBC Alternative Finance panel","42776","","O","X363","Finance Code Directory (2018-19","1329"
"2018-19","7387","Tattoo 2018","Tattoo 2018","24/02/2018","","S","S462","Finance Code Directory (2018-19","1330"
"2018-19","7386","Latin American Club","Speakers 2017","26/09/2017","","O","X151","Finance Code Directory (2018-19","1331"
"2018-19","7385","Consulting Club","2017 Roland Berger competition","27/09/2017","","O","X115","Finance Code Directory (2018-19","1332"
"2018-19","7384","Consulting Club","2017 Consulting Club LEK company presentation","25/09/2017","","O","X115","Finance Code Directory (2018-19","1333"
"2018-19","7383","Women in Business","Pinky Lalini presentation","19/09/2017","","O","X199","Finance Code Directory (2018-19","1334"
"2018-19","7382","Portugal Club","Back to School party","28/09/2017","","S","S298","Finance Code Directory (2018-19","1335"
"2018-19","7381","Football Club (Mens)","Kits and clothes 2017/18","42744","31/07/2018","S","S126","Finance Code Directory (2018-19","1336"
"2018-19","7380","Badminton club","Weekly practice session 2017/18","24/09/2017","24/12/2017","O","X207","Finance Code Directory (2018-19","1337"
"2018-19","7379","Rugby Club (mens)","Membership fees 2017/18","18/09/2017","","O","X177","Finance Code Directory (2018-19","1338"
"2018-19","7378","Italian Club","Intalian club kick off","19/09/2017","","O","X145","Finance Code Directory (2018-19","1339"
"2018-19","7377","Chinese Interest Club","Speaker events 2017","19/09/2017","29/09/2017","S","S270","Finance Code Directory (2018-19","1340"
"2018-19","7376","Badminton club","Weekly practice session 2016/17","42739","43160","O","X207","Finance Code Directory (2018-19","1341"
"2018-19","7373","Women in Business","Onboarding new ExCo members","43048","","O","X199","Finance Code Directory (2018-19","1342"
"2018-19","7372","Sundowners","Catering/food 2017/18","21/09/2017","31/08/2018","O","X443","Finance Code Directory (2018-19","1343"
"2018-19","7371","Rugby Club (mens)","Lot 2017/18","13/09/2017","","O","X177","Finance Code Directory (2018-19","1344"
"2018-19","7370","Australia New Zealand Club","Treak to New Zealand","18/02/2018","43162","O","X349","Finance Code Directory (2018-19","1345"
"2018-19","7369","India Club","India club kick off","19/09/2017","","O","X137","Finance Code Directory (2018-19","1346"
"2018-19","7365","Korea Club","Welcome dinner","25/08/2017","","S","S148","Finance Code Directory (2018-19","1347"
"2018-19","7364","India Club","ProdIgy Finance sponsorship","43078","","S","S136","Finance Code Directory (2018-19","1348"
"2018-19","7363","Chinese Interest Club","China club kick off","42895","42925","O","X271","Finance Code Directory (2018-19","1349"
"2018-19","7362","Basketball Club","October Litte Venice Court fees","42745","31/10/2017","O","X107","Finance Code Directory (2018-19","1350"
"2018-19","7361","Wine & Cheese","Welcome event","20/09/2017","","O","X225","Finance Code Directory (2018-19","1351"
"2018-19","7360","Brazil Club","Sponsorship Prodigy 2017/18","42744","31/08/2018","S","S290","Finance Code Directory (2018-19","1352"
"2018-19","7359","India Club","Diwali 2017","42836","","S","S136","Finance Code Directory (2018-19","1353"
"2018-19","7358","Sailing club","LBS Sailing club 17/18 season welcome event","22/08/2017","","O","X181","Finance Code Directory (2018-19","1354"
"2018-19","7357","Film club","Manhattan Short Film Festival 2017","30/09/2017","","S","S122","Finance Code Directory (2018-19","1355"
"2018-19","7356","Central","Back to School event","43047","","O","X101","Finance Code Directory (2018-19","1356"
"2018-19","7355","Africa Club","Africa club website","42742","30/06/2018","O","X105","Finance Code Directory (2018-19","1357"
"2018-19","7354","Real Estate Club","Real Estate Kick off","43078","","O","X171","Finance Code Directory (2018-19","1358"
"2018-19","7353","Latin American Club","Latin American Career Fair 2017","43050","43080","S","S150","Finance Code Directory (2018-19","1359"
"2018-19","7352","Tech & Media Club","LBA/Google event for Sandeep","31/08/2017","","O","X213","Finance Code Directory (2018-19","1360"
"2018-19","7351","Partners Club","Resume workshop","43078","","S","S162","Finance Code Directory (2018-19","1361"
"2018-19","7350","Consulting Club","Kick off event 2017","42834","","O","X115","Finance Code Directory (2018-19","1362"
"2018-19","7349","Salsa Club","Salsa classes","18/09/2017","43196","O","X183","Finance Code Directory (2018-19","1363"
"2018-19","7348","Japan Interest Club","MBA 2019 welcome BBQ","24/08/2017","","O","X147","Finance Code Directory (2018-19","1364"
"2018-19","7347","Africa Club","Africa Club social events","42743","30/06/2018","O","X105","Finance Code Directory (2018-19","1365"
"2018-19","7346","Industry club","Corporate Leadership club Kickoff","42864","","O","X209","Finance Code Directory (2018-19","1366"
"2018-19","7345","Consulting Club","Accenture networking 2017","42925","42956","O","X115","Finance Code Directory (2018-19","1367"
"2018-19","7344","Women in Business","WIB Conference  2018","43346","43346","O","X199","Finance Code Directory (2018-19","1368"
"2018-19","7343","Central","SA Misc expenses 17/18","42742","43107","O","X101","Finance Code Directory (2018-19","1369"
"2018-19","7342","Central","2017 Graduation Watches","42740","31/08/2017","S","S100","Finance Code Directory (2018-19","1370"
"2018-19","7340","Basketball Club","Sept 2017 Little Venice Courts","42744","30/09/2017","O","X107","Finance Code Directory (2018-19","1371"
"2018-19","7339","Women in Business","WIB BBQ","42775","","O","X199","Finance Code Directory (2018-19","1372"
"2018-19","7338","Photography Club","Kick off meeting","29/08/2017","","O","X385","Finance Code Directory (2018-19","1373"
"2018-19","7334","Football Club (Mens)","Pitches 2017/18","42743","31/07/2018","O","X127","Finance Code Directory (2018-19","1374"
"2018-19","7333","Consulting Club","Crack a Case payments 2017-18","42833","29/09/2017","O","X115","Finance Code Directory (2018-19","1375"
"2018-19","7331","Consulting Club","Bain Answers First","13/11/2017","14/11/2017","O","X115","Finance Code Directory (2018-19","1376"
"2018-19","7330","Consulting Club","GEP Networking 2017","42897","42927","O","X115","Finance Code Directory (2018-19","1377"
"2018-19","7329","Consulting Club","ATK Digital Transformation","27/09/2017","28/09/2017","O","X115","Finance Code Directory (2018-19","1378"
"2018-19","7328","Consulting Club","Bain Firm of the future","20/09/2017","21/09/2017","O","X115","Finance Code Directory (2018-19","1379"
"2018-19","7327","Consulting Club","OC&C Networking 2017","19/09/2017","20/09/2017","O","X115","Finance Code Directory (2018-19","1380"
"2018-19","7326","Consulting Club","Intro Bain 2017","14/09/2017","15/09/2017","O","X115","Finance Code Directory (2018-19","1381"
"2018-19","7325","Consulting Club","Intro ATK 2017","13/09/2017","14/09/2017","O","X115","Finance Code Directory (2018-19","1382"
"2018-19","7323","Investment Management Club","AQR Capital Mgmt Prsentation","42927","","O","X229","Finance Code Directory (2018-19","1383"
"2018-19","7322","Entrepreneurship Club","TELL Series Talks term 12017","42956","25/12/2017","O","X121","Finance Code Directory (2018-19","1384"
"2018-19","7320","Entrepreneurship Club","Entrepreneurship Open House","43048","43048","O","X121","Finance Code Directory (2018-19","1385"
"2018-19","7319","Basketball Club","City Sport Courts through Sept 2017","42744","30/09/2017","O","X107","Finance Code Directory (2018-19","1386"
"2018-19","7314","Basketball Club","Little Venice August 2017","42743","31/08/2017","O","X107","Finance Code Directory (2018-19","1387"
"2018-19","7306","Basketball Club","Little Venice August 2017","42743","31/08/2017","O","X107","Finance Code Directory (2018-19","1388"
"2018-19","7280","Sundowners","Sundowners Security costs 2017","20/04/2017","28/04/2017","S","S444","Finance Code Directory (2018-19","1389"
"2018-19","7279","Sundowners","General expenses 2017","15/05/2017","31/08/2017","S","S444","Finance Code Directory (2018-19","1390"
"2018-19","7253","Out in Business Club (formerly GLN club)","Eurout 2017","17/11/2017","19/11/2017","O","X165","Finance Code Directory (2018-19","1391"
"2018-19","7238","Acting Club","Improv Class","22/03/2017","24/03/2017","O","X231","Finance Code Directory (2018-19","1392"
"2018-19","7237","Central","Bain Award 7250","","31/12/2017","O","X101","Finance Code Directory (2018-19","1393"
"2018-19","7234","Africa Club","Madagascar Trek","42775","13/09/2017","O","X105","Finance Code Directory (2018-19","1394"
"2018-19","7225","Rugby Club (mens)","Pitch booking 17/18","17/05/2017","16/05/2018","O","X177","Finance Code Directory (2018-19","1395"
"2018-19","7184","Partners Club","Christmas Party 2017","42990","","O","X163","Finance Code Directory (2018-19","1396"
"2018-19","7182","Tennis Club","Iterstream tennis tourn 2017","42798","43135","O","X221","Finance Code Directory (2018-19","1397"
"2018-19","7161","Football Club (Mens)","Football Beyond Borders  2016/17","42736","14/08/2017","O","X127","Finance Code Directory (2018-19","1398"
"2018-19","7148","Tennis Club","2","42859","30/11/2017","O","X221","Finance Code Directory (2018-19","1399"
"2018-19","7111","Basketball Club","Little Venice 2017 court fees (April - December)","42739","31/12/2017","O","X107","Finance Code Directory (2018-19","1400"
"2018-19","7097","Eastern Europe / CIS Club","Balkan Trek 2017","43011","29/09/2017","O","X117","Finance Code Directory (2018-19","1401"
"2018-19","6996","Women in Business","GSK sponsorship","42980","31/12/2017","S","S198","Finance Code Directory (2018-19","1402"
